ARM GAS  C:\Users\FASCIN~1\AppData\Local\Temp\ccNBUjvk.s 			page 1


   1              		.cpu cortex-m3
   2              		.arch armv7-m
   3              		.fpu softvfp
   4              		.eabi_attribute 20, 1
   5              		.eabi_attribute 21, 1
   6              		.eabi_attribute 23, 3
   7              		.eabi_attribute 24, 1
   8              		.eabi_attribute 25, 1
   9              		.eabi_attribute 26, 1
  10              		.eabi_attribute 30, 1
  11              		.eabi_attribute 34, 1
  12              		.eabi_attribute 18, 4
  13              		.file	"inv_mpu.c"
  14              		.text
  15              	.Ltext0:
  16              		.cfi_sections	.debug_frame
  17              		.file 1 "Modules/mpu6050/inv_mpu.c"
  18              		.global	__aeabi_fmul
  19              		.section	.text.get_accel_prod_shift,"ax",%progbits
  20              		.align	1
  21              		.syntax unified
  22              		.thumb
  23              		.thumb_func
  25              	get_accel_prod_shift:
  26              	.LVL0:
  27              	.LFB100:
   1:Modules/mpu6050/inv_mpu.c **** /*
   2:Modules/mpu6050/inv_mpu.c ****  $License:
   3:Modules/mpu6050/inv_mpu.c ****     Copyright (C) 2011-2012 InvenSense Corporation, All Rights Reserved.
   4:Modules/mpu6050/inv_mpu.c ****     See included License.txt for License information.
   5:Modules/mpu6050/inv_mpu.c ****  $
   6:Modules/mpu6050/inv_mpu.c ****  */
   7:Modules/mpu6050/inv_mpu.c **** /**
   8:Modules/mpu6050/inv_mpu.c ****  *  @addtogroup  DRIVERS Sensor Driver Layer
   9:Modules/mpu6050/inv_mpu.c ****  *  @brief       Hardware drivers to communicate with sensors via I2C.
  10:Modules/mpu6050/inv_mpu.c ****  *
  11:Modules/mpu6050/inv_mpu.c ****  *  @{
  12:Modules/mpu6050/inv_mpu.c ****  *      @file       inv_mpu.c
  13:Modules/mpu6050/inv_mpu.c ****  *      @brief      An I2C-based driver for Invensense gyroscopes.
  14:Modules/mpu6050/inv_mpu.c ****  *      @details    This driver currently works for the following devices:
  15:Modules/mpu6050/inv_mpu.c ****  *                  MPU6050
  16:Modules/mpu6050/inv_mpu.c ****  *                  MPU6500
  17:Modules/mpu6050/inv_mpu.c ****  *                  MPU9150 (or MPU6050 w/ AK8975 on the auxiliary bus)
  18:Modules/mpu6050/inv_mpu.c ****  *                  MPU9250 (or MPU6500 w/ AK8963 on the auxiliary bus)
  19:Modules/mpu6050/inv_mpu.c ****  */
  20:Modules/mpu6050/inv_mpu.c **** #include <stdio.h>
  21:Modules/mpu6050/inv_mpu.c **** #include <stdint.h>
  22:Modules/mpu6050/inv_mpu.c **** #include <stdlib.h>
  23:Modules/mpu6050/inv_mpu.c **** #include <string.h>
  24:Modules/mpu6050/inv_mpu.c **** #include <math.h>
  25:Modules/mpu6050/inv_mpu.c **** #include "inv_mpu.h"
  26:Modules/mpu6050/inv_mpu.c **** #include "inv_mpu_dmp_motion_driver.h"
  27:Modules/mpu6050/inv_mpu.c **** #include "mpu6050.h"
  28:Modules/mpu6050/inv_mpu.c **** // #include "usart.h"
  29:Modules/mpu6050/inv_mpu.c **** 
  30:Modules/mpu6050/inv_mpu.c **** 
  31:Modules/mpu6050/inv_mpu.c **** #define MPU6050							//定义我们使用的传感器为MPU6050
ARM GAS  C:\Users\FASCIN~1\AppData\Local\Temp\ccNBUjvk.s 			page 2


  32:Modules/mpu6050/inv_mpu.c **** #define MOTION_DRIVER_TARGET_MSP430		//定义驱动部分,采用MSP430的驱动(移植到STM32F1)
  33:Modules/mpu6050/inv_mpu.c **** 
  34:Modules/mpu6050/inv_mpu.c **** /* The following functions must be defined for this platform:
  35:Modules/mpu6050/inv_mpu.c ****  * i2c_write(unsigned char slave_addr, unsigned char reg_addr,
  36:Modules/mpu6050/inv_mpu.c ****  *      unsigned char length, unsigned char const *data)
  37:Modules/mpu6050/inv_mpu.c ****  * i2c_read(unsigned char slave_addr, unsigned char reg_addr,
  38:Modules/mpu6050/inv_mpu.c ****  *      unsigned char length, unsigned char *data)
  39:Modules/mpu6050/inv_mpu.c ****  * delay_ms(unsigned long num_ms)
  40:Modules/mpu6050/inv_mpu.c ****  * get_ms(unsigned long *count)
  41:Modules/mpu6050/inv_mpu.c ****  * reg_int_cb(void (*cb)(void), unsigned char port, unsigned char pin)
  42:Modules/mpu6050/inv_mpu.c ****  * labs(long x)
  43:Modules/mpu6050/inv_mpu.c ****  * fabsf(float x)
  44:Modules/mpu6050/inv_mpu.c ****  * min(int a, int b)
  45:Modules/mpu6050/inv_mpu.c ****  */
  46:Modules/mpu6050/inv_mpu.c **** #if defined MOTION_DRIVER_TARGET_MSP430
  47:Modules/mpu6050/inv_mpu.c **** //#include "msp430.h"
  48:Modules/mpu6050/inv_mpu.c **** //#include "msp430_i2c.h"
  49:Modules/mpu6050/inv_mpu.c **** //#include "msp430_clock.h"
  50:Modules/mpu6050/inv_mpu.c **** //#include "msp430_interrupt.h"
  51:Modules/mpu6050/inv_mpu.c **** 
  52:Modules/mpu6050/inv_mpu.c **** #define i2c_write   MPU_Write_Len
  53:Modules/mpu6050/inv_mpu.c **** #define i2c_read    MPU_Read_Len
  54:Modules/mpu6050/inv_mpu.c **** //#define delay_ms    delay_ms
  55:Modules/mpu6050/inv_mpu.c **** #define get_ms      mget_ms
  56:Modules/mpu6050/inv_mpu.c **** //static inline int reg_int_cb(struct int_param_s *int_param)
  57:Modules/mpu6050/inv_mpu.c **** //{
  58:Modules/mpu6050/inv_mpu.c **** //    return msp430_reg_int_cb(int_param->cb, int_param->pin, int_param->lp_exit,
  59:Modules/mpu6050/inv_mpu.c **** //        int_param->active_low);
  60:Modules/mpu6050/inv_mpu.c **** //}
  61:Modules/mpu6050/inv_mpu.c **** #define log_i		printf	//打印信息
  62:Modules/mpu6050/inv_mpu.c **** #define log_e		printf	//打印信息
  63:Modules/mpu6050/inv_mpu.c **** /* labs is already defined by TI's toolchain. */
  64:Modules/mpu6050/inv_mpu.c **** /* fabs is for doubles. fabsf is for floats. */
  65:Modules/mpu6050/inv_mpu.c **** #define fabs        fabsf
  66:Modules/mpu6050/inv_mpu.c **** #define min(a,b) ((a<b)?a:b)
  67:Modules/mpu6050/inv_mpu.c **** #elif defined EMPL_TARGET_MSP430
  68:Modules/mpu6050/inv_mpu.c **** #include "msp430.h"
  69:Modules/mpu6050/inv_mpu.c **** #include "msp430_i2c.h"
  70:Modules/mpu6050/inv_mpu.c **** #include "msp430_clock.h"
  71:Modules/mpu6050/inv_mpu.c **** #include "msp430_interrupt.h"
  72:Modules/mpu6050/inv_mpu.c **** #include "log.h"
  73:Modules/mpu6050/inv_mpu.c **** #define i2c_write   msp430_i2c_write
  74:Modules/mpu6050/inv_mpu.c **** #define i2c_read    msp430_i2c_read
  75:Modules/mpu6050/inv_mpu.c **** #define delay_ms    msp430_delay_ms
  76:Modules/mpu6050/inv_mpu.c **** #define get_ms      msp430_get_clock_ms
  77:Modules/mpu6050/inv_mpu.c **** static inline int reg_int_cb(struct int_param_s *int_param)
  78:Modules/mpu6050/inv_mpu.c **** {
  79:Modules/mpu6050/inv_mpu.c ****     return msp430_reg_int_cb(int_param->cb, int_param->pin, int_param->lp_exit,
  80:Modules/mpu6050/inv_mpu.c ****                              int_param->active_low);
  81:Modules/mpu6050/inv_mpu.c **** }
  82:Modules/mpu6050/inv_mpu.c **** #define log_i       MPL_LOGI
  83:Modules/mpu6050/inv_mpu.c **** #define log_e       MPL_LOGE
  84:Modules/mpu6050/inv_mpu.c **** /* labs is already defined by TI's toolchain. */
  85:Modules/mpu6050/inv_mpu.c **** /* fabs is for doubles. fabsf is for floats. */
  86:Modules/mpu6050/inv_mpu.c **** #define fabs        fabsf
  87:Modules/mpu6050/inv_mpu.c **** #define min(a,b) ((a<b)?a:b)
  88:Modules/mpu6050/inv_mpu.c **** #elif defined EMPL_TARGET_UC3L0
ARM GAS  C:\Users\FASCIN~1\AppData\Local\Temp\ccNBUjvk.s 			page 3


  89:Modules/mpu6050/inv_mpu.c **** /* Instead of using the standard TWI driver from the ASF library, we're using
  90:Modules/mpu6050/inv_mpu.c ****  * a TWI driver that follows the slave address + register address convention.
  91:Modules/mpu6050/inv_mpu.c ****  */
  92:Modules/mpu6050/inv_mpu.c **** #include "twi.h"
  93:Modules/mpu6050/inv_mpu.c **** #include "delay.h"
  94:Modules/mpu6050/inv_mpu.c **** #include "sysclk.h"
  95:Modules/mpu6050/inv_mpu.c **** #include "log.h"
  96:Modules/mpu6050/inv_mpu.c **** #include "sensors_xplained.h"
  97:Modules/mpu6050/inv_mpu.c **** #include "uc3l0_clock.h"
  98:Modules/mpu6050/inv_mpu.c **** #define i2c_write(a, b, c, d)   twi_write(a, b, d, c)
  99:Modules/mpu6050/inv_mpu.c **** #define i2c_read(a, b, c, d)    twi_read(a, b, d, c)
 100:Modules/mpu6050/inv_mpu.c **** /* delay_ms is a function already defined in ASF. */
 101:Modules/mpu6050/inv_mpu.c **** #define get_ms  uc3l0_get_clock_ms
 102:Modules/mpu6050/inv_mpu.c **** static inline int reg_int_cb(struct int_param_s *int_param)
 103:Modules/mpu6050/inv_mpu.c **** {
 104:Modules/mpu6050/inv_mpu.c ****     sensor_board_irq_connect(int_param->pin, int_param->cb, int_param->arg);
 105:Modules/mpu6050/inv_mpu.c ****     return 0;
 106:Modules/mpu6050/inv_mpu.c **** }
 107:Modules/mpu6050/inv_mpu.c **** #define log_i       MPL_LOGI
 108:Modules/mpu6050/inv_mpu.c **** #define log_e       MPL_LOGE
 109:Modules/mpu6050/inv_mpu.c **** /* UC3 is a 32-bit processor, so abs and labs are equivalent. */
 110:Modules/mpu6050/inv_mpu.c **** #define labs        abs
 111:Modules/mpu6050/inv_mpu.c **** #define fabs(x)     (((x)>0)?(x):-(x))
 112:Modules/mpu6050/inv_mpu.c **** #else
 113:Modules/mpu6050/inv_mpu.c **** #error  Gyro driver is missing the system layer implementations.
 114:Modules/mpu6050/inv_mpu.c **** #endif
 115:Modules/mpu6050/inv_mpu.c **** 
 116:Modules/mpu6050/inv_mpu.c **** #if !defined MPU6050 && !defined MPU9150 && !defined MPU6500 && !defined MPU9250
 117:Modules/mpu6050/inv_mpu.c **** #error  Which gyro are you using? Define MPUxxxx in your compiler options.
 118:Modules/mpu6050/inv_mpu.c **** #endif
 119:Modules/mpu6050/inv_mpu.c **** 
 120:Modules/mpu6050/inv_mpu.c **** /* Time for some messy macro work. =]
 121:Modules/mpu6050/inv_mpu.c ****  * #define MPU9150
 122:Modules/mpu6050/inv_mpu.c ****  * is equivalent to..
 123:Modules/mpu6050/inv_mpu.c ****  * #define MPU6050
 124:Modules/mpu6050/inv_mpu.c ****  * #define AK8975_SECONDARY
 125:Modules/mpu6050/inv_mpu.c ****  *
 126:Modules/mpu6050/inv_mpu.c ****  * #define MPU9250
 127:Modules/mpu6050/inv_mpu.c ****  * is equivalent to..
 128:Modules/mpu6050/inv_mpu.c ****  * #define MPU6500
 129:Modules/mpu6050/inv_mpu.c ****  * #define AK8963_SECONDARY
 130:Modules/mpu6050/inv_mpu.c ****  */
 131:Modules/mpu6050/inv_mpu.c **** #if defined MPU9150
 132:Modules/mpu6050/inv_mpu.c **** #ifndef MPU6050
 133:Modules/mpu6050/inv_mpu.c **** #define MPU6050
 134:Modules/mpu6050/inv_mpu.c **** #endif                          /* #ifndef MPU6050 */
 135:Modules/mpu6050/inv_mpu.c **** #if defined AK8963_SECONDARY
 136:Modules/mpu6050/inv_mpu.c **** #error "MPU9150 and AK8963_SECONDARY cannot both be defined."
 137:Modules/mpu6050/inv_mpu.c **** #elif !defined AK8975_SECONDARY /* #if defined AK8963_SECONDARY */
 138:Modules/mpu6050/inv_mpu.c **** #define AK8975_SECONDARY
 139:Modules/mpu6050/inv_mpu.c **** #endif                          /* #if defined AK8963_SECONDARY */
 140:Modules/mpu6050/inv_mpu.c **** #elif defined MPU9250           /* #if defined MPU9150 */
 141:Modules/mpu6050/inv_mpu.c **** #ifndef MPU6500
 142:Modules/mpu6050/inv_mpu.c **** #define MPU6500
 143:Modules/mpu6050/inv_mpu.c **** #endif                          /* #ifndef MPU6500 */
 144:Modules/mpu6050/inv_mpu.c **** #if defined AK8975_SECONDARY
 145:Modules/mpu6050/inv_mpu.c **** #error "MPU9250 and AK8975_SECONDARY cannot both be defined."
ARM GAS  C:\Users\FASCIN~1\AppData\Local\Temp\ccNBUjvk.s 			page 4


 146:Modules/mpu6050/inv_mpu.c **** #elif !defined AK8963_SECONDARY /* #if defined AK8975_SECONDARY */
 147:Modules/mpu6050/inv_mpu.c **** #define AK8963_SECONDARY
 148:Modules/mpu6050/inv_mpu.c **** #endif                          /* #if defined AK8975_SECONDARY */
 149:Modules/mpu6050/inv_mpu.c **** #endif                          /* #if defined MPU9150 */
 150:Modules/mpu6050/inv_mpu.c **** 
 151:Modules/mpu6050/inv_mpu.c **** #if defined AK8975_SECONDARY || defined AK8963_SECONDARY
 152:Modules/mpu6050/inv_mpu.c **** #define AK89xx_SECONDARY
 153:Modules/mpu6050/inv_mpu.c **** #else
 154:Modules/mpu6050/inv_mpu.c **** /* #warning "No compass = less profit for Invensense. Lame." */
 155:Modules/mpu6050/inv_mpu.c **** #endif
 156:Modules/mpu6050/inv_mpu.c **** 
 157:Modules/mpu6050/inv_mpu.c **** static int set_int_enable(unsigned char enable);
 158:Modules/mpu6050/inv_mpu.c **** 
 159:Modules/mpu6050/inv_mpu.c **** /* Hardware registers needed by driver. */
 160:Modules/mpu6050/inv_mpu.c **** struct gyro_reg_s {
 161:Modules/mpu6050/inv_mpu.c ****     unsigned char who_am_i;
 162:Modules/mpu6050/inv_mpu.c ****     unsigned char rate_div;
 163:Modules/mpu6050/inv_mpu.c ****     unsigned char lpf;
 164:Modules/mpu6050/inv_mpu.c ****     unsigned char prod_id;
 165:Modules/mpu6050/inv_mpu.c ****     unsigned char user_ctrl;
 166:Modules/mpu6050/inv_mpu.c ****     unsigned char fifo_en;
 167:Modules/mpu6050/inv_mpu.c ****     unsigned char gyro_cfg;
 168:Modules/mpu6050/inv_mpu.c ****     unsigned char accel_cfg;
 169:Modules/mpu6050/inv_mpu.c **** //    unsigned char accel_cfg2;
 170:Modules/mpu6050/inv_mpu.c **** //    unsigned char lp_accel_odr;
 171:Modules/mpu6050/inv_mpu.c ****     unsigned char motion_thr;
 172:Modules/mpu6050/inv_mpu.c ****     unsigned char motion_dur;
 173:Modules/mpu6050/inv_mpu.c ****     unsigned char fifo_count_h;
 174:Modules/mpu6050/inv_mpu.c ****     unsigned char fifo_r_w;
 175:Modules/mpu6050/inv_mpu.c ****     unsigned char raw_gyro;
 176:Modules/mpu6050/inv_mpu.c ****     unsigned char raw_accel;
 177:Modules/mpu6050/inv_mpu.c ****     unsigned char temp;
 178:Modules/mpu6050/inv_mpu.c ****     unsigned char int_enable;
 179:Modules/mpu6050/inv_mpu.c ****     unsigned char dmp_int_status;
 180:Modules/mpu6050/inv_mpu.c ****     unsigned char int_status;
 181:Modules/mpu6050/inv_mpu.c **** //    unsigned char accel_intel;
 182:Modules/mpu6050/inv_mpu.c ****     unsigned char pwr_mgmt_1;
 183:Modules/mpu6050/inv_mpu.c ****     unsigned char pwr_mgmt_2;
 184:Modules/mpu6050/inv_mpu.c ****     unsigned char int_pin_cfg;
 185:Modules/mpu6050/inv_mpu.c ****     unsigned char mem_r_w;
 186:Modules/mpu6050/inv_mpu.c ****     unsigned char accel_offs;
 187:Modules/mpu6050/inv_mpu.c ****     unsigned char i2c_mst;
 188:Modules/mpu6050/inv_mpu.c ****     unsigned char bank_sel;
 189:Modules/mpu6050/inv_mpu.c ****     unsigned char mem_start_addr;
 190:Modules/mpu6050/inv_mpu.c ****     unsigned char prgm_start_h;
 191:Modules/mpu6050/inv_mpu.c **** #if defined AK89xx_SECONDARY
 192:Modules/mpu6050/inv_mpu.c ****     unsigned char s0_addr;
 193:Modules/mpu6050/inv_mpu.c ****     unsigned char s0_reg;
 194:Modules/mpu6050/inv_mpu.c ****     unsigned char s0_ctrl;
 195:Modules/mpu6050/inv_mpu.c ****     unsigned char s1_addr;
 196:Modules/mpu6050/inv_mpu.c ****     unsigned char s1_reg;
 197:Modules/mpu6050/inv_mpu.c ****     unsigned char s1_ctrl;
 198:Modules/mpu6050/inv_mpu.c ****     unsigned char s4_ctrl;
 199:Modules/mpu6050/inv_mpu.c ****     unsigned char s0_do;
 200:Modules/mpu6050/inv_mpu.c ****     unsigned char s1_do;
 201:Modules/mpu6050/inv_mpu.c ****     unsigned char i2c_delay_ctrl;
 202:Modules/mpu6050/inv_mpu.c ****     unsigned char raw_compass;
ARM GAS  C:\Users\FASCIN~1\AppData\Local\Temp\ccNBUjvk.s 			page 5


 203:Modules/mpu6050/inv_mpu.c ****     /* The I2C_MST_VDDIO bit is in this register. */
 204:Modules/mpu6050/inv_mpu.c ****     unsigned char yg_offs_tc;
 205:Modules/mpu6050/inv_mpu.c **** #endif
 206:Modules/mpu6050/inv_mpu.c **** };
 207:Modules/mpu6050/inv_mpu.c **** 
 208:Modules/mpu6050/inv_mpu.c **** /* Information specific to a particular device. */
 209:Modules/mpu6050/inv_mpu.c **** struct hw_s {
 210:Modules/mpu6050/inv_mpu.c ****     unsigned char addr;
 211:Modules/mpu6050/inv_mpu.c ****     unsigned short max_fifo;
 212:Modules/mpu6050/inv_mpu.c ****     unsigned char num_reg;
 213:Modules/mpu6050/inv_mpu.c ****     unsigned short temp_sens;
 214:Modules/mpu6050/inv_mpu.c ****     short temp_offset;
 215:Modules/mpu6050/inv_mpu.c ****     unsigned short bank_size;
 216:Modules/mpu6050/inv_mpu.c **** #if defined AK89xx_SECONDARY
 217:Modules/mpu6050/inv_mpu.c ****     unsigned short compass_fsr;
 218:Modules/mpu6050/inv_mpu.c **** #endif
 219:Modules/mpu6050/inv_mpu.c **** };
 220:Modules/mpu6050/inv_mpu.c **** 
 221:Modules/mpu6050/inv_mpu.c **** /* When entering motion interrupt mode, the driver keeps track of the
 222:Modules/mpu6050/inv_mpu.c ****  * previous state so that it can be restored at a later time.
 223:Modules/mpu6050/inv_mpu.c ****  * TODO: This is tacky. Fix it.
 224:Modules/mpu6050/inv_mpu.c ****  */
 225:Modules/mpu6050/inv_mpu.c **** struct motion_int_cache_s {
 226:Modules/mpu6050/inv_mpu.c ****     unsigned short gyro_fsr;
 227:Modules/mpu6050/inv_mpu.c ****     unsigned char accel_fsr;
 228:Modules/mpu6050/inv_mpu.c ****     unsigned short lpf;
 229:Modules/mpu6050/inv_mpu.c ****     unsigned short sample_rate;
 230:Modules/mpu6050/inv_mpu.c ****     unsigned char sensors_on;
 231:Modules/mpu6050/inv_mpu.c ****     unsigned char fifo_sensors;
 232:Modules/mpu6050/inv_mpu.c ****     unsigned char dmp_on;
 233:Modules/mpu6050/inv_mpu.c **** };
 234:Modules/mpu6050/inv_mpu.c **** 
 235:Modules/mpu6050/inv_mpu.c **** /* Cached chip configuration data.
 236:Modules/mpu6050/inv_mpu.c ****  * TODO: A lot of these can be handled with a bitmask.
 237:Modules/mpu6050/inv_mpu.c ****  */
 238:Modules/mpu6050/inv_mpu.c **** struct chip_cfg_s {
 239:Modules/mpu6050/inv_mpu.c ****     /* Matches gyro_cfg >> 3 & 0x03 */
 240:Modules/mpu6050/inv_mpu.c ****     unsigned char gyro_fsr;
 241:Modules/mpu6050/inv_mpu.c ****     /* Matches accel_cfg >> 3 & 0x03 */
 242:Modules/mpu6050/inv_mpu.c ****     unsigned char accel_fsr;
 243:Modules/mpu6050/inv_mpu.c ****     /* Enabled sensors. Uses same masks as fifo_en, NOT pwr_mgmt_2. */
 244:Modules/mpu6050/inv_mpu.c ****     unsigned char sensors;
 245:Modules/mpu6050/inv_mpu.c ****     /* Matches config register. */
 246:Modules/mpu6050/inv_mpu.c ****     unsigned char lpf;
 247:Modules/mpu6050/inv_mpu.c ****     unsigned char clk_src;
 248:Modules/mpu6050/inv_mpu.c ****     /* Sample rate, NOT rate divider. */
 249:Modules/mpu6050/inv_mpu.c ****     unsigned short sample_rate;
 250:Modules/mpu6050/inv_mpu.c ****     /* Matches fifo_en register. */
 251:Modules/mpu6050/inv_mpu.c ****     unsigned char fifo_enable;
 252:Modules/mpu6050/inv_mpu.c ****     /* Matches int enable register. */
 253:Modules/mpu6050/inv_mpu.c ****     unsigned char int_enable;
 254:Modules/mpu6050/inv_mpu.c ****     /* 1 if devices on auxiliary I2C bus appear on the primary. */
 255:Modules/mpu6050/inv_mpu.c ****     unsigned char bypass_mode;
 256:Modules/mpu6050/inv_mpu.c ****     /* 1 if half-sensitivity.
 257:Modules/mpu6050/inv_mpu.c ****      * NOTE: This doesn't belong here, but everything else in hw_s is const,
 258:Modules/mpu6050/inv_mpu.c ****      * and this allows us to save some precious RAM.
 259:Modules/mpu6050/inv_mpu.c ****      */
ARM GAS  C:\Users\FASCIN~1\AppData\Local\Temp\ccNBUjvk.s 			page 6


 260:Modules/mpu6050/inv_mpu.c ****     unsigned char accel_half;
 261:Modules/mpu6050/inv_mpu.c ****     /* 1 if device in low-power accel-only mode. */
 262:Modules/mpu6050/inv_mpu.c ****     unsigned char lp_accel_mode;
 263:Modules/mpu6050/inv_mpu.c ****     /* 1 if interrupts are only triggered on motion events. */
 264:Modules/mpu6050/inv_mpu.c ****     unsigned char int_motion_only;
 265:Modules/mpu6050/inv_mpu.c ****     struct motion_int_cache_s cache;
 266:Modules/mpu6050/inv_mpu.c ****     /* 1 for active low interrupts. */
 267:Modules/mpu6050/inv_mpu.c ****     unsigned char active_low_int;
 268:Modules/mpu6050/inv_mpu.c ****     /* 1 for latched interrupts. */
 269:Modules/mpu6050/inv_mpu.c ****     unsigned char latched_int;
 270:Modules/mpu6050/inv_mpu.c ****     /* 1 if DMP is enabled. */
 271:Modules/mpu6050/inv_mpu.c ****     unsigned char dmp_on;
 272:Modules/mpu6050/inv_mpu.c ****     /* Ensures that DMP will only be loaded once. */
 273:Modules/mpu6050/inv_mpu.c ****     unsigned char dmp_loaded;
 274:Modules/mpu6050/inv_mpu.c ****     /* Sampling rate used when DMP is enabled. */
 275:Modules/mpu6050/inv_mpu.c ****     unsigned short dmp_sample_rate;
 276:Modules/mpu6050/inv_mpu.c **** #ifdef AK89xx_SECONDARY
 277:Modules/mpu6050/inv_mpu.c ****     /* Compass sample rate. */
 278:Modules/mpu6050/inv_mpu.c ****     unsigned short compass_sample_rate;
 279:Modules/mpu6050/inv_mpu.c ****     unsigned char compass_addr;
 280:Modules/mpu6050/inv_mpu.c ****     short mag_sens_adj[3];
 281:Modules/mpu6050/inv_mpu.c **** #endif
 282:Modules/mpu6050/inv_mpu.c **** };
 283:Modules/mpu6050/inv_mpu.c **** 
 284:Modules/mpu6050/inv_mpu.c **** /* Information for self-test. */
 285:Modules/mpu6050/inv_mpu.c **** struct test_s {
 286:Modules/mpu6050/inv_mpu.c ****     unsigned long gyro_sens;
 287:Modules/mpu6050/inv_mpu.c ****     unsigned long accel_sens;
 288:Modules/mpu6050/inv_mpu.c ****     unsigned char reg_rate_div;
 289:Modules/mpu6050/inv_mpu.c ****     unsigned char reg_lpf;
 290:Modules/mpu6050/inv_mpu.c ****     unsigned char reg_gyro_fsr;
 291:Modules/mpu6050/inv_mpu.c ****     unsigned char reg_accel_fsr;
 292:Modules/mpu6050/inv_mpu.c ****     unsigned short wait_ms;
 293:Modules/mpu6050/inv_mpu.c ****     unsigned char packet_thresh;
 294:Modules/mpu6050/inv_mpu.c ****     float min_dps;
 295:Modules/mpu6050/inv_mpu.c ****     float max_dps;
 296:Modules/mpu6050/inv_mpu.c ****     float max_gyro_var;
 297:Modules/mpu6050/inv_mpu.c ****     float min_g;
 298:Modules/mpu6050/inv_mpu.c ****     float max_g;
 299:Modules/mpu6050/inv_mpu.c ****     float max_accel_var;
 300:Modules/mpu6050/inv_mpu.c **** };
 301:Modules/mpu6050/inv_mpu.c **** 
 302:Modules/mpu6050/inv_mpu.c **** /* Gyro driver state variables. */
 303:Modules/mpu6050/inv_mpu.c **** struct gyro_state_s {
 304:Modules/mpu6050/inv_mpu.c ****     const struct gyro_reg_s *reg;
 305:Modules/mpu6050/inv_mpu.c ****     const struct hw_s *hw;
 306:Modules/mpu6050/inv_mpu.c ****     struct chip_cfg_s chip_cfg;
 307:Modules/mpu6050/inv_mpu.c ****     const struct test_s *test;
 308:Modules/mpu6050/inv_mpu.c **** };
 309:Modules/mpu6050/inv_mpu.c **** 
 310:Modules/mpu6050/inv_mpu.c **** /* Filter configurations. */
 311:Modules/mpu6050/inv_mpu.c **** enum lpf_e {
 312:Modules/mpu6050/inv_mpu.c ****     INV_FILTER_256HZ_NOLPF2 = 0,
 313:Modules/mpu6050/inv_mpu.c ****     INV_FILTER_188HZ,
 314:Modules/mpu6050/inv_mpu.c ****     INV_FILTER_98HZ,
 315:Modules/mpu6050/inv_mpu.c ****     INV_FILTER_42HZ,
 316:Modules/mpu6050/inv_mpu.c ****     INV_FILTER_20HZ,
ARM GAS  C:\Users\FASCIN~1\AppData\Local\Temp\ccNBUjvk.s 			page 7


 317:Modules/mpu6050/inv_mpu.c ****     INV_FILTER_10HZ,
 318:Modules/mpu6050/inv_mpu.c ****     INV_FILTER_5HZ,
 319:Modules/mpu6050/inv_mpu.c ****     INV_FILTER_2100HZ_NOLPF,
 320:Modules/mpu6050/inv_mpu.c ****     NUM_FILTER
 321:Modules/mpu6050/inv_mpu.c **** };
 322:Modules/mpu6050/inv_mpu.c **** 
 323:Modules/mpu6050/inv_mpu.c **** /* Full scale ranges. */
 324:Modules/mpu6050/inv_mpu.c **** enum gyro_fsr_e {
 325:Modules/mpu6050/inv_mpu.c ****     INV_FSR_250DPS = 0,
 326:Modules/mpu6050/inv_mpu.c ****     INV_FSR_500DPS,
 327:Modules/mpu6050/inv_mpu.c ****     INV_FSR_1000DPS,
 328:Modules/mpu6050/inv_mpu.c ****     INV_FSR_2000DPS,
 329:Modules/mpu6050/inv_mpu.c ****     NUM_GYRO_FSR
 330:Modules/mpu6050/inv_mpu.c **** };
 331:Modules/mpu6050/inv_mpu.c **** 
 332:Modules/mpu6050/inv_mpu.c **** /* Full scale ranges. */
 333:Modules/mpu6050/inv_mpu.c **** enum accel_fsr_e {
 334:Modules/mpu6050/inv_mpu.c ****     INV_FSR_2G = 0,
 335:Modules/mpu6050/inv_mpu.c ****     INV_FSR_4G,
 336:Modules/mpu6050/inv_mpu.c ****     INV_FSR_8G,
 337:Modules/mpu6050/inv_mpu.c ****     INV_FSR_16G,
 338:Modules/mpu6050/inv_mpu.c ****     NUM_ACCEL_FSR
 339:Modules/mpu6050/inv_mpu.c **** };
 340:Modules/mpu6050/inv_mpu.c **** 
 341:Modules/mpu6050/inv_mpu.c **** /* Clock sources. */
 342:Modules/mpu6050/inv_mpu.c **** enum clock_sel_e {
 343:Modules/mpu6050/inv_mpu.c ****     INV_CLK_INTERNAL = 0,
 344:Modules/mpu6050/inv_mpu.c ****     INV_CLK_PLL,
 345:Modules/mpu6050/inv_mpu.c ****     NUM_CLK
 346:Modules/mpu6050/inv_mpu.c **** };
 347:Modules/mpu6050/inv_mpu.c **** 
 348:Modules/mpu6050/inv_mpu.c **** /* Low-power accel wakeup rates. */
 349:Modules/mpu6050/inv_mpu.c **** enum lp_accel_rate_e {
 350:Modules/mpu6050/inv_mpu.c **** #if defined MPU6050
 351:Modules/mpu6050/inv_mpu.c ****     INV_LPA_1_25HZ,
 352:Modules/mpu6050/inv_mpu.c ****     INV_LPA_5HZ,
 353:Modules/mpu6050/inv_mpu.c ****     INV_LPA_20HZ,
 354:Modules/mpu6050/inv_mpu.c ****     INV_LPA_40HZ
 355:Modules/mpu6050/inv_mpu.c **** #elif defined MPU6500
 356:Modules/mpu6050/inv_mpu.c ****     INV_LPA_0_3125HZ,
 357:Modules/mpu6050/inv_mpu.c ****     INV_LPA_0_625HZ,
 358:Modules/mpu6050/inv_mpu.c ****     INV_LPA_1_25HZ,
 359:Modules/mpu6050/inv_mpu.c ****     INV_LPA_2_5HZ,
 360:Modules/mpu6050/inv_mpu.c ****     INV_LPA_5HZ,
 361:Modules/mpu6050/inv_mpu.c ****     INV_LPA_10HZ,
 362:Modules/mpu6050/inv_mpu.c ****     INV_LPA_20HZ,
 363:Modules/mpu6050/inv_mpu.c ****     INV_LPA_40HZ,
 364:Modules/mpu6050/inv_mpu.c ****     INV_LPA_80HZ,
 365:Modules/mpu6050/inv_mpu.c ****     INV_LPA_160HZ,
 366:Modules/mpu6050/inv_mpu.c ****     INV_LPA_320HZ,
 367:Modules/mpu6050/inv_mpu.c ****     INV_LPA_640HZ
 368:Modules/mpu6050/inv_mpu.c **** #endif
 369:Modules/mpu6050/inv_mpu.c **** };
 370:Modules/mpu6050/inv_mpu.c **** 
 371:Modules/mpu6050/inv_mpu.c **** #define BIT_I2C_MST_VDDIO   (0x80)
 372:Modules/mpu6050/inv_mpu.c **** #define BIT_FIFO_EN         (0x40)
 373:Modules/mpu6050/inv_mpu.c **** #define BIT_DMP_EN          (0x80)
ARM GAS  C:\Users\FASCIN~1\AppData\Local\Temp\ccNBUjvk.s 			page 8


 374:Modules/mpu6050/inv_mpu.c **** #define BIT_FIFO_RST        (0x04)
 375:Modules/mpu6050/inv_mpu.c **** #define BIT_DMP_RST         (0x08)
 376:Modules/mpu6050/inv_mpu.c **** #define BIT_FIFO_OVERFLOW   (0x10)
 377:Modules/mpu6050/inv_mpu.c **** #define BIT_DATA_RDY_EN     (0x01)
 378:Modules/mpu6050/inv_mpu.c **** #define BIT_DMP_INT_EN      (0x02)
 379:Modules/mpu6050/inv_mpu.c **** #define BIT_MOT_INT_EN      (0x40)
 380:Modules/mpu6050/inv_mpu.c **** #define BITS_FSR            (0x18)
 381:Modules/mpu6050/inv_mpu.c **** #define BITS_LPF            (0x07)
 382:Modules/mpu6050/inv_mpu.c **** #define BITS_HPF            (0x07)
 383:Modules/mpu6050/inv_mpu.c **** #define BITS_CLK            (0x07)
 384:Modules/mpu6050/inv_mpu.c **** #define BIT_FIFO_SIZE_1024  (0x40)
 385:Modules/mpu6050/inv_mpu.c **** #define BIT_FIFO_SIZE_2048  (0x80)
 386:Modules/mpu6050/inv_mpu.c **** #define BIT_FIFO_SIZE_4096  (0xC0)
 387:Modules/mpu6050/inv_mpu.c **** #define BIT_RESET           (0x80)
 388:Modules/mpu6050/inv_mpu.c **** #define BIT_SLEEP           (0x40)
 389:Modules/mpu6050/inv_mpu.c **** #define BIT_S0_DELAY_EN     (0x01)
 390:Modules/mpu6050/inv_mpu.c **** #define BIT_S2_DELAY_EN     (0x04)
 391:Modules/mpu6050/inv_mpu.c **** #define BITS_SLAVE_LENGTH   (0x0F)
 392:Modules/mpu6050/inv_mpu.c **** #define BIT_SLAVE_BYTE_SW   (0x40)
 393:Modules/mpu6050/inv_mpu.c **** #define BIT_SLAVE_GROUP     (0x10)
 394:Modules/mpu6050/inv_mpu.c **** #define BIT_SLAVE_EN        (0x80)
 395:Modules/mpu6050/inv_mpu.c **** #define BIT_I2C_READ        (0x80)
 396:Modules/mpu6050/inv_mpu.c **** #define BITS_I2C_MASTER_DLY (0x1F)
 397:Modules/mpu6050/inv_mpu.c **** #define BIT_AUX_IF_EN       (0x20)
 398:Modules/mpu6050/inv_mpu.c **** #define BIT_ACTL            (0x80)
 399:Modules/mpu6050/inv_mpu.c **** #define BIT_LATCH_EN        (0x20)
 400:Modules/mpu6050/inv_mpu.c **** #define BIT_ANY_RD_CLR      (0x10)
 401:Modules/mpu6050/inv_mpu.c **** #define BIT_BYPASS_EN       (0x02)
 402:Modules/mpu6050/inv_mpu.c **** #define BITS_WOM_EN         (0xC0)
 403:Modules/mpu6050/inv_mpu.c **** #define BIT_LPA_CYCLE       (0x20)
 404:Modules/mpu6050/inv_mpu.c **** #define BIT_STBY_XA         (0x20)
 405:Modules/mpu6050/inv_mpu.c **** #define BIT_STBY_YA         (0x10)
 406:Modules/mpu6050/inv_mpu.c **** #define BIT_STBY_ZA         (0x08)
 407:Modules/mpu6050/inv_mpu.c **** #define BIT_STBY_XG         (0x04)
 408:Modules/mpu6050/inv_mpu.c **** #define BIT_STBY_YG         (0x02)
 409:Modules/mpu6050/inv_mpu.c **** #define BIT_STBY_ZG         (0x01)
 410:Modules/mpu6050/inv_mpu.c **** #define BIT_STBY_XYZA       (BIT_STBY_XA | BIT_STBY_YA | BIT_STBY_ZA)
 411:Modules/mpu6050/inv_mpu.c **** #define BIT_STBY_XYZG       (BIT_STBY_XG | BIT_STBY_YG | BIT_STBY_ZG)
 412:Modules/mpu6050/inv_mpu.c **** 
 413:Modules/mpu6050/inv_mpu.c **** #if defined AK8975_SECONDARY
 414:Modules/mpu6050/inv_mpu.c **** #define SUPPORTS_AK89xx_HIGH_SENS   (0x00)
 415:Modules/mpu6050/inv_mpu.c **** #define AK89xx_FSR                  (9830)
 416:Modules/mpu6050/inv_mpu.c **** #elif defined AK8963_SECONDARY
 417:Modules/mpu6050/inv_mpu.c **** #define SUPPORTS_AK89xx_HIGH_SENS   (0x10)
 418:Modules/mpu6050/inv_mpu.c **** #define AK89xx_FSR                  (4915)
 419:Modules/mpu6050/inv_mpu.c **** #endif
 420:Modules/mpu6050/inv_mpu.c **** 
 421:Modules/mpu6050/inv_mpu.c **** #ifdef AK89xx_SECONDARY
 422:Modules/mpu6050/inv_mpu.c **** #define AKM_REG_WHOAMI      (0x00)
 423:Modules/mpu6050/inv_mpu.c **** 
 424:Modules/mpu6050/inv_mpu.c **** #define AKM_REG_ST1         (0x02)
 425:Modules/mpu6050/inv_mpu.c **** #define AKM_REG_HXL         (0x03)
 426:Modules/mpu6050/inv_mpu.c **** #define AKM_REG_ST2         (0x09)
 427:Modules/mpu6050/inv_mpu.c **** 
 428:Modules/mpu6050/inv_mpu.c **** #define AKM_REG_CNTL        (0x0A)
 429:Modules/mpu6050/inv_mpu.c **** #define AKM_REG_ASTC        (0x0C)
 430:Modules/mpu6050/inv_mpu.c **** #define AKM_REG_ASAX        (0x10)
ARM GAS  C:\Users\FASCIN~1\AppData\Local\Temp\ccNBUjvk.s 			page 9


 431:Modules/mpu6050/inv_mpu.c **** #define AKM_REG_ASAY        (0x11)
 432:Modules/mpu6050/inv_mpu.c **** #define AKM_REG_ASAZ        (0x12)
 433:Modules/mpu6050/inv_mpu.c **** 
 434:Modules/mpu6050/inv_mpu.c **** #define AKM_DATA_READY      (0x01)
 435:Modules/mpu6050/inv_mpu.c **** #define AKM_DATA_OVERRUN    (0x02)
 436:Modules/mpu6050/inv_mpu.c **** #define AKM_OVERFLOW        (0x80)
 437:Modules/mpu6050/inv_mpu.c **** #define AKM_DATA_ERROR      (0x40)
 438:Modules/mpu6050/inv_mpu.c **** 
 439:Modules/mpu6050/inv_mpu.c **** #define AKM_BIT_SELF_TEST   (0x40)
 440:Modules/mpu6050/inv_mpu.c **** 
 441:Modules/mpu6050/inv_mpu.c **** #define AKM_POWER_DOWN          (0x00 | SUPPORTS_AK89xx_HIGH_SENS)
 442:Modules/mpu6050/inv_mpu.c **** #define AKM_SINGLE_MEASUREMENT  (0x01 | SUPPORTS_AK89xx_HIGH_SENS)
 443:Modules/mpu6050/inv_mpu.c **** #define AKM_FUSE_ROM_ACCESS     (0x0F | SUPPORTS_AK89xx_HIGH_SENS)
 444:Modules/mpu6050/inv_mpu.c **** #define AKM_MODE_SELF_TEST      (0x08 | SUPPORTS_AK89xx_HIGH_SENS)
 445:Modules/mpu6050/inv_mpu.c **** 
 446:Modules/mpu6050/inv_mpu.c **** #define AKM_WHOAMI      (0x48)
 447:Modules/mpu6050/inv_mpu.c **** #endif
 448:Modules/mpu6050/inv_mpu.c **** 
 449:Modules/mpu6050/inv_mpu.c **** #if defined MPU6050
 450:Modules/mpu6050/inv_mpu.c **** //const struct gyro_reg_s reg = {
 451:Modules/mpu6050/inv_mpu.c **** //    .who_am_i       = 0x75,
 452:Modules/mpu6050/inv_mpu.c **** //    .rate_div       = 0x19,
 453:Modules/mpu6050/inv_mpu.c **** //    .lpf            = 0x1A,
 454:Modules/mpu6050/inv_mpu.c **** //    .prod_id        = 0x0C,
 455:Modules/mpu6050/inv_mpu.c **** //    .user_ctrl      = 0x6A,
 456:Modules/mpu6050/inv_mpu.c **** //    .fifo_en        = 0x23,
 457:Modules/mpu6050/inv_mpu.c **** //    .gyro_cfg       = 0x1B,
 458:Modules/mpu6050/inv_mpu.c **** //    .accel_cfg      = 0x1C,
 459:Modules/mpu6050/inv_mpu.c **** //    .motion_thr     = 0x1F,
 460:Modules/mpu6050/inv_mpu.c **** //    .motion_dur     = 0x20,
 461:Modules/mpu6050/inv_mpu.c **** //    .fifo_count_h   = 0x72,
 462:Modules/mpu6050/inv_mpu.c **** //    .fifo_r_w       = 0x74,
 463:Modules/mpu6050/inv_mpu.c **** //    .raw_gyro       = 0x43,
 464:Modules/mpu6050/inv_mpu.c **** //    .raw_accel      = 0x3B,
 465:Modules/mpu6050/inv_mpu.c **** //    .temp           = 0x41,
 466:Modules/mpu6050/inv_mpu.c **** //    .int_enable     = 0x38,
 467:Modules/mpu6050/inv_mpu.c **** //    .dmp_int_status = 0x39,
 468:Modules/mpu6050/inv_mpu.c **** //    .int_status     = 0x3A,
 469:Modules/mpu6050/inv_mpu.c **** //    .pwr_mgmt_1     = 0x6B,
 470:Modules/mpu6050/inv_mpu.c **** //    .pwr_mgmt_2     = 0x6C,
 471:Modules/mpu6050/inv_mpu.c **** //    .int_pin_cfg    = 0x37,
 472:Modules/mpu6050/inv_mpu.c **** //    .mem_r_w        = 0x6F,
 473:Modules/mpu6050/inv_mpu.c **** //    .accel_offs     = 0x06,
 474:Modules/mpu6050/inv_mpu.c **** //    .i2c_mst        = 0x24,
 475:Modules/mpu6050/inv_mpu.c **** //    .bank_sel       = 0x6D,
 476:Modules/mpu6050/inv_mpu.c **** //    .mem_start_addr = 0x6E,
 477:Modules/mpu6050/inv_mpu.c **** //    .prgm_start_h   = 0x70
 478:Modules/mpu6050/inv_mpu.c **** //#ifdef AK89xx_SECONDARY
 479:Modules/mpu6050/inv_mpu.c **** //    ,.raw_compass   = 0x49,
 480:Modules/mpu6050/inv_mpu.c **** //    .yg_offs_tc     = 0x01,
 481:Modules/mpu6050/inv_mpu.c **** //    .s0_addr        = 0x25,
 482:Modules/mpu6050/inv_mpu.c **** //    .s0_reg         = 0x26,
 483:Modules/mpu6050/inv_mpu.c **** //    .s0_ctrl        = 0x27,
 484:Modules/mpu6050/inv_mpu.c **** //    .s1_addr        = 0x28,
 485:Modules/mpu6050/inv_mpu.c **** //    .s1_reg         = 0x29,
 486:Modules/mpu6050/inv_mpu.c **** //    .s1_ctrl        = 0x2A,
 487:Modules/mpu6050/inv_mpu.c **** //    .s4_ctrl        = 0x34,
ARM GAS  C:\Users\FASCIN~1\AppData\Local\Temp\ccNBUjvk.s 			page 10


 488:Modules/mpu6050/inv_mpu.c **** //    .s0_do          = 0x63,
 489:Modules/mpu6050/inv_mpu.c **** //    .s1_do          = 0x64,
 490:Modules/mpu6050/inv_mpu.c **** //    .i2c_delay_ctrl = 0x67
 491:Modules/mpu6050/inv_mpu.c **** //#endif
 492:Modules/mpu6050/inv_mpu.c **** //};
 493:Modules/mpu6050/inv_mpu.c **** const struct gyro_reg_s reg = {
 494:Modules/mpu6050/inv_mpu.c ****     0x75,  //who_am_i
 495:Modules/mpu6050/inv_mpu.c ****     0x19,  //rate_div
 496:Modules/mpu6050/inv_mpu.c ****     0x1A,  //lpf
 497:Modules/mpu6050/inv_mpu.c ****     0x0C,  //prod_id
 498:Modules/mpu6050/inv_mpu.c ****     0x6A,  //user_ctrl
 499:Modules/mpu6050/inv_mpu.c ****     0x23,  //fifo_en
 500:Modules/mpu6050/inv_mpu.c ****     0x1B,  //gyro_cfg
 501:Modules/mpu6050/inv_mpu.c ****     0x1C,  //accel_cfg
 502:Modules/mpu6050/inv_mpu.c ****     0x1F,  // motion_thr
 503:Modules/mpu6050/inv_mpu.c ****     0x20,  // motion_dur
 504:Modules/mpu6050/inv_mpu.c ****     0x72,  // fifo_count_h
 505:Modules/mpu6050/inv_mpu.c ****     0x74,  // fifo_r_w
 506:Modules/mpu6050/inv_mpu.c ****     0x43,  // raw_gyro
 507:Modules/mpu6050/inv_mpu.c ****     0x3B,  // raw_accel
 508:Modules/mpu6050/inv_mpu.c ****     0x41,  // temp
 509:Modules/mpu6050/inv_mpu.c ****     0x38,  // int_enable
 510:Modules/mpu6050/inv_mpu.c ****     0x39,  //  dmp_int_status
 511:Modules/mpu6050/inv_mpu.c ****     0x3A,  //  int_status
 512:Modules/mpu6050/inv_mpu.c ****     0x6B,  // pwr_mgmt_1
 513:Modules/mpu6050/inv_mpu.c ****     0x6C,  // pwr_mgmt_2
 514:Modules/mpu6050/inv_mpu.c ****     0x37,  // int_pin_cfg
 515:Modules/mpu6050/inv_mpu.c ****     0x6F,  // mem_r_w
 516:Modules/mpu6050/inv_mpu.c ****     0x06,  // accel_offs
 517:Modules/mpu6050/inv_mpu.c ****     0x24,  // i2c_mst
 518:Modules/mpu6050/inv_mpu.c ****     0x6D,  // bank_sel
 519:Modules/mpu6050/inv_mpu.c ****     0x6E,  // mem_start_addr
 520:Modules/mpu6050/inv_mpu.c ****     0x70   // prgm_start_h
 521:Modules/mpu6050/inv_mpu.c **** };
 522:Modules/mpu6050/inv_mpu.c **** 
 523:Modules/mpu6050/inv_mpu.c **** //const struct hw_s hw = {
 524:Modules/mpu6050/inv_mpu.c **** //    .addr           = 0x68,
 525:Modules/mpu6050/inv_mpu.c **** //    .max_fifo       = 1024,
 526:Modules/mpu6050/inv_mpu.c **** //    .num_reg        = 118,
 527:Modules/mpu6050/inv_mpu.c **** //    .temp_sens      = 340,
 528:Modules/mpu6050/inv_mpu.c **** //    .temp_offset    = -521,
 529:Modules/mpu6050/inv_mpu.c **** //    .bank_size      = 256
 530:Modules/mpu6050/inv_mpu.c **** //#if defined AK89xx_SECONDARY
 531:Modules/mpu6050/inv_mpu.c **** //    ,.compass_fsr    = AK89xx_FSR
 532:Modules/mpu6050/inv_mpu.c **** //#endif
 533:Modules/mpu6050/inv_mpu.c **** //};
 534:Modules/mpu6050/inv_mpu.c **** const struct hw_s hw= {
 535:Modules/mpu6050/inv_mpu.c ****     0x68,	 //addr
 536:Modules/mpu6050/inv_mpu.c ****     1024,	 //max_fifo
 537:Modules/mpu6050/inv_mpu.c ****     118,	 //num_reg
 538:Modules/mpu6050/inv_mpu.c ****     340,	 //temp_sens
 539:Modules/mpu6050/inv_mpu.c ****     -521,	 //temp_offset
 540:Modules/mpu6050/inv_mpu.c ****     256	 //bank_size
 541:Modules/mpu6050/inv_mpu.c **** };
 542:Modules/mpu6050/inv_mpu.c **** 
 543:Modules/mpu6050/inv_mpu.c **** //const struct test_s test = {
 544:Modules/mpu6050/inv_mpu.c **** //    .gyro_sens      = 32768/250,
ARM GAS  C:\Users\FASCIN~1\AppData\Local\Temp\ccNBUjvk.s 			page 11


 545:Modules/mpu6050/inv_mpu.c **** //    .accel_sens     = 32768/16,
 546:Modules/mpu6050/inv_mpu.c **** //    .reg_rate_div   = 0,    /* 1kHz. */
 547:Modules/mpu6050/inv_mpu.c **** //    .reg_lpf        = 1,    /* 188Hz. */
 548:Modules/mpu6050/inv_mpu.c **** //    .reg_gyro_fsr   = 0,    /* 250dps. */
 549:Modules/mpu6050/inv_mpu.c **** //    .reg_accel_fsr  = 0x18, /* 16g. */
 550:Modules/mpu6050/inv_mpu.c **** //    .wait_ms        = 50,
 551:Modules/mpu6050/inv_mpu.c **** //    .packet_thresh  = 5,    /* 5% */
 552:Modules/mpu6050/inv_mpu.c **** //    .min_dps        = 10.f,
 553:Modules/mpu6050/inv_mpu.c **** //    .max_dps        = 105.f,
 554:Modules/mpu6050/inv_mpu.c **** //    .max_gyro_var   = 0.14f,
 555:Modules/mpu6050/inv_mpu.c **** //    .min_g          = 0.3f,
 556:Modules/mpu6050/inv_mpu.c **** //    .max_g          = 0.95f,
 557:Modules/mpu6050/inv_mpu.c **** //    .max_accel_var  = 0.14f
 558:Modules/mpu6050/inv_mpu.c **** //};
 559:Modules/mpu6050/inv_mpu.c **** const struct test_s test= {
 560:Modules/mpu6050/inv_mpu.c ****     32768/250,		 //gyro_sens
 561:Modules/mpu6050/inv_mpu.c ****     32768/16,		 //	accel_sens
 562:Modules/mpu6050/inv_mpu.c ****     0,				 //	reg_rate_div
 563:Modules/mpu6050/inv_mpu.c ****     1,				//	reg_lpf
 564:Modules/mpu6050/inv_mpu.c ****     0,				 //	reg_gyro_fsr
 565:Modules/mpu6050/inv_mpu.c ****     0x18,			//	reg_accel_fsr
 566:Modules/mpu6050/inv_mpu.c ****     50,				//	wait_ms
 567:Modules/mpu6050/inv_mpu.c ****     5,				//	packet_thresh
 568:Modules/mpu6050/inv_mpu.c ****     10.0f,			 //	min_dps
 569:Modules/mpu6050/inv_mpu.c ****     105.0f,			 //	max_dps
 570:Modules/mpu6050/inv_mpu.c ****     0.14f,			//	max_gyro_var
 571:Modules/mpu6050/inv_mpu.c ****     0.3f,		   //	min_g
 572:Modules/mpu6050/inv_mpu.c ****     0.95f,		   //	max_g
 573:Modules/mpu6050/inv_mpu.c ****     0.14f		   //	max_accel_var
 574:Modules/mpu6050/inv_mpu.c **** };
 575:Modules/mpu6050/inv_mpu.c **** 
 576:Modules/mpu6050/inv_mpu.c **** //static struct gyro_state_s st = {
 577:Modules/mpu6050/inv_mpu.c **** //    .reg = &reg,
 578:Modules/mpu6050/inv_mpu.c **** //    .hw = &hw,
 579:Modules/mpu6050/inv_mpu.c **** //    .test = &test
 580:Modules/mpu6050/inv_mpu.c **** //};
 581:Modules/mpu6050/inv_mpu.c **** static struct gyro_state_s st= {
 582:Modules/mpu6050/inv_mpu.c ****     &reg,
 583:Modules/mpu6050/inv_mpu.c ****     &hw,
 584:Modules/mpu6050/inv_mpu.c ****     {0},
 585:Modules/mpu6050/inv_mpu.c ****     &test
 586:Modules/mpu6050/inv_mpu.c **** };
 587:Modules/mpu6050/inv_mpu.c **** 
 588:Modules/mpu6050/inv_mpu.c **** 
 589:Modules/mpu6050/inv_mpu.c **** #elif defined MPU6500
 590:Modules/mpu6050/inv_mpu.c **** const struct gyro_reg_s reg = {
 591:Modules/mpu6050/inv_mpu.c ****     .who_am_i       = 0x75,
 592:Modules/mpu6050/inv_mpu.c ****     .rate_div       = 0x19,
 593:Modules/mpu6050/inv_mpu.c ****     .lpf            = 0x1A,
 594:Modules/mpu6050/inv_mpu.c ****     .prod_id        = 0x0C,
 595:Modules/mpu6050/inv_mpu.c ****     .user_ctrl      = 0x6A,
 596:Modules/mpu6050/inv_mpu.c ****     .fifo_en        = 0x23,
 597:Modules/mpu6050/inv_mpu.c ****     .gyro_cfg       = 0x1B,
 598:Modules/mpu6050/inv_mpu.c ****     .accel_cfg      = 0x1C,
 599:Modules/mpu6050/inv_mpu.c ****     .accel_cfg2     = 0x1D,
 600:Modules/mpu6050/inv_mpu.c ****     .lp_accel_odr   = 0x1E,
 601:Modules/mpu6050/inv_mpu.c ****     .motion_thr     = 0x1F,
ARM GAS  C:\Users\FASCIN~1\AppData\Local\Temp\ccNBUjvk.s 			page 12


 602:Modules/mpu6050/inv_mpu.c ****     .motion_dur     = 0x20,
 603:Modules/mpu6050/inv_mpu.c ****     .fifo_count_h   = 0x72,
 604:Modules/mpu6050/inv_mpu.c ****     .fifo_r_w       = 0x74,
 605:Modules/mpu6050/inv_mpu.c ****     .raw_gyro       = 0x43,
 606:Modules/mpu6050/inv_mpu.c ****     .raw_accel      = 0x3B,
 607:Modules/mpu6050/inv_mpu.c ****     .temp           = 0x41,
 608:Modules/mpu6050/inv_mpu.c ****     .int_enable     = 0x38,
 609:Modules/mpu6050/inv_mpu.c ****     .dmp_int_status = 0x39,
 610:Modules/mpu6050/inv_mpu.c ****     .int_status     = 0x3A,
 611:Modules/mpu6050/inv_mpu.c ****     .accel_intel    = 0x69,
 612:Modules/mpu6050/inv_mpu.c ****     .pwr_mgmt_1     = 0x6B,
 613:Modules/mpu6050/inv_mpu.c ****     .pwr_mgmt_2     = 0x6C,
 614:Modules/mpu6050/inv_mpu.c ****     .int_pin_cfg    = 0x37,
 615:Modules/mpu6050/inv_mpu.c ****     .mem_r_w        = 0x6F,
 616:Modules/mpu6050/inv_mpu.c ****     .accel_offs     = 0x77,
 617:Modules/mpu6050/inv_mpu.c ****     .i2c_mst        = 0x24,
 618:Modules/mpu6050/inv_mpu.c ****     .bank_sel       = 0x6D,
 619:Modules/mpu6050/inv_mpu.c ****     .mem_start_addr = 0x6E,
 620:Modules/mpu6050/inv_mpu.c ****     .prgm_start_h   = 0x70
 621:Modules/mpu6050/inv_mpu.c **** #ifdef AK89xx_SECONDARY
 622:Modules/mpu6050/inv_mpu.c ****     ,.raw_compass   = 0x49,
 623:Modules/mpu6050/inv_mpu.c ****     .s0_addr        = 0x25,
 624:Modules/mpu6050/inv_mpu.c ****     .s0_reg         = 0x26,
 625:Modules/mpu6050/inv_mpu.c ****     .s0_ctrl        = 0x27,
 626:Modules/mpu6050/inv_mpu.c ****     .s1_addr        = 0x28,
 627:Modules/mpu6050/inv_mpu.c ****     .s1_reg         = 0x29,
 628:Modules/mpu6050/inv_mpu.c ****     .s1_ctrl        = 0x2A,
 629:Modules/mpu6050/inv_mpu.c ****     .s4_ctrl        = 0x34,
 630:Modules/mpu6050/inv_mpu.c ****     .s0_do          = 0x63,
 631:Modules/mpu6050/inv_mpu.c ****     .s1_do          = 0x64,
 632:Modules/mpu6050/inv_mpu.c ****     .i2c_delay_ctrl = 0x67
 633:Modules/mpu6050/inv_mpu.c **** #endif
 634:Modules/mpu6050/inv_mpu.c **** };
 635:Modules/mpu6050/inv_mpu.c **** const struct hw_s hw = {
 636:Modules/mpu6050/inv_mpu.c ****     .addr           = 0x68,
 637:Modules/mpu6050/inv_mpu.c ****     .max_fifo       = 1024,
 638:Modules/mpu6050/inv_mpu.c ****     .num_reg        = 128,
 639:Modules/mpu6050/inv_mpu.c ****     .temp_sens      = 321,
 640:Modules/mpu6050/inv_mpu.c ****     .temp_offset    = 0,
 641:Modules/mpu6050/inv_mpu.c ****     .bank_size      = 256
 642:Modules/mpu6050/inv_mpu.c **** #if defined AK89xx_SECONDARY
 643:Modules/mpu6050/inv_mpu.c ****     ,.compass_fsr    = AK89xx_FSR
 644:Modules/mpu6050/inv_mpu.c **** #endif
 645:Modules/mpu6050/inv_mpu.c **** };
 646:Modules/mpu6050/inv_mpu.c **** 
 647:Modules/mpu6050/inv_mpu.c **** const struct test_s test = {
 648:Modules/mpu6050/inv_mpu.c ****     .gyro_sens      = 32768/250,
 649:Modules/mpu6050/inv_mpu.c ****     .accel_sens     = 32768/16,
 650:Modules/mpu6050/inv_mpu.c ****     .reg_rate_div   = 0,    /* 1kHz. */
 651:Modules/mpu6050/inv_mpu.c ****     .reg_lpf        = 1,    /* 188Hz. */
 652:Modules/mpu6050/inv_mpu.c ****     .reg_gyro_fsr   = 0,    /* 250dps. */
 653:Modules/mpu6050/inv_mpu.c ****     .reg_accel_fsr  = 0x18, /* 16g. */
 654:Modules/mpu6050/inv_mpu.c ****     .wait_ms        = 50,
 655:Modules/mpu6050/inv_mpu.c ****     .packet_thresh  = 5,    /* 5% */
 656:Modules/mpu6050/inv_mpu.c ****     .min_dps        = 10.f,
 657:Modules/mpu6050/inv_mpu.c ****     .max_dps        = 105.f,
 658:Modules/mpu6050/inv_mpu.c ****     .max_gyro_var   = 0.14f,
ARM GAS  C:\Users\FASCIN~1\AppData\Local\Temp\ccNBUjvk.s 			page 13


 659:Modules/mpu6050/inv_mpu.c ****     .min_g          = 0.3f,
 660:Modules/mpu6050/inv_mpu.c ****     .max_g          = 0.95f,
 661:Modules/mpu6050/inv_mpu.c ****     .max_accel_var  = 0.14f
 662:Modules/mpu6050/inv_mpu.c **** };
 663:Modules/mpu6050/inv_mpu.c **** 
 664:Modules/mpu6050/inv_mpu.c **** static struct gyro_state_s st = {
 665:Modules/mpu6050/inv_mpu.c ****     .reg = &reg,
 666:Modules/mpu6050/inv_mpu.c ****     .hw = &hw,
 667:Modules/mpu6050/inv_mpu.c ****     .test = &test
 668:Modules/mpu6050/inv_mpu.c **** };
 669:Modules/mpu6050/inv_mpu.c **** #endif
 670:Modules/mpu6050/inv_mpu.c **** 
 671:Modules/mpu6050/inv_mpu.c **** #define MAX_PACKET_LENGTH (12)
 672:Modules/mpu6050/inv_mpu.c **** 
 673:Modules/mpu6050/inv_mpu.c **** #ifdef AK89xx_SECONDARY
 674:Modules/mpu6050/inv_mpu.c **** static int setup_compass(void);
 675:Modules/mpu6050/inv_mpu.c **** #define MAX_COMPASS_SAMPLE_RATE (100)
 676:Modules/mpu6050/inv_mpu.c **** #endif
 677:Modules/mpu6050/inv_mpu.c **** 
 678:Modules/mpu6050/inv_mpu.c **** /**
 679:Modules/mpu6050/inv_mpu.c ****  *  @brief      Enable/disable data ready interrupt.
 680:Modules/mpu6050/inv_mpu.c ****  *  If the DMP is on, the DMP interrupt is enabled. Otherwise, the data ready
 681:Modules/mpu6050/inv_mpu.c ****  *  interrupt is used.
 682:Modules/mpu6050/inv_mpu.c ****  *  @param[in]  enable      1 to enable interrupt.
 683:Modules/mpu6050/inv_mpu.c ****  *  @return     0 if successful.
 684:Modules/mpu6050/inv_mpu.c ****  */
 685:Modules/mpu6050/inv_mpu.c **** static int set_int_enable(unsigned char enable)
 686:Modules/mpu6050/inv_mpu.c **** {
 687:Modules/mpu6050/inv_mpu.c ****     unsigned char tmp;
 688:Modules/mpu6050/inv_mpu.c **** 
 689:Modules/mpu6050/inv_mpu.c ****     if (st.chip_cfg.dmp_on) {
 690:Modules/mpu6050/inv_mpu.c ****         if (enable)
 691:Modules/mpu6050/inv_mpu.c ****             tmp = BIT_DMP_INT_EN;
 692:Modules/mpu6050/inv_mpu.c ****         else
 693:Modules/mpu6050/inv_mpu.c ****             tmp = 0x00;
 694:Modules/mpu6050/inv_mpu.c ****         if (i2c_write(st.hw->addr, st.reg->int_enable, 1, &tmp))
 695:Modules/mpu6050/inv_mpu.c ****             return -1;
 696:Modules/mpu6050/inv_mpu.c ****         st.chip_cfg.int_enable = tmp;
 697:Modules/mpu6050/inv_mpu.c ****     } else {
 698:Modules/mpu6050/inv_mpu.c ****         if (!st.chip_cfg.sensors)
 699:Modules/mpu6050/inv_mpu.c ****             return -1;
 700:Modules/mpu6050/inv_mpu.c ****         if (enable && st.chip_cfg.int_enable)
 701:Modules/mpu6050/inv_mpu.c ****             return 0;
 702:Modules/mpu6050/inv_mpu.c ****         if (enable)
 703:Modules/mpu6050/inv_mpu.c ****             tmp = BIT_DATA_RDY_EN;
 704:Modules/mpu6050/inv_mpu.c ****         else
 705:Modules/mpu6050/inv_mpu.c ****             tmp = 0x00;
 706:Modules/mpu6050/inv_mpu.c ****         if (i2c_write(st.hw->addr, st.reg->int_enable, 1, &tmp))
 707:Modules/mpu6050/inv_mpu.c ****             return -1;
 708:Modules/mpu6050/inv_mpu.c ****         st.chip_cfg.int_enable = tmp;
 709:Modules/mpu6050/inv_mpu.c ****     }
 710:Modules/mpu6050/inv_mpu.c ****     return 0;
 711:Modules/mpu6050/inv_mpu.c **** }
 712:Modules/mpu6050/inv_mpu.c **** 
 713:Modules/mpu6050/inv_mpu.c **** /**
 714:Modules/mpu6050/inv_mpu.c ****  *  @brief      Register dump for testing.
 715:Modules/mpu6050/inv_mpu.c ****  *  @return     0 if successful.
ARM GAS  C:\Users\FASCIN~1\AppData\Local\Temp\ccNBUjvk.s 			page 14


 716:Modules/mpu6050/inv_mpu.c ****  */
 717:Modules/mpu6050/inv_mpu.c **** int mpu_reg_dump(void)
 718:Modules/mpu6050/inv_mpu.c **** {
 719:Modules/mpu6050/inv_mpu.c ****     unsigned char ii;
 720:Modules/mpu6050/inv_mpu.c ****     unsigned char data;
 721:Modules/mpu6050/inv_mpu.c **** 
 722:Modules/mpu6050/inv_mpu.c ****     for (ii = 0; ii < st.hw->num_reg; ii++) {
 723:Modules/mpu6050/inv_mpu.c ****         if (ii == st.reg->fifo_r_w || ii == st.reg->mem_r_w)
 724:Modules/mpu6050/inv_mpu.c ****             continue;
 725:Modules/mpu6050/inv_mpu.c ****         if (i2c_read(st.hw->addr, ii, 1, &data))
 726:Modules/mpu6050/inv_mpu.c ****             return -1;
 727:Modules/mpu6050/inv_mpu.c ****         log_i("%#5x: %#5x\r\n", ii, data);
 728:Modules/mpu6050/inv_mpu.c ****     }
 729:Modules/mpu6050/inv_mpu.c ****     return 0;
 730:Modules/mpu6050/inv_mpu.c **** }
 731:Modules/mpu6050/inv_mpu.c **** 
 732:Modules/mpu6050/inv_mpu.c **** /**
 733:Modules/mpu6050/inv_mpu.c ****  *  @brief      Read from a single register.
 734:Modules/mpu6050/inv_mpu.c ****  *  NOTE: The memory and FIFO read/write registers cannot be accessed.
 735:Modules/mpu6050/inv_mpu.c ****  *  @param[in]  reg     Register address.
 736:Modules/mpu6050/inv_mpu.c ****  *  @param[out] data    Register data.
 737:Modules/mpu6050/inv_mpu.c ****  *  @return     0 if successful.
 738:Modules/mpu6050/inv_mpu.c ****  */
 739:Modules/mpu6050/inv_mpu.c **** int mpu_read_reg(unsigned char reg, unsigned char *data)
 740:Modules/mpu6050/inv_mpu.c **** {
 741:Modules/mpu6050/inv_mpu.c ****     if (reg == st.reg->fifo_r_w || reg == st.reg->mem_r_w)
 742:Modules/mpu6050/inv_mpu.c ****         return -1;
 743:Modules/mpu6050/inv_mpu.c ****     if (reg >= st.hw->num_reg)
 744:Modules/mpu6050/inv_mpu.c ****         return -1;
 745:Modules/mpu6050/inv_mpu.c ****     return i2c_read(st.hw->addr, reg, 1, data);
 746:Modules/mpu6050/inv_mpu.c **** }
 747:Modules/mpu6050/inv_mpu.c **** 
 748:Modules/mpu6050/inv_mpu.c **** /**
 749:Modules/mpu6050/inv_mpu.c ****  *  @brief      Initialize hardware.
 750:Modules/mpu6050/inv_mpu.c ****  *  Initial configuration:\n
 751:Modules/mpu6050/inv_mpu.c ****  *  Gyro FSR: +/- 2000DPS\n
 752:Modules/mpu6050/inv_mpu.c ****  *  Accel FSR +/- 2G\n
 753:Modules/mpu6050/inv_mpu.c ****  *  DLPF: 42Hz\n
 754:Modules/mpu6050/inv_mpu.c ****  *  FIFO rate: 50Hz\n
 755:Modules/mpu6050/inv_mpu.c ****  *  Clock source: Gyro PLL\n
 756:Modules/mpu6050/inv_mpu.c ****  *  FIFO: Disabled.\n
 757:Modules/mpu6050/inv_mpu.c ****  *  Data ready interrupt: Disabled, active low, unlatched.
 758:Modules/mpu6050/inv_mpu.c ****  *  @param[in]  int_param   Platform-specific parameters to interrupt API.
 759:Modules/mpu6050/inv_mpu.c ****  *  @return     0 if successful.
 760:Modules/mpu6050/inv_mpu.c ****  */
 761:Modules/mpu6050/inv_mpu.c **** int mpu_init(void)
 762:Modules/mpu6050/inv_mpu.c **** {
 763:Modules/mpu6050/inv_mpu.c ****     unsigned char data[6], rev;
 764:Modules/mpu6050/inv_mpu.c **** 
 765:Modules/mpu6050/inv_mpu.c ****     /* Reset device. */
 766:Modules/mpu6050/inv_mpu.c ****     data[0] = BIT_RESET;
 767:Modules/mpu6050/inv_mpu.c ****     if (i2c_write(st.hw->addr, st.reg->pwr_mgmt_1, 1, data))
 768:Modules/mpu6050/inv_mpu.c ****         return -1;
 769:Modules/mpu6050/inv_mpu.c ****     delay_ms(100);
 770:Modules/mpu6050/inv_mpu.c **** 
 771:Modules/mpu6050/inv_mpu.c ****     /* Wake up chip. */
 772:Modules/mpu6050/inv_mpu.c ****     data[0] = 0x00;
ARM GAS  C:\Users\FASCIN~1\AppData\Local\Temp\ccNBUjvk.s 			page 15


 773:Modules/mpu6050/inv_mpu.c ****     if (i2c_write(st.hw->addr, st.reg->pwr_mgmt_1, 1, data))
 774:Modules/mpu6050/inv_mpu.c ****         return -1;
 775:Modules/mpu6050/inv_mpu.c **** 
 776:Modules/mpu6050/inv_mpu.c **** #if defined MPU6050
 777:Modules/mpu6050/inv_mpu.c ****     /* Check product revision. */
 778:Modules/mpu6050/inv_mpu.c ****     if (i2c_read(st.hw->addr, st.reg->accel_offs, 6, data))
 779:Modules/mpu6050/inv_mpu.c ****         return -1;
 780:Modules/mpu6050/inv_mpu.c ****     rev = ((data[5] & 0x01) << 2) | ((data[3] & 0x01) << 1) |
 781:Modules/mpu6050/inv_mpu.c ****           (data[1] & 0x01);
 782:Modules/mpu6050/inv_mpu.c **** 
 783:Modules/mpu6050/inv_mpu.c ****     if (rev) {
 784:Modules/mpu6050/inv_mpu.c ****         /* Congrats, these parts are better. */
 785:Modules/mpu6050/inv_mpu.c ****         if (rev == 1)
 786:Modules/mpu6050/inv_mpu.c ****             st.chip_cfg.accel_half = 1;
 787:Modules/mpu6050/inv_mpu.c ****         else if (rev == 2)
 788:Modules/mpu6050/inv_mpu.c ****             st.chip_cfg.accel_half = 0;
 789:Modules/mpu6050/inv_mpu.c ****         else {
 790:Modules/mpu6050/inv_mpu.c ****             log_e("Unsupported software product rev %d.\n", rev);
 791:Modules/mpu6050/inv_mpu.c ****             return -1;
 792:Modules/mpu6050/inv_mpu.c ****         }
 793:Modules/mpu6050/inv_mpu.c ****     } else {
 794:Modules/mpu6050/inv_mpu.c ****         if (i2c_read(st.hw->addr, st.reg->prod_id, 1, data))
 795:Modules/mpu6050/inv_mpu.c ****             return -1;
 796:Modules/mpu6050/inv_mpu.c ****         rev = data[0] & 0x0F;
 797:Modules/mpu6050/inv_mpu.c ****         if (!rev) {
 798:Modules/mpu6050/inv_mpu.c ****             log_e("Product ID read as 0 indicates device is either "
 799:Modules/mpu6050/inv_mpu.c ****                   "incompatible or an MPU3050.\n");
 800:Modules/mpu6050/inv_mpu.c ****             return -1;
 801:Modules/mpu6050/inv_mpu.c ****         } else if (rev == 4) {
 802:Modules/mpu6050/inv_mpu.c ****             log_i("Half sensitivity part found.\n");
 803:Modules/mpu6050/inv_mpu.c ****             st.chip_cfg.accel_half = 1;
 804:Modules/mpu6050/inv_mpu.c ****         } else
 805:Modules/mpu6050/inv_mpu.c ****             st.chip_cfg.accel_half = 0;
 806:Modules/mpu6050/inv_mpu.c ****     }
 807:Modules/mpu6050/inv_mpu.c **** #elif defined MPU6500
 808:Modules/mpu6050/inv_mpu.c **** #define MPU6500_MEM_REV_ADDR    (0x17)
 809:Modules/mpu6050/inv_mpu.c ****     if (mpu_read_mem(MPU6500_MEM_REV_ADDR, 1, &rev))
 810:Modules/mpu6050/inv_mpu.c ****         return -1;
 811:Modules/mpu6050/inv_mpu.c ****     if (rev == 0x1)
 812:Modules/mpu6050/inv_mpu.c ****         st.chip_cfg.accel_half = 0;
 813:Modules/mpu6050/inv_mpu.c ****     else {
 814:Modules/mpu6050/inv_mpu.c ****         log_e("Unsupported software product rev %d.\n", rev);
 815:Modules/mpu6050/inv_mpu.c ****         return -1;
 816:Modules/mpu6050/inv_mpu.c ****     }
 817:Modules/mpu6050/inv_mpu.c **** 
 818:Modules/mpu6050/inv_mpu.c ****     /* MPU6500 shares 4kB of memory between the DMP and the FIFO. Since the
 819:Modules/mpu6050/inv_mpu.c ****      * first 3kB are needed by the DMP, we'll use the last 1kB for the FIFO.
 820:Modules/mpu6050/inv_mpu.c ****      */
 821:Modules/mpu6050/inv_mpu.c ****     data[0] = BIT_FIFO_SIZE_1024 | 0x8;
 822:Modules/mpu6050/inv_mpu.c ****     if (i2c_write(st.hw->addr, st.reg->accel_cfg2, 1, data))
 823:Modules/mpu6050/inv_mpu.c ****         return -1;
 824:Modules/mpu6050/inv_mpu.c **** #endif
 825:Modules/mpu6050/inv_mpu.c **** 
 826:Modules/mpu6050/inv_mpu.c ****     /* Set to invalid values to ensure no I2C writes are skipped. */
 827:Modules/mpu6050/inv_mpu.c ****     st.chip_cfg.sensors = 0xFF;
 828:Modules/mpu6050/inv_mpu.c ****     st.chip_cfg.gyro_fsr = 0xFF;
 829:Modules/mpu6050/inv_mpu.c ****     st.chip_cfg.accel_fsr = 0xFF;
ARM GAS  C:\Users\FASCIN~1\AppData\Local\Temp\ccNBUjvk.s 			page 16


 830:Modules/mpu6050/inv_mpu.c ****     st.chip_cfg.lpf = 0xFF;
 831:Modules/mpu6050/inv_mpu.c ****     st.chip_cfg.sample_rate = 0xFFFF;
 832:Modules/mpu6050/inv_mpu.c ****     st.chip_cfg.fifo_enable = 0xFF;
 833:Modules/mpu6050/inv_mpu.c ****     st.chip_cfg.bypass_mode = 0xFF;
 834:Modules/mpu6050/inv_mpu.c **** #ifdef AK89xx_SECONDARY
 835:Modules/mpu6050/inv_mpu.c ****     st.chip_cfg.compass_sample_rate = 0xFFFF;
 836:Modules/mpu6050/inv_mpu.c **** #endif
 837:Modules/mpu6050/inv_mpu.c ****     /* mpu_set_sensors always preserves this setting. */
 838:Modules/mpu6050/inv_mpu.c ****     st.chip_cfg.clk_src = INV_CLK_PLL;
 839:Modules/mpu6050/inv_mpu.c ****     /* Handled in next call to mpu_set_bypass. */
 840:Modules/mpu6050/inv_mpu.c ****     st.chip_cfg.active_low_int = 1;
 841:Modules/mpu6050/inv_mpu.c ****     st.chip_cfg.latched_int = 0;
 842:Modules/mpu6050/inv_mpu.c ****     st.chip_cfg.int_motion_only = 0;
 843:Modules/mpu6050/inv_mpu.c ****     st.chip_cfg.lp_accel_mode = 0;
 844:Modules/mpu6050/inv_mpu.c ****     memset(&st.chip_cfg.cache, 0, sizeof(st.chip_cfg.cache));
 845:Modules/mpu6050/inv_mpu.c ****     st.chip_cfg.dmp_on = 0;
 846:Modules/mpu6050/inv_mpu.c ****     st.chip_cfg.dmp_loaded = 0;
 847:Modules/mpu6050/inv_mpu.c ****     st.chip_cfg.dmp_sample_rate = 0;
 848:Modules/mpu6050/inv_mpu.c **** 
 849:Modules/mpu6050/inv_mpu.c ****     if (mpu_set_gyro_fsr(2000))
 850:Modules/mpu6050/inv_mpu.c ****         return -1;
 851:Modules/mpu6050/inv_mpu.c ****     if (mpu_set_accel_fsr(2))
 852:Modules/mpu6050/inv_mpu.c ****         return -1;
 853:Modules/mpu6050/inv_mpu.c ****     if (mpu_set_lpf(42))
 854:Modules/mpu6050/inv_mpu.c ****         return -1;
 855:Modules/mpu6050/inv_mpu.c ****     if (mpu_set_sample_rate(50))
 856:Modules/mpu6050/inv_mpu.c ****         return -1;
 857:Modules/mpu6050/inv_mpu.c ****     if (mpu_configure_fifo(0))
 858:Modules/mpu6050/inv_mpu.c ****         return -1;
 859:Modules/mpu6050/inv_mpu.c **** 
 860:Modules/mpu6050/inv_mpu.c **** //    if (int_param)
 861:Modules/mpu6050/inv_mpu.c **** //        reg_int_cb(int_param);
 862:Modules/mpu6050/inv_mpu.c **** 
 863:Modules/mpu6050/inv_mpu.c **** #ifdef AK89xx_SECONDARY
 864:Modules/mpu6050/inv_mpu.c ****     setup_compass();
 865:Modules/mpu6050/inv_mpu.c ****     if (mpu_set_compass_sample_rate(10))
 866:Modules/mpu6050/inv_mpu.c ****         return -1;
 867:Modules/mpu6050/inv_mpu.c **** #else
 868:Modules/mpu6050/inv_mpu.c ****     /* Already disabled by setup_compass. */
 869:Modules/mpu6050/inv_mpu.c ****     if (mpu_set_bypass(0))
 870:Modules/mpu6050/inv_mpu.c ****         return -1;
 871:Modules/mpu6050/inv_mpu.c **** #endif
 872:Modules/mpu6050/inv_mpu.c **** 
 873:Modules/mpu6050/inv_mpu.c ****     mpu_set_sensors(0);
 874:Modules/mpu6050/inv_mpu.c ****     return 0;
 875:Modules/mpu6050/inv_mpu.c **** }
 876:Modules/mpu6050/inv_mpu.c **** 
 877:Modules/mpu6050/inv_mpu.c **** /**
 878:Modules/mpu6050/inv_mpu.c ****  *  @brief      Enter low-power accel-only mode.
 879:Modules/mpu6050/inv_mpu.c ****  *  In low-power accel mode, the chip goes to sleep and only wakes up to sample
 880:Modules/mpu6050/inv_mpu.c ****  *  the accelerometer at one of the following frequencies:
 881:Modules/mpu6050/inv_mpu.c ****  *  \n MPU6050: 1.25Hz, 5Hz, 20Hz, 40Hz
 882:Modules/mpu6050/inv_mpu.c ****  *  \n MPU6500: 1.25Hz, 2.5Hz, 5Hz, 10Hz, 20Hz, 40Hz, 80Hz, 160Hz, 320Hz, 640Hz
 883:Modules/mpu6050/inv_mpu.c ****  *  \n If the requested rate is not one listed above, the device will be set to
 884:Modules/mpu6050/inv_mpu.c ****  *  the next highest rate. Requesting a rate above the maximum supported
 885:Modules/mpu6050/inv_mpu.c ****  *  frequency will result in an error.
 886:Modules/mpu6050/inv_mpu.c ****  *  \n To select a fractional wake-up frequency, round down the value passed to
ARM GAS  C:\Users\FASCIN~1\AppData\Local\Temp\ccNBUjvk.s 			page 17


 887:Modules/mpu6050/inv_mpu.c ****  *  @e rate.
 888:Modules/mpu6050/inv_mpu.c ****  *  @param[in]  rate        Minimum sampling rate, or zero to disable LP
 889:Modules/mpu6050/inv_mpu.c ****  *                          accel mode.
 890:Modules/mpu6050/inv_mpu.c ****  *  @return     0 if successful.
 891:Modules/mpu6050/inv_mpu.c ****  */
 892:Modules/mpu6050/inv_mpu.c **** int mpu_lp_accel_mode(unsigned char rate)
 893:Modules/mpu6050/inv_mpu.c **** {
 894:Modules/mpu6050/inv_mpu.c ****     unsigned char tmp[2];
 895:Modules/mpu6050/inv_mpu.c **** 
 896:Modules/mpu6050/inv_mpu.c ****     if (rate > 40)
 897:Modules/mpu6050/inv_mpu.c ****         return -1;
 898:Modules/mpu6050/inv_mpu.c **** 
 899:Modules/mpu6050/inv_mpu.c ****     if (!rate) {
 900:Modules/mpu6050/inv_mpu.c ****         mpu_set_int_latched(0);
 901:Modules/mpu6050/inv_mpu.c ****         tmp[0] = 0;
 902:Modules/mpu6050/inv_mpu.c ****         tmp[1] = BIT_STBY_XYZG;
 903:Modules/mpu6050/inv_mpu.c ****         if (i2c_write(st.hw->addr, st.reg->pwr_mgmt_1, 2, tmp))
 904:Modules/mpu6050/inv_mpu.c ****             return -1;
 905:Modules/mpu6050/inv_mpu.c ****         st.chip_cfg.lp_accel_mode = 0;
 906:Modules/mpu6050/inv_mpu.c ****         return 0;
 907:Modules/mpu6050/inv_mpu.c ****     }
 908:Modules/mpu6050/inv_mpu.c ****     /* For LP accel, we automatically configure the hardware to produce latched
 909:Modules/mpu6050/inv_mpu.c ****      * interrupts. In LP accel mode, the hardware cycles into sleep mode before
 910:Modules/mpu6050/inv_mpu.c ****      * it gets a chance to deassert the interrupt pin; therefore, we shift this
 911:Modules/mpu6050/inv_mpu.c ****      * responsibility over to the MCU.
 912:Modules/mpu6050/inv_mpu.c ****      *
 913:Modules/mpu6050/inv_mpu.c ****      * Any register read will clear the interrupt.
 914:Modules/mpu6050/inv_mpu.c ****      */
 915:Modules/mpu6050/inv_mpu.c ****     mpu_set_int_latched(1);
 916:Modules/mpu6050/inv_mpu.c **** #if defined MPU6050
 917:Modules/mpu6050/inv_mpu.c ****     tmp[0] = BIT_LPA_CYCLE;
 918:Modules/mpu6050/inv_mpu.c ****     if (rate == 1) {
 919:Modules/mpu6050/inv_mpu.c ****         tmp[1] = INV_LPA_1_25HZ;
 920:Modules/mpu6050/inv_mpu.c ****         mpu_set_lpf(5);
 921:Modules/mpu6050/inv_mpu.c ****     } else if (rate <= 5) {
 922:Modules/mpu6050/inv_mpu.c ****         tmp[1] = INV_LPA_5HZ;
 923:Modules/mpu6050/inv_mpu.c ****         mpu_set_lpf(5);
 924:Modules/mpu6050/inv_mpu.c ****     } else if (rate <= 20) {
 925:Modules/mpu6050/inv_mpu.c ****         tmp[1] = INV_LPA_20HZ;
 926:Modules/mpu6050/inv_mpu.c ****         mpu_set_lpf(10);
 927:Modules/mpu6050/inv_mpu.c ****     } else {
 928:Modules/mpu6050/inv_mpu.c ****         tmp[1] = INV_LPA_40HZ;
 929:Modules/mpu6050/inv_mpu.c ****         mpu_set_lpf(20);
 930:Modules/mpu6050/inv_mpu.c ****     }
 931:Modules/mpu6050/inv_mpu.c ****     tmp[1] = (tmp[1] << 6) | BIT_STBY_XYZG;
 932:Modules/mpu6050/inv_mpu.c ****     if (i2c_write(st.hw->addr, st.reg->pwr_mgmt_1, 2, tmp))
 933:Modules/mpu6050/inv_mpu.c ****         return -1;
 934:Modules/mpu6050/inv_mpu.c **** #elif defined MPU6500
 935:Modules/mpu6050/inv_mpu.c ****     /* Set wake frequency. */
 936:Modules/mpu6050/inv_mpu.c ****     if (rate == 1)
 937:Modules/mpu6050/inv_mpu.c ****         tmp[0] = INV_LPA_1_25HZ;
 938:Modules/mpu6050/inv_mpu.c ****     else if (rate == 2)
 939:Modules/mpu6050/inv_mpu.c ****         tmp[0] = INV_LPA_2_5HZ;
 940:Modules/mpu6050/inv_mpu.c ****     else if (rate <= 5)
 941:Modules/mpu6050/inv_mpu.c ****         tmp[0] = INV_LPA_5HZ;
 942:Modules/mpu6050/inv_mpu.c ****     else if (rate <= 10)
 943:Modules/mpu6050/inv_mpu.c ****         tmp[0] = INV_LPA_10HZ;
ARM GAS  C:\Users\FASCIN~1\AppData\Local\Temp\ccNBUjvk.s 			page 18


 944:Modules/mpu6050/inv_mpu.c ****     else if (rate <= 20)
 945:Modules/mpu6050/inv_mpu.c ****         tmp[0] = INV_LPA_20HZ;
 946:Modules/mpu6050/inv_mpu.c ****     else if (rate <= 40)
 947:Modules/mpu6050/inv_mpu.c ****         tmp[0] = INV_LPA_40HZ;
 948:Modules/mpu6050/inv_mpu.c ****     else if (rate <= 80)
 949:Modules/mpu6050/inv_mpu.c ****         tmp[0] = INV_LPA_80HZ;
 950:Modules/mpu6050/inv_mpu.c ****     else if (rate <= 160)
 951:Modules/mpu6050/inv_mpu.c ****         tmp[0] = INV_LPA_160HZ;
 952:Modules/mpu6050/inv_mpu.c ****     else if (rate <= 320)
 953:Modules/mpu6050/inv_mpu.c ****         tmp[0] = INV_LPA_320HZ;
 954:Modules/mpu6050/inv_mpu.c ****     else
 955:Modules/mpu6050/inv_mpu.c ****         tmp[0] = INV_LPA_640HZ;
 956:Modules/mpu6050/inv_mpu.c ****     if (i2c_write(st.hw->addr, st.reg->lp_accel_odr, 1, tmp))
 957:Modules/mpu6050/inv_mpu.c ****         return -1;
 958:Modules/mpu6050/inv_mpu.c ****     tmp[0] = BIT_LPA_CYCLE;
 959:Modules/mpu6050/inv_mpu.c ****     if (i2c_write(st.hw->addr, st.reg->pwr_mgmt_1, 1, tmp))
 960:Modules/mpu6050/inv_mpu.c ****         return -1;
 961:Modules/mpu6050/inv_mpu.c **** #endif
 962:Modules/mpu6050/inv_mpu.c ****     st.chip_cfg.sensors = INV_XYZ_ACCEL;
 963:Modules/mpu6050/inv_mpu.c ****     st.chip_cfg.clk_src = 0;
 964:Modules/mpu6050/inv_mpu.c ****     st.chip_cfg.lp_accel_mode = 1;
 965:Modules/mpu6050/inv_mpu.c ****     mpu_configure_fifo(0);
 966:Modules/mpu6050/inv_mpu.c **** 
 967:Modules/mpu6050/inv_mpu.c ****     return 0;
 968:Modules/mpu6050/inv_mpu.c **** }
 969:Modules/mpu6050/inv_mpu.c **** 
 970:Modules/mpu6050/inv_mpu.c **** /**
 971:Modules/mpu6050/inv_mpu.c ****  *  @brief      Read raw gyro data directly from the registers.
 972:Modules/mpu6050/inv_mpu.c ****  *  @param[out] data        Raw data in hardware units.
 973:Modules/mpu6050/inv_mpu.c ****  *  @param[out] timestamp   Timestamp in milliseconds. Null if not needed.
 974:Modules/mpu6050/inv_mpu.c ****  *  @return     0 if successful.
 975:Modules/mpu6050/inv_mpu.c ****  */
 976:Modules/mpu6050/inv_mpu.c **** int mpu_get_gyro_reg(short *data, unsigned long *timestamp)
 977:Modules/mpu6050/inv_mpu.c **** {
 978:Modules/mpu6050/inv_mpu.c ****     unsigned char tmp[6];
 979:Modules/mpu6050/inv_mpu.c **** 
 980:Modules/mpu6050/inv_mpu.c ****     if (!(st.chip_cfg.sensors & INV_XYZ_GYRO))
 981:Modules/mpu6050/inv_mpu.c ****         return -1;
 982:Modules/mpu6050/inv_mpu.c **** 
 983:Modules/mpu6050/inv_mpu.c ****     if (i2c_read(st.hw->addr, st.reg->raw_gyro, 6, tmp))
 984:Modules/mpu6050/inv_mpu.c ****         return -1;
 985:Modules/mpu6050/inv_mpu.c ****     data[0] = (tmp[0] << 8) | tmp[1];
 986:Modules/mpu6050/inv_mpu.c ****     data[1] = (tmp[2] << 8) | tmp[3];
 987:Modules/mpu6050/inv_mpu.c ****     data[2] = (tmp[4] << 8) | tmp[5];
 988:Modules/mpu6050/inv_mpu.c ****     if (timestamp)
 989:Modules/mpu6050/inv_mpu.c ****         get_ms(timestamp);
 990:Modules/mpu6050/inv_mpu.c ****     return 0;
 991:Modules/mpu6050/inv_mpu.c **** }
 992:Modules/mpu6050/inv_mpu.c **** 
 993:Modules/mpu6050/inv_mpu.c **** /**
 994:Modules/mpu6050/inv_mpu.c ****  *  @brief      Read raw accel data directly from the registers.
 995:Modules/mpu6050/inv_mpu.c ****  *  @param[out] data        Raw data in hardware units.
 996:Modules/mpu6050/inv_mpu.c ****  *  @param[out] timestamp   Timestamp in milliseconds. Null if not needed.
 997:Modules/mpu6050/inv_mpu.c ****  *  @return     0 if successful.
 998:Modules/mpu6050/inv_mpu.c ****  */
 999:Modules/mpu6050/inv_mpu.c **** int mpu_get_accel_reg(short *data, unsigned long *timestamp)
1000:Modules/mpu6050/inv_mpu.c **** {
ARM GAS  C:\Users\FASCIN~1\AppData\Local\Temp\ccNBUjvk.s 			page 19


1001:Modules/mpu6050/inv_mpu.c ****     unsigned char tmp[6];
1002:Modules/mpu6050/inv_mpu.c **** 
1003:Modules/mpu6050/inv_mpu.c ****     if (!(st.chip_cfg.sensors & INV_XYZ_ACCEL))
1004:Modules/mpu6050/inv_mpu.c ****         return -1;
1005:Modules/mpu6050/inv_mpu.c **** 
1006:Modules/mpu6050/inv_mpu.c ****     if (i2c_read(st.hw->addr, st.reg->raw_accel, 6, tmp))
1007:Modules/mpu6050/inv_mpu.c ****         return -1;
1008:Modules/mpu6050/inv_mpu.c ****     data[0] = (tmp[0] << 8) | tmp[1];
1009:Modules/mpu6050/inv_mpu.c ****     data[1] = (tmp[2] << 8) | tmp[3];
1010:Modules/mpu6050/inv_mpu.c ****     data[2] = (tmp[4] << 8) | tmp[5];
1011:Modules/mpu6050/inv_mpu.c ****     if (timestamp)
1012:Modules/mpu6050/inv_mpu.c ****         get_ms(timestamp);
1013:Modules/mpu6050/inv_mpu.c ****     return 0;
1014:Modules/mpu6050/inv_mpu.c **** }
1015:Modules/mpu6050/inv_mpu.c **** 
1016:Modules/mpu6050/inv_mpu.c **** /**
1017:Modules/mpu6050/inv_mpu.c ****  *  @brief      Read temperature data directly from the registers.
1018:Modules/mpu6050/inv_mpu.c ****  *  @param[out] data        Data in q16 format.
1019:Modules/mpu6050/inv_mpu.c ****  *  @param[out] timestamp   Timestamp in milliseconds. Null if not needed.
1020:Modules/mpu6050/inv_mpu.c ****  *  @return     0 if successful.
1021:Modules/mpu6050/inv_mpu.c ****  */
1022:Modules/mpu6050/inv_mpu.c **** int mpu_get_temperature(long *data, unsigned long *timestamp)
1023:Modules/mpu6050/inv_mpu.c **** {
1024:Modules/mpu6050/inv_mpu.c ****     unsigned char tmp[2];
1025:Modules/mpu6050/inv_mpu.c ****     short raw;
1026:Modules/mpu6050/inv_mpu.c **** 
1027:Modules/mpu6050/inv_mpu.c ****     if (!(st.chip_cfg.sensors))
1028:Modules/mpu6050/inv_mpu.c ****         return -1;
1029:Modules/mpu6050/inv_mpu.c **** 
1030:Modules/mpu6050/inv_mpu.c ****     if (i2c_read(st.hw->addr, st.reg->temp, 2, tmp))
1031:Modules/mpu6050/inv_mpu.c ****         return -1;
1032:Modules/mpu6050/inv_mpu.c ****     raw = (tmp[0] << 8) | tmp[1];
1033:Modules/mpu6050/inv_mpu.c ****     if (timestamp)
1034:Modules/mpu6050/inv_mpu.c ****         get_ms(timestamp);
1035:Modules/mpu6050/inv_mpu.c **** 
1036:Modules/mpu6050/inv_mpu.c ****     data[0] = (long)((35 + ((raw - (float)st.hw->temp_offset) / st.hw->temp_sens)) * 65536L);
1037:Modules/mpu6050/inv_mpu.c ****     return 0;
1038:Modules/mpu6050/inv_mpu.c **** }
1039:Modules/mpu6050/inv_mpu.c **** 
1040:Modules/mpu6050/inv_mpu.c **** /**
1041:Modules/mpu6050/inv_mpu.c ****  *  @brief      Push biases to the accel bias registers.
1042:Modules/mpu6050/inv_mpu.c ****  *  This function expects biases relative to the current sensor output, and
1043:Modules/mpu6050/inv_mpu.c ****  *  these biases will be added to the factory-supplied values.
1044:Modules/mpu6050/inv_mpu.c ****  *  @param[in]  accel_bias  New biases.
1045:Modules/mpu6050/inv_mpu.c ****  *  @return     0 if successful.
1046:Modules/mpu6050/inv_mpu.c ****  */
1047:Modules/mpu6050/inv_mpu.c **** int mpu_set_accel_bias(const long *accel_bias)
1048:Modules/mpu6050/inv_mpu.c **** {
1049:Modules/mpu6050/inv_mpu.c ****     unsigned char data[6];
1050:Modules/mpu6050/inv_mpu.c ****     short accel_hw[3];
1051:Modules/mpu6050/inv_mpu.c ****     short got_accel[3];
1052:Modules/mpu6050/inv_mpu.c ****     short fg[3];
1053:Modules/mpu6050/inv_mpu.c **** 
1054:Modules/mpu6050/inv_mpu.c ****     if (!accel_bias)
1055:Modules/mpu6050/inv_mpu.c ****         return -1;
1056:Modules/mpu6050/inv_mpu.c ****     if (!accel_bias[0] && !accel_bias[1] && !accel_bias[2])
1057:Modules/mpu6050/inv_mpu.c ****         return 0;
ARM GAS  C:\Users\FASCIN~1\AppData\Local\Temp\ccNBUjvk.s 			page 20


1058:Modules/mpu6050/inv_mpu.c **** 
1059:Modules/mpu6050/inv_mpu.c ****     if (i2c_read(st.hw->addr, 3, 3, data))
1060:Modules/mpu6050/inv_mpu.c ****         return -1;
1061:Modules/mpu6050/inv_mpu.c ****     fg[0] = ((data[0] >> 4) + 8) & 0xf;
1062:Modules/mpu6050/inv_mpu.c ****     fg[1] = ((data[1] >> 4) + 8) & 0xf;
1063:Modules/mpu6050/inv_mpu.c ****     fg[2] = ((data[2] >> 4) + 8) & 0xf;
1064:Modules/mpu6050/inv_mpu.c **** 
1065:Modules/mpu6050/inv_mpu.c ****     accel_hw[0] = (short)(accel_bias[0] * 2 / (64 + fg[0]));
1066:Modules/mpu6050/inv_mpu.c ****     accel_hw[1] = (short)(accel_bias[1] * 2 / (64 + fg[1]));
1067:Modules/mpu6050/inv_mpu.c ****     accel_hw[2] = (short)(accel_bias[2] * 2 / (64 + fg[2]));
1068:Modules/mpu6050/inv_mpu.c **** 
1069:Modules/mpu6050/inv_mpu.c ****     if (i2c_read(st.hw->addr, 0x06, 6, data))
1070:Modules/mpu6050/inv_mpu.c ****         return -1;
1071:Modules/mpu6050/inv_mpu.c **** 
1072:Modules/mpu6050/inv_mpu.c ****     got_accel[0] = ((short)data[0] << 8) | data[1];
1073:Modules/mpu6050/inv_mpu.c ****     got_accel[1] = ((short)data[2] << 8) | data[3];
1074:Modules/mpu6050/inv_mpu.c ****     got_accel[2] = ((short)data[4] << 8) | data[5];
1075:Modules/mpu6050/inv_mpu.c **** 
1076:Modules/mpu6050/inv_mpu.c ****     accel_hw[0] += got_accel[0];
1077:Modules/mpu6050/inv_mpu.c ****     accel_hw[1] += got_accel[1];
1078:Modules/mpu6050/inv_mpu.c ****     accel_hw[2] += got_accel[2];
1079:Modules/mpu6050/inv_mpu.c **** 
1080:Modules/mpu6050/inv_mpu.c ****     data[0] = (accel_hw[0] >> 8) & 0xff;
1081:Modules/mpu6050/inv_mpu.c ****     data[1] = (accel_hw[0]) & 0xff;
1082:Modules/mpu6050/inv_mpu.c ****     data[2] = (accel_hw[1] >> 8) & 0xff;
1083:Modules/mpu6050/inv_mpu.c ****     data[3] = (accel_hw[1]) & 0xff;
1084:Modules/mpu6050/inv_mpu.c ****     data[4] = (accel_hw[2] >> 8) & 0xff;
1085:Modules/mpu6050/inv_mpu.c ****     data[5] = (accel_hw[2]) & 0xff;
1086:Modules/mpu6050/inv_mpu.c **** 
1087:Modules/mpu6050/inv_mpu.c ****     if (i2c_write(st.hw->addr, 0x06, 6, data))
1088:Modules/mpu6050/inv_mpu.c ****         return -1;
1089:Modules/mpu6050/inv_mpu.c ****     return 0;
1090:Modules/mpu6050/inv_mpu.c **** }
1091:Modules/mpu6050/inv_mpu.c **** 
1092:Modules/mpu6050/inv_mpu.c **** /**
1093:Modules/mpu6050/inv_mpu.c ****  *  @brief  Reset FIFO read/write pointers.
1094:Modules/mpu6050/inv_mpu.c ****  *  @return 0 if successful.
1095:Modules/mpu6050/inv_mpu.c ****  */
1096:Modules/mpu6050/inv_mpu.c **** int mpu_reset_fifo(void)
1097:Modules/mpu6050/inv_mpu.c **** {
1098:Modules/mpu6050/inv_mpu.c ****     unsigned char data;
1099:Modules/mpu6050/inv_mpu.c **** 
1100:Modules/mpu6050/inv_mpu.c ****     if (!(st.chip_cfg.sensors))
1101:Modules/mpu6050/inv_mpu.c ****         return -1;
1102:Modules/mpu6050/inv_mpu.c **** 
1103:Modules/mpu6050/inv_mpu.c ****     data = 0;
1104:Modules/mpu6050/inv_mpu.c ****     if (i2c_write(st.hw->addr, st.reg->int_enable, 1, &data))
1105:Modules/mpu6050/inv_mpu.c ****         return -1;
1106:Modules/mpu6050/inv_mpu.c ****     if (i2c_write(st.hw->addr, st.reg->fifo_en, 1, &data))
1107:Modules/mpu6050/inv_mpu.c ****         return -1;
1108:Modules/mpu6050/inv_mpu.c ****     if (i2c_write(st.hw->addr, st.reg->user_ctrl, 1, &data))
1109:Modules/mpu6050/inv_mpu.c ****         return -1;
1110:Modules/mpu6050/inv_mpu.c **** 
1111:Modules/mpu6050/inv_mpu.c ****     if (st.chip_cfg.dmp_on) {
1112:Modules/mpu6050/inv_mpu.c ****         data = BIT_FIFO_RST | BIT_DMP_RST;
1113:Modules/mpu6050/inv_mpu.c ****         if (i2c_write(st.hw->addr, st.reg->user_ctrl, 1, &data))
1114:Modules/mpu6050/inv_mpu.c ****             return -1;
ARM GAS  C:\Users\FASCIN~1\AppData\Local\Temp\ccNBUjvk.s 			page 21


1115:Modules/mpu6050/inv_mpu.c ****         delay_ms(50);
1116:Modules/mpu6050/inv_mpu.c ****         data = BIT_DMP_EN | BIT_FIFO_EN;
1117:Modules/mpu6050/inv_mpu.c ****         if (st.chip_cfg.sensors & INV_XYZ_COMPASS)
1118:Modules/mpu6050/inv_mpu.c ****             data |= BIT_AUX_IF_EN;
1119:Modules/mpu6050/inv_mpu.c ****         if (i2c_write(st.hw->addr, st.reg->user_ctrl, 1, &data))
1120:Modules/mpu6050/inv_mpu.c ****             return -1;
1121:Modules/mpu6050/inv_mpu.c ****         if (st.chip_cfg.int_enable)
1122:Modules/mpu6050/inv_mpu.c ****             data = BIT_DMP_INT_EN;
1123:Modules/mpu6050/inv_mpu.c ****         else
1124:Modules/mpu6050/inv_mpu.c ****             data = 0;
1125:Modules/mpu6050/inv_mpu.c ****         if (i2c_write(st.hw->addr, st.reg->int_enable, 1, &data))
1126:Modules/mpu6050/inv_mpu.c ****             return -1;
1127:Modules/mpu6050/inv_mpu.c ****         data = 0;
1128:Modules/mpu6050/inv_mpu.c ****         if (i2c_write(st.hw->addr, st.reg->fifo_en, 1, &data))
1129:Modules/mpu6050/inv_mpu.c ****             return -1;
1130:Modules/mpu6050/inv_mpu.c ****     } else {
1131:Modules/mpu6050/inv_mpu.c ****         data = BIT_FIFO_RST;
1132:Modules/mpu6050/inv_mpu.c ****         if (i2c_write(st.hw->addr, st.reg->user_ctrl, 1, &data))
1133:Modules/mpu6050/inv_mpu.c ****             return -1;
1134:Modules/mpu6050/inv_mpu.c ****         if (st.chip_cfg.bypass_mode || !(st.chip_cfg.sensors & INV_XYZ_COMPASS))
1135:Modules/mpu6050/inv_mpu.c ****             data = BIT_FIFO_EN;
1136:Modules/mpu6050/inv_mpu.c ****         else
1137:Modules/mpu6050/inv_mpu.c ****             data = BIT_FIFO_EN | BIT_AUX_IF_EN;
1138:Modules/mpu6050/inv_mpu.c ****         if (i2c_write(st.hw->addr, st.reg->user_ctrl, 1, &data))
1139:Modules/mpu6050/inv_mpu.c ****             return -1;
1140:Modules/mpu6050/inv_mpu.c ****         delay_ms(50);
1141:Modules/mpu6050/inv_mpu.c ****         if (st.chip_cfg.int_enable)
1142:Modules/mpu6050/inv_mpu.c ****             data = BIT_DATA_RDY_EN;
1143:Modules/mpu6050/inv_mpu.c ****         else
1144:Modules/mpu6050/inv_mpu.c ****             data = 0;
1145:Modules/mpu6050/inv_mpu.c ****         if (i2c_write(st.hw->addr, st.reg->int_enable, 1, &data))
1146:Modules/mpu6050/inv_mpu.c ****             return -1;
1147:Modules/mpu6050/inv_mpu.c ****         if (i2c_write(st.hw->addr, st.reg->fifo_en, 1, &st.chip_cfg.fifo_enable))
1148:Modules/mpu6050/inv_mpu.c ****             return -1;
1149:Modules/mpu6050/inv_mpu.c ****     }
1150:Modules/mpu6050/inv_mpu.c ****     return 0;
1151:Modules/mpu6050/inv_mpu.c **** }
1152:Modules/mpu6050/inv_mpu.c **** 
1153:Modules/mpu6050/inv_mpu.c **** /**
1154:Modules/mpu6050/inv_mpu.c ****  *  @brief      Get the gyro full-scale range.
1155:Modules/mpu6050/inv_mpu.c ****  *  @param[out] fsr Current full-scale range.
1156:Modules/mpu6050/inv_mpu.c ****  *  @return     0 if successful.
1157:Modules/mpu6050/inv_mpu.c ****  */
1158:Modules/mpu6050/inv_mpu.c **** int mpu_get_gyro_fsr(unsigned short *fsr)
1159:Modules/mpu6050/inv_mpu.c **** {
1160:Modules/mpu6050/inv_mpu.c ****     switch (st.chip_cfg.gyro_fsr) {
1161:Modules/mpu6050/inv_mpu.c ****     case INV_FSR_250DPS:
1162:Modules/mpu6050/inv_mpu.c ****         fsr[0] = 250;
1163:Modules/mpu6050/inv_mpu.c ****         break;
1164:Modules/mpu6050/inv_mpu.c ****     case INV_FSR_500DPS:
1165:Modules/mpu6050/inv_mpu.c ****         fsr[0] = 500;
1166:Modules/mpu6050/inv_mpu.c ****         break;
1167:Modules/mpu6050/inv_mpu.c ****     case INV_FSR_1000DPS:
1168:Modules/mpu6050/inv_mpu.c ****         fsr[0] = 1000;
1169:Modules/mpu6050/inv_mpu.c ****         break;
1170:Modules/mpu6050/inv_mpu.c ****     case INV_FSR_2000DPS:
1171:Modules/mpu6050/inv_mpu.c ****         fsr[0] = 2000;
ARM GAS  C:\Users\FASCIN~1\AppData\Local\Temp\ccNBUjvk.s 			page 22


1172:Modules/mpu6050/inv_mpu.c ****         break;
1173:Modules/mpu6050/inv_mpu.c ****     default:
1174:Modules/mpu6050/inv_mpu.c ****         fsr[0] = 0;
1175:Modules/mpu6050/inv_mpu.c ****         break;
1176:Modules/mpu6050/inv_mpu.c ****     }
1177:Modules/mpu6050/inv_mpu.c ****     return 0;
1178:Modules/mpu6050/inv_mpu.c **** }
1179:Modules/mpu6050/inv_mpu.c **** 
1180:Modules/mpu6050/inv_mpu.c **** /**
1181:Modules/mpu6050/inv_mpu.c ****  *  @brief      Set the gyro full-scale range.
1182:Modules/mpu6050/inv_mpu.c ****  *  @param[in]  fsr Desired full-scale range.
1183:Modules/mpu6050/inv_mpu.c ****  *  @return     0 if successful.
1184:Modules/mpu6050/inv_mpu.c ****  */
1185:Modules/mpu6050/inv_mpu.c **** int mpu_set_gyro_fsr(unsigned short fsr)
1186:Modules/mpu6050/inv_mpu.c **** {
1187:Modules/mpu6050/inv_mpu.c ****     unsigned char data;
1188:Modules/mpu6050/inv_mpu.c **** 
1189:Modules/mpu6050/inv_mpu.c ****     if (!(st.chip_cfg.sensors))
1190:Modules/mpu6050/inv_mpu.c ****         return -1;
1191:Modules/mpu6050/inv_mpu.c **** 
1192:Modules/mpu6050/inv_mpu.c ****     switch (fsr) {
1193:Modules/mpu6050/inv_mpu.c ****     case 250:
1194:Modules/mpu6050/inv_mpu.c ****         data = INV_FSR_250DPS << 3;
1195:Modules/mpu6050/inv_mpu.c ****         break;
1196:Modules/mpu6050/inv_mpu.c ****     case 500:
1197:Modules/mpu6050/inv_mpu.c ****         data = INV_FSR_500DPS << 3;
1198:Modules/mpu6050/inv_mpu.c ****         break;
1199:Modules/mpu6050/inv_mpu.c ****     case 1000:
1200:Modules/mpu6050/inv_mpu.c ****         data = INV_FSR_1000DPS << 3;
1201:Modules/mpu6050/inv_mpu.c ****         break;
1202:Modules/mpu6050/inv_mpu.c ****     case 2000:
1203:Modules/mpu6050/inv_mpu.c ****         data = INV_FSR_2000DPS << 3;
1204:Modules/mpu6050/inv_mpu.c ****         break;
1205:Modules/mpu6050/inv_mpu.c ****     default:
1206:Modules/mpu6050/inv_mpu.c ****         return -1;
1207:Modules/mpu6050/inv_mpu.c ****     }
1208:Modules/mpu6050/inv_mpu.c **** 
1209:Modules/mpu6050/inv_mpu.c ****     if (st.chip_cfg.gyro_fsr == (data >> 3))
1210:Modules/mpu6050/inv_mpu.c ****         return 0;
1211:Modules/mpu6050/inv_mpu.c ****     if (i2c_write(st.hw->addr, st.reg->gyro_cfg, 1, &data))
1212:Modules/mpu6050/inv_mpu.c ****         return -1;
1213:Modules/mpu6050/inv_mpu.c ****     st.chip_cfg.gyro_fsr = data >> 3;
1214:Modules/mpu6050/inv_mpu.c ****     return 0;
1215:Modules/mpu6050/inv_mpu.c **** }
1216:Modules/mpu6050/inv_mpu.c **** 
1217:Modules/mpu6050/inv_mpu.c **** /**
1218:Modules/mpu6050/inv_mpu.c ****  *  @brief      Get the accel full-scale range.
1219:Modules/mpu6050/inv_mpu.c ****  *  @param[out] fsr Current full-scale range.
1220:Modules/mpu6050/inv_mpu.c ****  *  @return     0 if successful.
1221:Modules/mpu6050/inv_mpu.c ****  */
1222:Modules/mpu6050/inv_mpu.c **** int mpu_get_accel_fsr(unsigned char *fsr)
1223:Modules/mpu6050/inv_mpu.c **** {
1224:Modules/mpu6050/inv_mpu.c ****     switch (st.chip_cfg.accel_fsr) {
1225:Modules/mpu6050/inv_mpu.c ****     case INV_FSR_2G:
1226:Modules/mpu6050/inv_mpu.c ****         fsr[0] = 2;
1227:Modules/mpu6050/inv_mpu.c ****         break;
1228:Modules/mpu6050/inv_mpu.c ****     case INV_FSR_4G:
ARM GAS  C:\Users\FASCIN~1\AppData\Local\Temp\ccNBUjvk.s 			page 23


1229:Modules/mpu6050/inv_mpu.c ****         fsr[0] = 4;
1230:Modules/mpu6050/inv_mpu.c ****         break;
1231:Modules/mpu6050/inv_mpu.c ****     case INV_FSR_8G:
1232:Modules/mpu6050/inv_mpu.c ****         fsr[0] = 8;
1233:Modules/mpu6050/inv_mpu.c ****         break;
1234:Modules/mpu6050/inv_mpu.c ****     case INV_FSR_16G:
1235:Modules/mpu6050/inv_mpu.c ****         fsr[0] = 16;
1236:Modules/mpu6050/inv_mpu.c ****         break;
1237:Modules/mpu6050/inv_mpu.c ****     default:
1238:Modules/mpu6050/inv_mpu.c ****         return -1;
1239:Modules/mpu6050/inv_mpu.c ****     }
1240:Modules/mpu6050/inv_mpu.c ****     if (st.chip_cfg.accel_half)
1241:Modules/mpu6050/inv_mpu.c ****         fsr[0] <<= 1;
1242:Modules/mpu6050/inv_mpu.c ****     return 0;
1243:Modules/mpu6050/inv_mpu.c **** }
1244:Modules/mpu6050/inv_mpu.c **** 
1245:Modules/mpu6050/inv_mpu.c **** /**
1246:Modules/mpu6050/inv_mpu.c ****  *  @brief      Set the accel full-scale range.
1247:Modules/mpu6050/inv_mpu.c ****  *  @param[in]  fsr Desired full-scale range.
1248:Modules/mpu6050/inv_mpu.c ****  *  @return     0 if successful.
1249:Modules/mpu6050/inv_mpu.c ****  */
1250:Modules/mpu6050/inv_mpu.c **** int mpu_set_accel_fsr(unsigned char fsr)
1251:Modules/mpu6050/inv_mpu.c **** {
1252:Modules/mpu6050/inv_mpu.c ****     unsigned char data;
1253:Modules/mpu6050/inv_mpu.c **** 
1254:Modules/mpu6050/inv_mpu.c ****     if (!(st.chip_cfg.sensors))
1255:Modules/mpu6050/inv_mpu.c ****         return -1;
1256:Modules/mpu6050/inv_mpu.c **** 
1257:Modules/mpu6050/inv_mpu.c ****     switch (fsr) {
1258:Modules/mpu6050/inv_mpu.c ****     case 2:
1259:Modules/mpu6050/inv_mpu.c ****         data = INV_FSR_2G << 3;
1260:Modules/mpu6050/inv_mpu.c ****         break;
1261:Modules/mpu6050/inv_mpu.c ****     case 4:
1262:Modules/mpu6050/inv_mpu.c ****         data = INV_FSR_4G << 3;
1263:Modules/mpu6050/inv_mpu.c ****         break;
1264:Modules/mpu6050/inv_mpu.c ****     case 8:
1265:Modules/mpu6050/inv_mpu.c ****         data = INV_FSR_8G << 3;
1266:Modules/mpu6050/inv_mpu.c ****         break;
1267:Modules/mpu6050/inv_mpu.c ****     case 16:
1268:Modules/mpu6050/inv_mpu.c ****         data = INV_FSR_16G << 3;
1269:Modules/mpu6050/inv_mpu.c ****         break;
1270:Modules/mpu6050/inv_mpu.c ****     default:
1271:Modules/mpu6050/inv_mpu.c ****         return -1;
1272:Modules/mpu6050/inv_mpu.c ****     }
1273:Modules/mpu6050/inv_mpu.c **** 
1274:Modules/mpu6050/inv_mpu.c ****     if (st.chip_cfg.accel_fsr == (data >> 3))
1275:Modules/mpu6050/inv_mpu.c ****         return 0;
1276:Modules/mpu6050/inv_mpu.c ****     if (i2c_write(st.hw->addr, st.reg->accel_cfg, 1, &data))
1277:Modules/mpu6050/inv_mpu.c ****         return -1;
1278:Modules/mpu6050/inv_mpu.c ****     st.chip_cfg.accel_fsr = data >> 3;
1279:Modules/mpu6050/inv_mpu.c ****     return 0;
1280:Modules/mpu6050/inv_mpu.c **** }
1281:Modules/mpu6050/inv_mpu.c **** 
1282:Modules/mpu6050/inv_mpu.c **** /**
1283:Modules/mpu6050/inv_mpu.c ****  *  @brief      Get the current DLPF setting.
1284:Modules/mpu6050/inv_mpu.c ****  *  @param[out] lpf Current LPF setting.
1285:Modules/mpu6050/inv_mpu.c ****  *  0 if successful.
ARM GAS  C:\Users\FASCIN~1\AppData\Local\Temp\ccNBUjvk.s 			page 24


1286:Modules/mpu6050/inv_mpu.c ****  */
1287:Modules/mpu6050/inv_mpu.c **** int mpu_get_lpf(unsigned short *lpf)
1288:Modules/mpu6050/inv_mpu.c **** {
1289:Modules/mpu6050/inv_mpu.c ****     switch (st.chip_cfg.lpf) {
1290:Modules/mpu6050/inv_mpu.c ****     case INV_FILTER_188HZ:
1291:Modules/mpu6050/inv_mpu.c ****         lpf[0] = 188;
1292:Modules/mpu6050/inv_mpu.c ****         break;
1293:Modules/mpu6050/inv_mpu.c ****     case INV_FILTER_98HZ:
1294:Modules/mpu6050/inv_mpu.c ****         lpf[0] = 98;
1295:Modules/mpu6050/inv_mpu.c ****         break;
1296:Modules/mpu6050/inv_mpu.c ****     case INV_FILTER_42HZ:
1297:Modules/mpu6050/inv_mpu.c ****         lpf[0] = 42;
1298:Modules/mpu6050/inv_mpu.c ****         break;
1299:Modules/mpu6050/inv_mpu.c ****     case INV_FILTER_20HZ:
1300:Modules/mpu6050/inv_mpu.c ****         lpf[0] = 20;
1301:Modules/mpu6050/inv_mpu.c ****         break;
1302:Modules/mpu6050/inv_mpu.c ****     case INV_FILTER_10HZ:
1303:Modules/mpu6050/inv_mpu.c ****         lpf[0] = 10;
1304:Modules/mpu6050/inv_mpu.c ****         break;
1305:Modules/mpu6050/inv_mpu.c ****     case INV_FILTER_5HZ:
1306:Modules/mpu6050/inv_mpu.c ****         lpf[0] = 5;
1307:Modules/mpu6050/inv_mpu.c ****         break;
1308:Modules/mpu6050/inv_mpu.c ****     case INV_FILTER_256HZ_NOLPF2:
1309:Modules/mpu6050/inv_mpu.c ****     case INV_FILTER_2100HZ_NOLPF:
1310:Modules/mpu6050/inv_mpu.c ****     default:
1311:Modules/mpu6050/inv_mpu.c ****         lpf[0] = 0;
1312:Modules/mpu6050/inv_mpu.c ****         break;
1313:Modules/mpu6050/inv_mpu.c ****     }
1314:Modules/mpu6050/inv_mpu.c ****     return 0;
1315:Modules/mpu6050/inv_mpu.c **** }
1316:Modules/mpu6050/inv_mpu.c **** 
1317:Modules/mpu6050/inv_mpu.c **** /**
1318:Modules/mpu6050/inv_mpu.c ****  *  @brief      Set digital low pass filter.
1319:Modules/mpu6050/inv_mpu.c ****  *  The following LPF settings are supported: 188, 98, 42, 20, 10, 5.
1320:Modules/mpu6050/inv_mpu.c ****  *  @param[in]  lpf Desired LPF setting.
1321:Modules/mpu6050/inv_mpu.c ****  *  @return     0 if successful.
1322:Modules/mpu6050/inv_mpu.c ****  */
1323:Modules/mpu6050/inv_mpu.c **** int mpu_set_lpf(unsigned short lpf)
1324:Modules/mpu6050/inv_mpu.c **** {
1325:Modules/mpu6050/inv_mpu.c ****     unsigned char data;
1326:Modules/mpu6050/inv_mpu.c **** 
1327:Modules/mpu6050/inv_mpu.c ****     if (!(st.chip_cfg.sensors))
1328:Modules/mpu6050/inv_mpu.c ****         return -1;
1329:Modules/mpu6050/inv_mpu.c **** 
1330:Modules/mpu6050/inv_mpu.c ****     if (lpf >= 188)
1331:Modules/mpu6050/inv_mpu.c ****         data = INV_FILTER_188HZ;
1332:Modules/mpu6050/inv_mpu.c ****     else if (lpf >= 98)
1333:Modules/mpu6050/inv_mpu.c ****         data = INV_FILTER_98HZ;
1334:Modules/mpu6050/inv_mpu.c ****     else if (lpf >= 42)
1335:Modules/mpu6050/inv_mpu.c ****         data = INV_FILTER_42HZ;
1336:Modules/mpu6050/inv_mpu.c ****     else if (lpf >= 20)
1337:Modules/mpu6050/inv_mpu.c ****         data = INV_FILTER_20HZ;
1338:Modules/mpu6050/inv_mpu.c ****     else if (lpf >= 10)
1339:Modules/mpu6050/inv_mpu.c ****         data = INV_FILTER_10HZ;
1340:Modules/mpu6050/inv_mpu.c ****     else
1341:Modules/mpu6050/inv_mpu.c ****         data = INV_FILTER_5HZ;
1342:Modules/mpu6050/inv_mpu.c **** 
ARM GAS  C:\Users\FASCIN~1\AppData\Local\Temp\ccNBUjvk.s 			page 25


1343:Modules/mpu6050/inv_mpu.c ****     if (st.chip_cfg.lpf == data)
1344:Modules/mpu6050/inv_mpu.c ****         return 0;
1345:Modules/mpu6050/inv_mpu.c ****     if (i2c_write(st.hw->addr, st.reg->lpf, 1, &data))
1346:Modules/mpu6050/inv_mpu.c ****         return -1;
1347:Modules/mpu6050/inv_mpu.c ****     st.chip_cfg.lpf = data;
1348:Modules/mpu6050/inv_mpu.c ****     return 0;
1349:Modules/mpu6050/inv_mpu.c **** }
1350:Modules/mpu6050/inv_mpu.c **** 
1351:Modules/mpu6050/inv_mpu.c **** /**
1352:Modules/mpu6050/inv_mpu.c ****  *  @brief      Get sampling rate.
1353:Modules/mpu6050/inv_mpu.c ****  *  @param[out] rate    Current sampling rate (Hz).
1354:Modules/mpu6050/inv_mpu.c ****  *  @return     0 if successful.
1355:Modules/mpu6050/inv_mpu.c ****  */
1356:Modules/mpu6050/inv_mpu.c **** int mpu_get_sample_rate(unsigned short *rate)
1357:Modules/mpu6050/inv_mpu.c **** {
1358:Modules/mpu6050/inv_mpu.c ****     if (st.chip_cfg.dmp_on)
1359:Modules/mpu6050/inv_mpu.c ****         return -1;
1360:Modules/mpu6050/inv_mpu.c ****     else
1361:Modules/mpu6050/inv_mpu.c ****         rate[0] = st.chip_cfg.sample_rate;
1362:Modules/mpu6050/inv_mpu.c ****     return 0;
1363:Modules/mpu6050/inv_mpu.c **** }
1364:Modules/mpu6050/inv_mpu.c **** 
1365:Modules/mpu6050/inv_mpu.c **** /**
1366:Modules/mpu6050/inv_mpu.c ****  *  @brief      Set sampling rate.
1367:Modules/mpu6050/inv_mpu.c ****  *  Sampling rate must be between 4Hz and 1kHz.
1368:Modules/mpu6050/inv_mpu.c ****  *  @param[in]  rate    Desired sampling rate (Hz).
1369:Modules/mpu6050/inv_mpu.c ****  *  @return     0 if successful.
1370:Modules/mpu6050/inv_mpu.c ****  */
1371:Modules/mpu6050/inv_mpu.c **** int mpu_set_sample_rate(unsigned short rate)
1372:Modules/mpu6050/inv_mpu.c **** {
1373:Modules/mpu6050/inv_mpu.c ****     unsigned char data;
1374:Modules/mpu6050/inv_mpu.c **** 
1375:Modules/mpu6050/inv_mpu.c ****     if (!(st.chip_cfg.sensors))
1376:Modules/mpu6050/inv_mpu.c ****         return -1;
1377:Modules/mpu6050/inv_mpu.c **** 
1378:Modules/mpu6050/inv_mpu.c ****     if (st.chip_cfg.dmp_on)
1379:Modules/mpu6050/inv_mpu.c ****         return -1;
1380:Modules/mpu6050/inv_mpu.c ****     else {
1381:Modules/mpu6050/inv_mpu.c ****         if (st.chip_cfg.lp_accel_mode) {
1382:Modules/mpu6050/inv_mpu.c ****             if (rate && (rate <= 40)) {
1383:Modules/mpu6050/inv_mpu.c ****                 /* Just stay in low-power accel mode. */
1384:Modules/mpu6050/inv_mpu.c ****                 mpu_lp_accel_mode(rate);
1385:Modules/mpu6050/inv_mpu.c ****                 return 0;
1386:Modules/mpu6050/inv_mpu.c ****             }
1387:Modules/mpu6050/inv_mpu.c ****             /* Requested rate exceeds the allowed frequencies in LP accel mode,
1388:Modules/mpu6050/inv_mpu.c ****              * switch back to full-power mode.
1389:Modules/mpu6050/inv_mpu.c ****              */
1390:Modules/mpu6050/inv_mpu.c ****             mpu_lp_accel_mode(0);
1391:Modules/mpu6050/inv_mpu.c ****         }
1392:Modules/mpu6050/inv_mpu.c ****         if (rate < 4)
1393:Modules/mpu6050/inv_mpu.c ****             rate = 4;
1394:Modules/mpu6050/inv_mpu.c ****         else if (rate > 1000)
1395:Modules/mpu6050/inv_mpu.c ****             rate = 1000;
1396:Modules/mpu6050/inv_mpu.c **** 
1397:Modules/mpu6050/inv_mpu.c ****         data = 1000 / rate - 1;
1398:Modules/mpu6050/inv_mpu.c ****         if (i2c_write(st.hw->addr, st.reg->rate_div, 1, &data))
1399:Modules/mpu6050/inv_mpu.c ****             return -1;
ARM GAS  C:\Users\FASCIN~1\AppData\Local\Temp\ccNBUjvk.s 			page 26


1400:Modules/mpu6050/inv_mpu.c **** 
1401:Modules/mpu6050/inv_mpu.c ****         st.chip_cfg.sample_rate = 1000 / (1 + data);
1402:Modules/mpu6050/inv_mpu.c **** 
1403:Modules/mpu6050/inv_mpu.c **** #ifdef AK89xx_SECONDARY
1404:Modules/mpu6050/inv_mpu.c ****         mpu_set_compass_sample_rate(min(st.chip_cfg.compass_sample_rate, MAX_COMPASS_SAMPLE_RATE));
1405:Modules/mpu6050/inv_mpu.c **** #endif
1406:Modules/mpu6050/inv_mpu.c **** 
1407:Modules/mpu6050/inv_mpu.c ****         /* Automatically set LPF to 1/2 sampling rate. */
1408:Modules/mpu6050/inv_mpu.c ****         mpu_set_lpf(st.chip_cfg.sample_rate >> 1);
1409:Modules/mpu6050/inv_mpu.c ****         return 0;
1410:Modules/mpu6050/inv_mpu.c ****     }
1411:Modules/mpu6050/inv_mpu.c **** }
1412:Modules/mpu6050/inv_mpu.c **** 
1413:Modules/mpu6050/inv_mpu.c **** /**
1414:Modules/mpu6050/inv_mpu.c ****  *  @brief      Get compass sampling rate.
1415:Modules/mpu6050/inv_mpu.c ****  *  @param[out] rate    Current compass sampling rate (Hz).
1416:Modules/mpu6050/inv_mpu.c ****  *  @return     0 if successful.
1417:Modules/mpu6050/inv_mpu.c ****  */
1418:Modules/mpu6050/inv_mpu.c **** int mpu_get_compass_sample_rate(unsigned short *rate)
1419:Modules/mpu6050/inv_mpu.c **** {
1420:Modules/mpu6050/inv_mpu.c **** #ifdef AK89xx_SECONDARY
1421:Modules/mpu6050/inv_mpu.c ****     rate[0] = st.chip_cfg.compass_sample_rate;
1422:Modules/mpu6050/inv_mpu.c ****     return 0;
1423:Modules/mpu6050/inv_mpu.c **** #else
1424:Modules/mpu6050/inv_mpu.c ****     rate[0] = 0;
1425:Modules/mpu6050/inv_mpu.c ****     return -1;
1426:Modules/mpu6050/inv_mpu.c **** #endif
1427:Modules/mpu6050/inv_mpu.c **** }
1428:Modules/mpu6050/inv_mpu.c **** 
1429:Modules/mpu6050/inv_mpu.c **** /**
1430:Modules/mpu6050/inv_mpu.c ****  *  @brief      Set compass sampling rate.
1431:Modules/mpu6050/inv_mpu.c ****  *  The compass on the auxiliary I2C bus is read by the MPU hardware at a
1432:Modules/mpu6050/inv_mpu.c ****  *  maximum of 100Hz. The actual rate can be set to a fraction of the gyro
1433:Modules/mpu6050/inv_mpu.c ****  *  sampling rate.
1434:Modules/mpu6050/inv_mpu.c ****  *
1435:Modules/mpu6050/inv_mpu.c ****  *  \n WARNING: The new rate may be different than what was requested. Call
1436:Modules/mpu6050/inv_mpu.c ****  *  mpu_get_compass_sample_rate to check the actual setting.
1437:Modules/mpu6050/inv_mpu.c ****  *  @param[in]  rate    Desired compass sampling rate (Hz).
1438:Modules/mpu6050/inv_mpu.c ****  *  @return     0 if successful.
1439:Modules/mpu6050/inv_mpu.c ****  */
1440:Modules/mpu6050/inv_mpu.c **** int mpu_set_compass_sample_rate(unsigned short rate)
1441:Modules/mpu6050/inv_mpu.c **** {
1442:Modules/mpu6050/inv_mpu.c **** #ifdef AK89xx_SECONDARY
1443:Modules/mpu6050/inv_mpu.c ****     unsigned char div;
1444:Modules/mpu6050/inv_mpu.c ****     if (!rate || rate > st.chip_cfg.sample_rate || rate > MAX_COMPASS_SAMPLE_RATE)
1445:Modules/mpu6050/inv_mpu.c ****         return -1;
1446:Modules/mpu6050/inv_mpu.c **** 
1447:Modules/mpu6050/inv_mpu.c ****     div = st.chip_cfg.sample_rate / rate - 1;
1448:Modules/mpu6050/inv_mpu.c ****     if (i2c_write(st.hw->addr, st.reg->s4_ctrl, 1, &div))
1449:Modules/mpu6050/inv_mpu.c ****         return -1;
1450:Modules/mpu6050/inv_mpu.c ****     st.chip_cfg.compass_sample_rate = st.chip_cfg.sample_rate / (div + 1);
1451:Modules/mpu6050/inv_mpu.c ****     return 0;
1452:Modules/mpu6050/inv_mpu.c **** #else
1453:Modules/mpu6050/inv_mpu.c ****     return -1;
1454:Modules/mpu6050/inv_mpu.c **** #endif
1455:Modules/mpu6050/inv_mpu.c **** }
1456:Modules/mpu6050/inv_mpu.c **** 
ARM GAS  C:\Users\FASCIN~1\AppData\Local\Temp\ccNBUjvk.s 			page 27


1457:Modules/mpu6050/inv_mpu.c **** /**
1458:Modules/mpu6050/inv_mpu.c ****  *  @brief      Get gyro sensitivity scale factor.
1459:Modules/mpu6050/inv_mpu.c ****  *  @param[out] sens    Conversion from hardware units to dps.
1460:Modules/mpu6050/inv_mpu.c ****  *  @return     0 if successful.
1461:Modules/mpu6050/inv_mpu.c ****  */
1462:Modules/mpu6050/inv_mpu.c **** int mpu_get_gyro_sens(float *sens)
1463:Modules/mpu6050/inv_mpu.c **** {
1464:Modules/mpu6050/inv_mpu.c ****     switch (st.chip_cfg.gyro_fsr) {
1465:Modules/mpu6050/inv_mpu.c ****     case INV_FSR_250DPS:
1466:Modules/mpu6050/inv_mpu.c ****         sens[0] = 131.f;
1467:Modules/mpu6050/inv_mpu.c ****         break;
1468:Modules/mpu6050/inv_mpu.c ****     case INV_FSR_500DPS:
1469:Modules/mpu6050/inv_mpu.c ****         sens[0] = 65.5f;
1470:Modules/mpu6050/inv_mpu.c ****         break;
1471:Modules/mpu6050/inv_mpu.c ****     case INV_FSR_1000DPS:
1472:Modules/mpu6050/inv_mpu.c ****         sens[0] = 32.8f;
1473:Modules/mpu6050/inv_mpu.c ****         break;
1474:Modules/mpu6050/inv_mpu.c ****     case INV_FSR_2000DPS:
1475:Modules/mpu6050/inv_mpu.c ****         sens[0] = 16.4f;
1476:Modules/mpu6050/inv_mpu.c ****         break;
1477:Modules/mpu6050/inv_mpu.c ****     default:
1478:Modules/mpu6050/inv_mpu.c ****         return -1;
1479:Modules/mpu6050/inv_mpu.c ****     }
1480:Modules/mpu6050/inv_mpu.c ****     return 0;
1481:Modules/mpu6050/inv_mpu.c **** }
1482:Modules/mpu6050/inv_mpu.c **** 
1483:Modules/mpu6050/inv_mpu.c **** /**
1484:Modules/mpu6050/inv_mpu.c ****  *  @brief      Get accel sensitivity scale factor.
1485:Modules/mpu6050/inv_mpu.c ****  *  @param[out] sens    Conversion from hardware units to g's.
1486:Modules/mpu6050/inv_mpu.c ****  *  @return     0 if successful.
1487:Modules/mpu6050/inv_mpu.c ****  */
1488:Modules/mpu6050/inv_mpu.c **** int mpu_get_accel_sens(unsigned short *sens)
1489:Modules/mpu6050/inv_mpu.c **** {
1490:Modules/mpu6050/inv_mpu.c ****     switch (st.chip_cfg.accel_fsr) {
1491:Modules/mpu6050/inv_mpu.c ****     case INV_FSR_2G:
1492:Modules/mpu6050/inv_mpu.c ****         sens[0] = 16384;
1493:Modules/mpu6050/inv_mpu.c ****         break;
1494:Modules/mpu6050/inv_mpu.c ****     case INV_FSR_4G:
1495:Modules/mpu6050/inv_mpu.c ****         sens[0] = 8092;
1496:Modules/mpu6050/inv_mpu.c ****         break;
1497:Modules/mpu6050/inv_mpu.c ****     case INV_FSR_8G:
1498:Modules/mpu6050/inv_mpu.c ****         sens[0] = 4096;
1499:Modules/mpu6050/inv_mpu.c ****         break;
1500:Modules/mpu6050/inv_mpu.c ****     case INV_FSR_16G:
1501:Modules/mpu6050/inv_mpu.c ****         sens[0] = 2048;
1502:Modules/mpu6050/inv_mpu.c ****         break;
1503:Modules/mpu6050/inv_mpu.c ****     default:
1504:Modules/mpu6050/inv_mpu.c ****         return -1;
1505:Modules/mpu6050/inv_mpu.c ****     }
1506:Modules/mpu6050/inv_mpu.c ****     if (st.chip_cfg.accel_half)
1507:Modules/mpu6050/inv_mpu.c ****         sens[0] >>= 1;
1508:Modules/mpu6050/inv_mpu.c ****     return 0;
1509:Modules/mpu6050/inv_mpu.c **** }
1510:Modules/mpu6050/inv_mpu.c **** 
1511:Modules/mpu6050/inv_mpu.c **** /**
1512:Modules/mpu6050/inv_mpu.c ****  *  @brief      Get current FIFO configuration.
1513:Modules/mpu6050/inv_mpu.c ****  *  @e sensors can contain a combination of the following flags:
ARM GAS  C:\Users\FASCIN~1\AppData\Local\Temp\ccNBUjvk.s 			page 28


1514:Modules/mpu6050/inv_mpu.c ****  *  \n INV_X_GYRO, INV_Y_GYRO, INV_Z_GYRO
1515:Modules/mpu6050/inv_mpu.c ****  *  \n INV_XYZ_GYRO
1516:Modules/mpu6050/inv_mpu.c ****  *  \n INV_XYZ_ACCEL
1517:Modules/mpu6050/inv_mpu.c ****  *  @param[out] sensors Mask of sensors in FIFO.
1518:Modules/mpu6050/inv_mpu.c ****  *  @return     0 if successful.
1519:Modules/mpu6050/inv_mpu.c ****  */
1520:Modules/mpu6050/inv_mpu.c **** int mpu_get_fifo_config(unsigned char *sensors)
1521:Modules/mpu6050/inv_mpu.c **** {
1522:Modules/mpu6050/inv_mpu.c ****     sensors[0] = st.chip_cfg.fifo_enable;
1523:Modules/mpu6050/inv_mpu.c ****     return 0;
1524:Modules/mpu6050/inv_mpu.c **** }
1525:Modules/mpu6050/inv_mpu.c **** 
1526:Modules/mpu6050/inv_mpu.c **** /**
1527:Modules/mpu6050/inv_mpu.c ****  *  @brief      Select which sensors are pushed to FIFO.
1528:Modules/mpu6050/inv_mpu.c ****  *  @e sensors can contain a combination of the following flags:
1529:Modules/mpu6050/inv_mpu.c ****  *  \n INV_X_GYRO, INV_Y_GYRO, INV_Z_GYRO
1530:Modules/mpu6050/inv_mpu.c ****  *  \n INV_XYZ_GYRO
1531:Modules/mpu6050/inv_mpu.c ****  *  \n INV_XYZ_ACCEL
1532:Modules/mpu6050/inv_mpu.c ****  *  @param[in]  sensors Mask of sensors to push to FIFO.
1533:Modules/mpu6050/inv_mpu.c ****  *  @return     0 if successful.
1534:Modules/mpu6050/inv_mpu.c ****  */
1535:Modules/mpu6050/inv_mpu.c **** int mpu_configure_fifo(unsigned char sensors)
1536:Modules/mpu6050/inv_mpu.c **** {
1537:Modules/mpu6050/inv_mpu.c ****     unsigned char prev;
1538:Modules/mpu6050/inv_mpu.c ****     int result = 0;
1539:Modules/mpu6050/inv_mpu.c **** 
1540:Modules/mpu6050/inv_mpu.c ****     /* Compass data isn't going into the FIFO. Stop trying. */
1541:Modules/mpu6050/inv_mpu.c ****     sensors &= ~INV_XYZ_COMPASS;
1542:Modules/mpu6050/inv_mpu.c **** 
1543:Modules/mpu6050/inv_mpu.c ****     if (st.chip_cfg.dmp_on)
1544:Modules/mpu6050/inv_mpu.c ****         return 0;
1545:Modules/mpu6050/inv_mpu.c ****     else {
1546:Modules/mpu6050/inv_mpu.c ****         if (!(st.chip_cfg.sensors))
1547:Modules/mpu6050/inv_mpu.c ****             return -1;
1548:Modules/mpu6050/inv_mpu.c ****         prev = st.chip_cfg.fifo_enable;
1549:Modules/mpu6050/inv_mpu.c ****         st.chip_cfg.fifo_enable = sensors & st.chip_cfg.sensors;
1550:Modules/mpu6050/inv_mpu.c ****         if (st.chip_cfg.fifo_enable != sensors)
1551:Modules/mpu6050/inv_mpu.c ****             /* You're not getting what you asked for. Some sensors are
1552:Modules/mpu6050/inv_mpu.c ****              * asleep.
1553:Modules/mpu6050/inv_mpu.c ****              */
1554:Modules/mpu6050/inv_mpu.c ****             result = -1;
1555:Modules/mpu6050/inv_mpu.c ****         else
1556:Modules/mpu6050/inv_mpu.c ****             result = 0;
1557:Modules/mpu6050/inv_mpu.c ****         if (sensors || st.chip_cfg.lp_accel_mode)
1558:Modules/mpu6050/inv_mpu.c ****             set_int_enable(1);
1559:Modules/mpu6050/inv_mpu.c ****         else
1560:Modules/mpu6050/inv_mpu.c ****             set_int_enable(0);
1561:Modules/mpu6050/inv_mpu.c ****         if (sensors) {
1562:Modules/mpu6050/inv_mpu.c ****             if (mpu_reset_fifo()) {
1563:Modules/mpu6050/inv_mpu.c ****                 st.chip_cfg.fifo_enable = prev;
1564:Modules/mpu6050/inv_mpu.c ****                 return -1;
1565:Modules/mpu6050/inv_mpu.c ****             }
1566:Modules/mpu6050/inv_mpu.c ****         }
1567:Modules/mpu6050/inv_mpu.c ****     }
1568:Modules/mpu6050/inv_mpu.c **** 
1569:Modules/mpu6050/inv_mpu.c ****     return result;
1570:Modules/mpu6050/inv_mpu.c **** }
ARM GAS  C:\Users\FASCIN~1\AppData\Local\Temp\ccNBUjvk.s 			page 29


1571:Modules/mpu6050/inv_mpu.c **** 
1572:Modules/mpu6050/inv_mpu.c **** /**
1573:Modules/mpu6050/inv_mpu.c ****  *  @brief      Get current power state.
1574:Modules/mpu6050/inv_mpu.c ****  *  @param[in]  power_on    1 if turned on, 0 if suspended.
1575:Modules/mpu6050/inv_mpu.c ****  *  @return     0 if successful.
1576:Modules/mpu6050/inv_mpu.c ****  */
1577:Modules/mpu6050/inv_mpu.c **** int mpu_get_power_state(unsigned char *power_on)
1578:Modules/mpu6050/inv_mpu.c **** {
1579:Modules/mpu6050/inv_mpu.c ****     if (st.chip_cfg.sensors)
1580:Modules/mpu6050/inv_mpu.c ****         power_on[0] = 1;
1581:Modules/mpu6050/inv_mpu.c ****     else
1582:Modules/mpu6050/inv_mpu.c ****         power_on[0] = 0;
1583:Modules/mpu6050/inv_mpu.c ****     return 0;
1584:Modules/mpu6050/inv_mpu.c **** }
1585:Modules/mpu6050/inv_mpu.c **** 
1586:Modules/mpu6050/inv_mpu.c **** /**
1587:Modules/mpu6050/inv_mpu.c ****  *  @brief      Turn specific sensors on/off.
1588:Modules/mpu6050/inv_mpu.c ****  *  @e sensors can contain a combination of the following flags:
1589:Modules/mpu6050/inv_mpu.c ****  *  \n INV_X_GYRO, INV_Y_GYRO, INV_Z_GYRO
1590:Modules/mpu6050/inv_mpu.c ****  *  \n INV_XYZ_GYRO
1591:Modules/mpu6050/inv_mpu.c ****  *  \n INV_XYZ_ACCEL
1592:Modules/mpu6050/inv_mpu.c ****  *  \n INV_XYZ_COMPASS
1593:Modules/mpu6050/inv_mpu.c ****  *  @param[in]  sensors    Mask of sensors to wake.
1594:Modules/mpu6050/inv_mpu.c ****  *  @return     0 if successful.
1595:Modules/mpu6050/inv_mpu.c ****  */
1596:Modules/mpu6050/inv_mpu.c **** int mpu_set_sensors(unsigned char sensors)
1597:Modules/mpu6050/inv_mpu.c **** {
1598:Modules/mpu6050/inv_mpu.c ****     unsigned char data;
1599:Modules/mpu6050/inv_mpu.c **** #ifdef AK89xx_SECONDARY
1600:Modules/mpu6050/inv_mpu.c ****     unsigned char user_ctrl;
1601:Modules/mpu6050/inv_mpu.c **** #endif
1602:Modules/mpu6050/inv_mpu.c **** 
1603:Modules/mpu6050/inv_mpu.c ****     if (sensors & INV_XYZ_GYRO)
1604:Modules/mpu6050/inv_mpu.c ****         data = INV_CLK_PLL;
1605:Modules/mpu6050/inv_mpu.c ****     else if (sensors)
1606:Modules/mpu6050/inv_mpu.c ****         data = 0;
1607:Modules/mpu6050/inv_mpu.c ****     else
1608:Modules/mpu6050/inv_mpu.c ****         data = BIT_SLEEP;
1609:Modules/mpu6050/inv_mpu.c ****     if (i2c_write(st.hw->addr, st.reg->pwr_mgmt_1, 1, &data)) {
1610:Modules/mpu6050/inv_mpu.c ****         st.chip_cfg.sensors = 0;
1611:Modules/mpu6050/inv_mpu.c ****         return -1;
1612:Modules/mpu6050/inv_mpu.c ****     }
1613:Modules/mpu6050/inv_mpu.c ****     st.chip_cfg.clk_src = data & ~BIT_SLEEP;
1614:Modules/mpu6050/inv_mpu.c **** 
1615:Modules/mpu6050/inv_mpu.c ****     data = 0;
1616:Modules/mpu6050/inv_mpu.c ****     if (!(sensors & INV_X_GYRO))
1617:Modules/mpu6050/inv_mpu.c ****         data |= BIT_STBY_XG;
1618:Modules/mpu6050/inv_mpu.c ****     if (!(sensors & INV_Y_GYRO))
1619:Modules/mpu6050/inv_mpu.c ****         data |= BIT_STBY_YG;
1620:Modules/mpu6050/inv_mpu.c ****     if (!(sensors & INV_Z_GYRO))
1621:Modules/mpu6050/inv_mpu.c ****         data |= BIT_STBY_ZG;
1622:Modules/mpu6050/inv_mpu.c ****     if (!(sensors & INV_XYZ_ACCEL))
1623:Modules/mpu6050/inv_mpu.c ****         data |= BIT_STBY_XYZA;
1624:Modules/mpu6050/inv_mpu.c ****     if (i2c_write(st.hw->addr, st.reg->pwr_mgmt_2, 1, &data)) {
1625:Modules/mpu6050/inv_mpu.c ****         st.chip_cfg.sensors = 0;
1626:Modules/mpu6050/inv_mpu.c ****         return -1;
1627:Modules/mpu6050/inv_mpu.c ****     }
ARM GAS  C:\Users\FASCIN~1\AppData\Local\Temp\ccNBUjvk.s 			page 30


1628:Modules/mpu6050/inv_mpu.c **** 
1629:Modules/mpu6050/inv_mpu.c ****     if (sensors && (sensors != INV_XYZ_ACCEL))
1630:Modules/mpu6050/inv_mpu.c ****         /* Latched interrupts only used in LP accel mode. */
1631:Modules/mpu6050/inv_mpu.c ****         mpu_set_int_latched(0);
1632:Modules/mpu6050/inv_mpu.c **** 
1633:Modules/mpu6050/inv_mpu.c **** #ifdef AK89xx_SECONDARY
1634:Modules/mpu6050/inv_mpu.c **** #ifdef AK89xx_BYPASS
1635:Modules/mpu6050/inv_mpu.c ****     if (sensors & INV_XYZ_COMPASS)
1636:Modules/mpu6050/inv_mpu.c ****         mpu_set_bypass(1);
1637:Modules/mpu6050/inv_mpu.c ****     else
1638:Modules/mpu6050/inv_mpu.c ****         mpu_set_bypass(0);
1639:Modules/mpu6050/inv_mpu.c **** #else
1640:Modules/mpu6050/inv_mpu.c ****     if (i2c_read(st.hw->addr, st.reg->user_ctrl, 1, &user_ctrl))
1641:Modules/mpu6050/inv_mpu.c ****         return -1;
1642:Modules/mpu6050/inv_mpu.c ****     /* Handle AKM power management. */
1643:Modules/mpu6050/inv_mpu.c ****     if (sensors & INV_XYZ_COMPASS) {
1644:Modules/mpu6050/inv_mpu.c ****         data = AKM_SINGLE_MEASUREMENT;
1645:Modules/mpu6050/inv_mpu.c ****         user_ctrl |= BIT_AUX_IF_EN;
1646:Modules/mpu6050/inv_mpu.c ****     } else {
1647:Modules/mpu6050/inv_mpu.c ****         data = AKM_POWER_DOWN;
1648:Modules/mpu6050/inv_mpu.c ****         user_ctrl &= ~BIT_AUX_IF_EN;
1649:Modules/mpu6050/inv_mpu.c ****     }
1650:Modules/mpu6050/inv_mpu.c ****     if (st.chip_cfg.dmp_on)
1651:Modules/mpu6050/inv_mpu.c ****         user_ctrl |= BIT_DMP_EN;
1652:Modules/mpu6050/inv_mpu.c ****     else
1653:Modules/mpu6050/inv_mpu.c ****         user_ctrl &= ~BIT_DMP_EN;
1654:Modules/mpu6050/inv_mpu.c ****     if (i2c_write(st.hw->addr, st.reg->s1_do, 1, &data))
1655:Modules/mpu6050/inv_mpu.c ****         return -1;
1656:Modules/mpu6050/inv_mpu.c ****     /* Enable/disable I2C master mode. */
1657:Modules/mpu6050/inv_mpu.c ****     if (i2c_write(st.hw->addr, st.reg->user_ctrl, 1, &user_ctrl))
1658:Modules/mpu6050/inv_mpu.c ****         return -1;
1659:Modules/mpu6050/inv_mpu.c **** #endif
1660:Modules/mpu6050/inv_mpu.c **** #endif
1661:Modules/mpu6050/inv_mpu.c **** 
1662:Modules/mpu6050/inv_mpu.c ****     st.chip_cfg.sensors = sensors;
1663:Modules/mpu6050/inv_mpu.c ****     st.chip_cfg.lp_accel_mode = 0;
1664:Modules/mpu6050/inv_mpu.c ****     delay_ms(50);
1665:Modules/mpu6050/inv_mpu.c ****     return 0;
1666:Modules/mpu6050/inv_mpu.c **** }
1667:Modules/mpu6050/inv_mpu.c **** 
1668:Modules/mpu6050/inv_mpu.c **** /**
1669:Modules/mpu6050/inv_mpu.c ****  *  @brief      Read the MPU interrupt status registers.
1670:Modules/mpu6050/inv_mpu.c ****  *  @param[out] status  Mask of interrupt bits.
1671:Modules/mpu6050/inv_mpu.c ****  *  @return     0 if successful.
1672:Modules/mpu6050/inv_mpu.c ****  */
1673:Modules/mpu6050/inv_mpu.c **** int mpu_get_int_status(short *status)
1674:Modules/mpu6050/inv_mpu.c **** {
1675:Modules/mpu6050/inv_mpu.c ****     unsigned char tmp[2];
1676:Modules/mpu6050/inv_mpu.c ****     if (!st.chip_cfg.sensors)
1677:Modules/mpu6050/inv_mpu.c ****         return -1;
1678:Modules/mpu6050/inv_mpu.c ****     if (i2c_read(st.hw->addr, st.reg->dmp_int_status, 2, tmp))
1679:Modules/mpu6050/inv_mpu.c ****         return -1;
1680:Modules/mpu6050/inv_mpu.c ****     status[0] = (tmp[0] << 8) | tmp[1];
1681:Modules/mpu6050/inv_mpu.c ****     return 0;
1682:Modules/mpu6050/inv_mpu.c **** }
1683:Modules/mpu6050/inv_mpu.c **** 
1684:Modules/mpu6050/inv_mpu.c **** /**
ARM GAS  C:\Users\FASCIN~1\AppData\Local\Temp\ccNBUjvk.s 			page 31


1685:Modules/mpu6050/inv_mpu.c ****  *  @brief      Get one packet from the FIFO.
1686:Modules/mpu6050/inv_mpu.c ****  *  If @e sensors does not contain a particular sensor, disregard the data
1687:Modules/mpu6050/inv_mpu.c ****  *  returned to that pointer.
1688:Modules/mpu6050/inv_mpu.c ****  *  \n @e sensors can contain a combination of the following flags:
1689:Modules/mpu6050/inv_mpu.c ****  *  \n INV_X_GYRO, INV_Y_GYRO, INV_Z_GYRO
1690:Modules/mpu6050/inv_mpu.c ****  *  \n INV_XYZ_GYRO
1691:Modules/mpu6050/inv_mpu.c ****  *  \n INV_XYZ_ACCEL
1692:Modules/mpu6050/inv_mpu.c ****  *  \n If the FIFO has no new data, @e sensors will be zero.
1693:Modules/mpu6050/inv_mpu.c ****  *  \n If the FIFO is disabled, @e sensors will be zero and this function will
1694:Modules/mpu6050/inv_mpu.c ****  *  return a non-zero error code.
1695:Modules/mpu6050/inv_mpu.c ****  *  @param[out] gyro        Gyro data in hardware units.
1696:Modules/mpu6050/inv_mpu.c ****  *  @param[out] accel       Accel data in hardware units.
1697:Modules/mpu6050/inv_mpu.c ****  *  @param[out] timestamp   Timestamp in milliseconds.
1698:Modules/mpu6050/inv_mpu.c ****  *  @param[out] sensors     Mask of sensors read from FIFO.
1699:Modules/mpu6050/inv_mpu.c ****  *  @param[out] more        Number of remaining packets.
1700:Modules/mpu6050/inv_mpu.c ****  *  @return     0 if successful.
1701:Modules/mpu6050/inv_mpu.c ****  */
1702:Modules/mpu6050/inv_mpu.c **** int mpu_read_fifo(short *gyro, short *accel, unsigned long *timestamp,
1703:Modules/mpu6050/inv_mpu.c ****                   unsigned char *sensors, unsigned char *more)
1704:Modules/mpu6050/inv_mpu.c **** {
1705:Modules/mpu6050/inv_mpu.c ****     /* Assumes maximum packet size is gyro (6) + accel (6). */
1706:Modules/mpu6050/inv_mpu.c ****     unsigned char data[MAX_PACKET_LENGTH];
1707:Modules/mpu6050/inv_mpu.c ****     unsigned char packet_size = 0;
1708:Modules/mpu6050/inv_mpu.c ****     unsigned short fifo_count, index = 0;
1709:Modules/mpu6050/inv_mpu.c **** 
1710:Modules/mpu6050/inv_mpu.c ****     if (st.chip_cfg.dmp_on)
1711:Modules/mpu6050/inv_mpu.c ****         return -1;
1712:Modules/mpu6050/inv_mpu.c **** 
1713:Modules/mpu6050/inv_mpu.c ****     sensors[0] = 0;
1714:Modules/mpu6050/inv_mpu.c ****     if (!st.chip_cfg.sensors)
1715:Modules/mpu6050/inv_mpu.c ****         return -1;
1716:Modules/mpu6050/inv_mpu.c ****     if (!st.chip_cfg.fifo_enable)
1717:Modules/mpu6050/inv_mpu.c ****         return -1;
1718:Modules/mpu6050/inv_mpu.c **** 
1719:Modules/mpu6050/inv_mpu.c ****     if (st.chip_cfg.fifo_enable & INV_X_GYRO)
1720:Modules/mpu6050/inv_mpu.c ****         packet_size += 2;
1721:Modules/mpu6050/inv_mpu.c ****     if (st.chip_cfg.fifo_enable & INV_Y_GYRO)
1722:Modules/mpu6050/inv_mpu.c ****         packet_size += 2;
1723:Modules/mpu6050/inv_mpu.c ****     if (st.chip_cfg.fifo_enable & INV_Z_GYRO)
1724:Modules/mpu6050/inv_mpu.c ****         packet_size += 2;
1725:Modules/mpu6050/inv_mpu.c ****     if (st.chip_cfg.fifo_enable & INV_XYZ_ACCEL)
1726:Modules/mpu6050/inv_mpu.c ****         packet_size += 6;
1727:Modules/mpu6050/inv_mpu.c **** 
1728:Modules/mpu6050/inv_mpu.c ****     if (i2c_read(st.hw->addr, st.reg->fifo_count_h, 2, data))
1729:Modules/mpu6050/inv_mpu.c ****         return -1;
1730:Modules/mpu6050/inv_mpu.c ****     fifo_count = (data[0] << 8) | data[1];
1731:Modules/mpu6050/inv_mpu.c ****     if (fifo_count < packet_size)
1732:Modules/mpu6050/inv_mpu.c ****         return 0;
1733:Modules/mpu6050/inv_mpu.c **** //    log_i("FIFO count: %hd\n", fifo_count);
1734:Modules/mpu6050/inv_mpu.c ****     if (fifo_count > (st.hw->max_fifo >> 1)) {
1735:Modules/mpu6050/inv_mpu.c ****         /* FIFO is 50% full, better check overflow bit. */
1736:Modules/mpu6050/inv_mpu.c ****         if (i2c_read(st.hw->addr, st.reg->int_status, 1, data))
1737:Modules/mpu6050/inv_mpu.c ****             return -1;
1738:Modules/mpu6050/inv_mpu.c ****         if (data[0] & BIT_FIFO_OVERFLOW) {
1739:Modules/mpu6050/inv_mpu.c ****             mpu_reset_fifo();
1740:Modules/mpu6050/inv_mpu.c ****             return -2;
1741:Modules/mpu6050/inv_mpu.c ****         }
ARM GAS  C:\Users\FASCIN~1\AppData\Local\Temp\ccNBUjvk.s 			page 32


1742:Modules/mpu6050/inv_mpu.c ****     }
1743:Modules/mpu6050/inv_mpu.c ****     get_ms((unsigned long*)timestamp);
1744:Modules/mpu6050/inv_mpu.c **** 
1745:Modules/mpu6050/inv_mpu.c ****     if (i2c_read(st.hw->addr, st.reg->fifo_r_w, packet_size, data))
1746:Modules/mpu6050/inv_mpu.c ****         return -1;
1747:Modules/mpu6050/inv_mpu.c ****     more[0] = fifo_count / packet_size - 1;
1748:Modules/mpu6050/inv_mpu.c ****     sensors[0] = 0;
1749:Modules/mpu6050/inv_mpu.c **** 
1750:Modules/mpu6050/inv_mpu.c ****     if ((index != packet_size) && st.chip_cfg.fifo_enable & INV_XYZ_ACCEL) {
1751:Modules/mpu6050/inv_mpu.c ****         accel[0] = (data[index+0] << 8) | data[index+1];
1752:Modules/mpu6050/inv_mpu.c ****         accel[1] = (data[index+2] << 8) | data[index+3];
1753:Modules/mpu6050/inv_mpu.c ****         accel[2] = (data[index+4] << 8) | data[index+5];
1754:Modules/mpu6050/inv_mpu.c ****         sensors[0] |= INV_XYZ_ACCEL;
1755:Modules/mpu6050/inv_mpu.c ****         index += 6;
1756:Modules/mpu6050/inv_mpu.c ****     }
1757:Modules/mpu6050/inv_mpu.c ****     if ((index != packet_size) && st.chip_cfg.fifo_enable & INV_X_GYRO) {
1758:Modules/mpu6050/inv_mpu.c ****         gyro[0] = (data[index+0] << 8) | data[index+1];
1759:Modules/mpu6050/inv_mpu.c ****         sensors[0] |= INV_X_GYRO;
1760:Modules/mpu6050/inv_mpu.c ****         index += 2;
1761:Modules/mpu6050/inv_mpu.c ****     }
1762:Modules/mpu6050/inv_mpu.c ****     if ((index != packet_size) && st.chip_cfg.fifo_enable & INV_Y_GYRO) {
1763:Modules/mpu6050/inv_mpu.c ****         gyro[1] = (data[index+0] << 8) | data[index+1];
1764:Modules/mpu6050/inv_mpu.c ****         sensors[0] |= INV_Y_GYRO;
1765:Modules/mpu6050/inv_mpu.c ****         index += 2;
1766:Modules/mpu6050/inv_mpu.c ****     }
1767:Modules/mpu6050/inv_mpu.c ****     if ((index != packet_size) && st.chip_cfg.fifo_enable & INV_Z_GYRO) {
1768:Modules/mpu6050/inv_mpu.c ****         gyro[2] = (data[index+0] << 8) | data[index+1];
1769:Modules/mpu6050/inv_mpu.c ****         sensors[0] |= INV_Z_GYRO;
1770:Modules/mpu6050/inv_mpu.c ****         index += 2;
1771:Modules/mpu6050/inv_mpu.c ****     }
1772:Modules/mpu6050/inv_mpu.c **** 
1773:Modules/mpu6050/inv_mpu.c ****     return 0;
1774:Modules/mpu6050/inv_mpu.c **** }
1775:Modules/mpu6050/inv_mpu.c **** 
1776:Modules/mpu6050/inv_mpu.c **** /**
1777:Modules/mpu6050/inv_mpu.c ****  *  @brief      Get one unparsed packet from the FIFO.
1778:Modules/mpu6050/inv_mpu.c ****  *  This function should be used if the packet is to be parsed elsewhere.
1779:Modules/mpu6050/inv_mpu.c ****  *  @param[in]  length  Length of one FIFO packet.
1780:Modules/mpu6050/inv_mpu.c ****  *  @param[in]  data    FIFO packet.
1781:Modules/mpu6050/inv_mpu.c ****  *  @param[in]  more    Number of remaining packets.
1782:Modules/mpu6050/inv_mpu.c ****  */
1783:Modules/mpu6050/inv_mpu.c **** int mpu_read_fifo_stream(unsigned short length, unsigned char *data,
1784:Modules/mpu6050/inv_mpu.c ****                          unsigned char *more)
1785:Modules/mpu6050/inv_mpu.c **** {
1786:Modules/mpu6050/inv_mpu.c ****     unsigned char tmp[2];
1787:Modules/mpu6050/inv_mpu.c ****     unsigned short fifo_count;
1788:Modules/mpu6050/inv_mpu.c ****     if (!st.chip_cfg.dmp_on)
1789:Modules/mpu6050/inv_mpu.c ****         return -1;
1790:Modules/mpu6050/inv_mpu.c ****     if (!st.chip_cfg.sensors)
1791:Modules/mpu6050/inv_mpu.c ****         return -1;
1792:Modules/mpu6050/inv_mpu.c **** 
1793:Modules/mpu6050/inv_mpu.c ****     if (i2c_read(st.hw->addr, st.reg->fifo_count_h, 2, tmp))
1794:Modules/mpu6050/inv_mpu.c ****         return -1;
1795:Modules/mpu6050/inv_mpu.c ****     fifo_count = (tmp[0] << 8) | tmp[1];
1796:Modules/mpu6050/inv_mpu.c ****     if (fifo_count < length) {
1797:Modules/mpu6050/inv_mpu.c ****         more[0] = 0;
1798:Modules/mpu6050/inv_mpu.c ****         return -1;
ARM GAS  C:\Users\FASCIN~1\AppData\Local\Temp\ccNBUjvk.s 			page 33


1799:Modules/mpu6050/inv_mpu.c ****     }
1800:Modules/mpu6050/inv_mpu.c ****     if (fifo_count > (st.hw->max_fifo >> 1)) {
1801:Modules/mpu6050/inv_mpu.c ****         /* FIFO is 50% full, better check overflow bit. */
1802:Modules/mpu6050/inv_mpu.c ****         if (i2c_read(st.hw->addr, st.reg->int_status, 1, tmp))
1803:Modules/mpu6050/inv_mpu.c ****             return -1;
1804:Modules/mpu6050/inv_mpu.c ****         if (tmp[0] & BIT_FIFO_OVERFLOW) {
1805:Modules/mpu6050/inv_mpu.c ****             mpu_reset_fifo();
1806:Modules/mpu6050/inv_mpu.c ****             return -2;
1807:Modules/mpu6050/inv_mpu.c ****         }
1808:Modules/mpu6050/inv_mpu.c ****     }
1809:Modules/mpu6050/inv_mpu.c **** 
1810:Modules/mpu6050/inv_mpu.c ****     if (i2c_read(st.hw->addr, st.reg->fifo_r_w, length, data))
1811:Modules/mpu6050/inv_mpu.c ****         return -1;
1812:Modules/mpu6050/inv_mpu.c ****     more[0] = fifo_count / length - 1;
1813:Modules/mpu6050/inv_mpu.c ****     return 0;
1814:Modules/mpu6050/inv_mpu.c **** }
1815:Modules/mpu6050/inv_mpu.c **** 
1816:Modules/mpu6050/inv_mpu.c **** /**
1817:Modules/mpu6050/inv_mpu.c ****  *  @brief      Set device to bypass mode.
1818:Modules/mpu6050/inv_mpu.c ****  *  @param[in]  bypass_on   1 to enable bypass mode.
1819:Modules/mpu6050/inv_mpu.c ****  *  @return     0 if successful.
1820:Modules/mpu6050/inv_mpu.c ****  */
1821:Modules/mpu6050/inv_mpu.c **** int mpu_set_bypass(unsigned char bypass_on)
1822:Modules/mpu6050/inv_mpu.c **** {
1823:Modules/mpu6050/inv_mpu.c ****     unsigned char tmp;
1824:Modules/mpu6050/inv_mpu.c **** 
1825:Modules/mpu6050/inv_mpu.c ****     if (st.chip_cfg.bypass_mode == bypass_on)
1826:Modules/mpu6050/inv_mpu.c ****         return 0;
1827:Modules/mpu6050/inv_mpu.c **** 
1828:Modules/mpu6050/inv_mpu.c ****     if (bypass_on) {
1829:Modules/mpu6050/inv_mpu.c ****         if (i2c_read(st.hw->addr, st.reg->user_ctrl, 1, &tmp))
1830:Modules/mpu6050/inv_mpu.c ****             return -1;
1831:Modules/mpu6050/inv_mpu.c ****         tmp &= ~BIT_AUX_IF_EN;
1832:Modules/mpu6050/inv_mpu.c ****         if (i2c_write(st.hw->addr, st.reg->user_ctrl, 1, &tmp))
1833:Modules/mpu6050/inv_mpu.c ****             return -1;
1834:Modules/mpu6050/inv_mpu.c ****         delay_ms(3);
1835:Modules/mpu6050/inv_mpu.c ****         tmp = BIT_BYPASS_EN;
1836:Modules/mpu6050/inv_mpu.c ****         if (st.chip_cfg.active_low_int)
1837:Modules/mpu6050/inv_mpu.c ****             tmp |= BIT_ACTL;
1838:Modules/mpu6050/inv_mpu.c ****         if (st.chip_cfg.latched_int)
1839:Modules/mpu6050/inv_mpu.c ****             tmp |= BIT_LATCH_EN | BIT_ANY_RD_CLR;
1840:Modules/mpu6050/inv_mpu.c ****         if (i2c_write(st.hw->addr, st.reg->int_pin_cfg, 1, &tmp))
1841:Modules/mpu6050/inv_mpu.c ****             return -1;
1842:Modules/mpu6050/inv_mpu.c ****     } else {
1843:Modules/mpu6050/inv_mpu.c ****         /* Enable I2C master mode if compass is being used. */
1844:Modules/mpu6050/inv_mpu.c ****         if (i2c_read(st.hw->addr, st.reg->user_ctrl, 1, &tmp))
1845:Modules/mpu6050/inv_mpu.c ****             return -1;
1846:Modules/mpu6050/inv_mpu.c ****         if (st.chip_cfg.sensors & INV_XYZ_COMPASS)
1847:Modules/mpu6050/inv_mpu.c ****             tmp |= BIT_AUX_IF_EN;
1848:Modules/mpu6050/inv_mpu.c ****         else
1849:Modules/mpu6050/inv_mpu.c ****             tmp &= ~BIT_AUX_IF_EN;
1850:Modules/mpu6050/inv_mpu.c ****         if (i2c_write(st.hw->addr, st.reg->user_ctrl, 1, &tmp))
1851:Modules/mpu6050/inv_mpu.c ****             return -1;
1852:Modules/mpu6050/inv_mpu.c ****         delay_ms(3);
1853:Modules/mpu6050/inv_mpu.c ****         if (st.chip_cfg.active_low_int)
1854:Modules/mpu6050/inv_mpu.c ****             tmp = BIT_ACTL;
1855:Modules/mpu6050/inv_mpu.c ****         else
ARM GAS  C:\Users\FASCIN~1\AppData\Local\Temp\ccNBUjvk.s 			page 34


1856:Modules/mpu6050/inv_mpu.c ****             tmp = 0;
1857:Modules/mpu6050/inv_mpu.c ****         if (st.chip_cfg.latched_int)
1858:Modules/mpu6050/inv_mpu.c ****             tmp |= BIT_LATCH_EN | BIT_ANY_RD_CLR;
1859:Modules/mpu6050/inv_mpu.c ****         if (i2c_write(st.hw->addr, st.reg->int_pin_cfg, 1, &tmp))
1860:Modules/mpu6050/inv_mpu.c ****             return -1;
1861:Modules/mpu6050/inv_mpu.c ****     }
1862:Modules/mpu6050/inv_mpu.c ****     st.chip_cfg.bypass_mode = bypass_on;
1863:Modules/mpu6050/inv_mpu.c ****     return 0;
1864:Modules/mpu6050/inv_mpu.c **** }
1865:Modules/mpu6050/inv_mpu.c **** 
1866:Modules/mpu6050/inv_mpu.c **** /**
1867:Modules/mpu6050/inv_mpu.c ****  *  @brief      Set interrupt level.
1868:Modules/mpu6050/inv_mpu.c ****  *  @param[in]  active_low  1 for active low, 0 for active high.
1869:Modules/mpu6050/inv_mpu.c ****  *  @return     0 if successful.
1870:Modules/mpu6050/inv_mpu.c ****  */
1871:Modules/mpu6050/inv_mpu.c **** int mpu_set_int_level(unsigned char active_low)
1872:Modules/mpu6050/inv_mpu.c **** {
1873:Modules/mpu6050/inv_mpu.c ****     st.chip_cfg.active_low_int = active_low;
1874:Modules/mpu6050/inv_mpu.c ****     return 0;
1875:Modules/mpu6050/inv_mpu.c **** }
1876:Modules/mpu6050/inv_mpu.c **** 
1877:Modules/mpu6050/inv_mpu.c **** /**
1878:Modules/mpu6050/inv_mpu.c ****  *  @brief      Enable latched interrupts.
1879:Modules/mpu6050/inv_mpu.c ****  *  Any MPU register will clear the interrupt.
1880:Modules/mpu6050/inv_mpu.c ****  *  @param[in]  enable  1 to enable, 0 to disable.
1881:Modules/mpu6050/inv_mpu.c ****  *  @return     0 if successful.
1882:Modules/mpu6050/inv_mpu.c ****  */
1883:Modules/mpu6050/inv_mpu.c **** int mpu_set_int_latched(unsigned char enable)
1884:Modules/mpu6050/inv_mpu.c **** {
1885:Modules/mpu6050/inv_mpu.c ****     unsigned char tmp;
1886:Modules/mpu6050/inv_mpu.c ****     if (st.chip_cfg.latched_int == enable)
1887:Modules/mpu6050/inv_mpu.c ****         return 0;
1888:Modules/mpu6050/inv_mpu.c **** 
1889:Modules/mpu6050/inv_mpu.c ****     if (enable)
1890:Modules/mpu6050/inv_mpu.c ****         tmp = BIT_LATCH_EN | BIT_ANY_RD_CLR;
1891:Modules/mpu6050/inv_mpu.c ****     else
1892:Modules/mpu6050/inv_mpu.c ****         tmp = 0;
1893:Modules/mpu6050/inv_mpu.c ****     if (st.chip_cfg.bypass_mode)
1894:Modules/mpu6050/inv_mpu.c ****         tmp |= BIT_BYPASS_EN;
1895:Modules/mpu6050/inv_mpu.c ****     if (st.chip_cfg.active_low_int)
1896:Modules/mpu6050/inv_mpu.c ****         tmp |= BIT_ACTL;
1897:Modules/mpu6050/inv_mpu.c ****     if (i2c_write(st.hw->addr, st.reg->int_pin_cfg, 1, &tmp))
1898:Modules/mpu6050/inv_mpu.c ****         return -1;
1899:Modules/mpu6050/inv_mpu.c ****     st.chip_cfg.latched_int = enable;
1900:Modules/mpu6050/inv_mpu.c ****     return 0;
1901:Modules/mpu6050/inv_mpu.c **** }
1902:Modules/mpu6050/inv_mpu.c **** 
1903:Modules/mpu6050/inv_mpu.c **** #ifdef MPU6050
1904:Modules/mpu6050/inv_mpu.c **** static int get_accel_prod_shift(float *st_shift)
1905:Modules/mpu6050/inv_mpu.c **** {
  28              		.loc 1 1905 1 view -0
  29              		.cfi_startproc
  30              		@ args = 0, pretend = 0, frame = 8
  31              		@ frame_needed = 0, uses_anonymous_args = 0
  32              		.loc 1 1905 1 is_stmt 0 view .LVU1
  33 0000 F0B5     		push	{r4, r5, r6, r7, lr}
  34              	.LCFI0:
ARM GAS  C:\Users\FASCIN~1\AppData\Local\Temp\ccNBUjvk.s 			page 35


  35              		.cfi_def_cfa_offset 20
  36              		.cfi_offset 4, -20
  37              		.cfi_offset 5, -16
  38              		.cfi_offset 6, -12
  39              		.cfi_offset 7, -8
  40              		.cfi_offset 14, -4
  41 0002 83B0     		sub	sp, sp, #12
  42              	.LCFI1:
  43              		.cfi_def_cfa_offset 32
  44 0004 0746     		mov	r7, r0
1906:Modules/mpu6050/inv_mpu.c ****     unsigned char tmp[4], shift_code[3], ii;
  45              		.loc 1 1906 5 is_stmt 1 view .LVU2
1907:Modules/mpu6050/inv_mpu.c **** 
1908:Modules/mpu6050/inv_mpu.c ****     if (i2c_read(st.hw->addr, 0x0D, 4, tmp))
  46              		.loc 1 1908 5 view .LVU3
  47              		.loc 1 1908 20 is_stmt 0 view .LVU4
  48 0006 2C4B     		ldr	r3, .L12
  49 0008 5868     		ldr	r0, [r3, #4]
  50              	.LVL1:
  51              		.loc 1 1908 9 view .LVU5
  52 000a 01AB     		add	r3, sp, #4
  53 000c 0422     		movs	r2, #4
  54 000e 0D21     		movs	r1, #13
  55 0010 0078     		ldrb	r0, [r0]	@ zero_extendqisi2
  56 0012 FFF7FEFF 		bl	MPU_Read_Len
  57              	.LVL2:
  58              		.loc 1 1908 8 discriminator 1 view .LVU6
  59 0016 0028     		cmp	r0, #0
  60 0018 4BD1     		bne	.L9
  61 001a 0446     		mov	r4, r0
1909:Modules/mpu6050/inv_mpu.c ****         return 0x07;
1910:Modules/mpu6050/inv_mpu.c **** 
1911:Modules/mpu6050/inv_mpu.c ****     shift_code[0] = ((tmp[0] & 0xE0) >> 3) | ((tmp[3] & 0x30) >> 4);
  62              		.loc 1 1911 5 is_stmt 1 view .LVU7
  63              		.loc 1 1911 26 is_stmt 0 view .LVU8
  64 001c 9DF80420 		ldrb	r2, [sp, #4]	@ zero_extendqisi2
  65              		.loc 1 1911 38 view .LVU9
  66 0020 D210     		asrs	r2, r2, #3
  67 0022 02F01C02 		and	r2, r2, #28
  68              		.loc 1 1911 51 view .LVU10
  69 0026 9DF80730 		ldrb	r3, [sp, #7]	@ zero_extendqisi2
  70              		.loc 1 1911 63 view .LVU11
  71 002a C3F30111 		ubfx	r1, r3, #4, #2
  72              		.loc 1 1911 44 view .LVU12
  73 002e 0A43     		orrs	r2, r2, r1
  74              		.loc 1 1911 19 view .LVU13
  75 0030 8DF80020 		strb	r2, [sp]
1912:Modules/mpu6050/inv_mpu.c ****     shift_code[1] = ((tmp[1] & 0xE0) >> 3) | ((tmp[3] & 0x0C) >> 2);
  76              		.loc 1 1912 5 is_stmt 1 view .LVU14
  77              		.loc 1 1912 26 is_stmt 0 view .LVU15
  78 0034 9DF80520 		ldrb	r2, [sp, #5]	@ zero_extendqisi2
  79              		.loc 1 1912 38 view .LVU16
  80 0038 D210     		asrs	r2, r2, #3
  81 003a 02F01C02 		and	r2, r2, #28
  82              		.loc 1 1912 63 view .LVU17
  83 003e C3F38101 		ubfx	r1, r3, #2, #2
  84              		.loc 1 1912 44 view .LVU18
ARM GAS  C:\Users\FASCIN~1\AppData\Local\Temp\ccNBUjvk.s 			page 36


  85 0042 0A43     		orrs	r2, r2, r1
  86              		.loc 1 1912 19 view .LVU19
  87 0044 8DF80120 		strb	r2, [sp, #1]
1913:Modules/mpu6050/inv_mpu.c ****     shift_code[2] = ((tmp[2] & 0xE0) >> 3) | (tmp[3] & 0x03);
  88              		.loc 1 1913 5 is_stmt 1 view .LVU20
  89              		.loc 1 1913 26 is_stmt 0 view .LVU21
  90 0048 9DF80620 		ldrb	r2, [sp, #6]	@ zero_extendqisi2
  91              		.loc 1 1913 38 view .LVU22
  92 004c D210     		asrs	r2, r2, #3
  93 004e 02F01C02 		and	r2, r2, #28
  94              		.loc 1 1913 44 view .LVU23
  95 0052 03F00303 		and	r3, r3, #3
  96 0056 1343     		orrs	r3, r3, r2
  97              		.loc 1 1913 19 view .LVU24
  98 0058 8DF80230 		strb	r3, [sp, #2]
1914:Modules/mpu6050/inv_mpu.c ****     for (ii = 0; ii < 3; ii++) {
  99              		.loc 1 1914 5 is_stmt 1 view .LVU25
 100              	.LVL3:
 101              		.loc 1 1914 5 is_stmt 0 view .LVU26
 102 005c 18E0     		b	.L3
 103              	.LVL4:
 104              	.L4:
1915:Modules/mpu6050/inv_mpu.c ****         if (!shift_code[ii]) {
1916:Modules/mpu6050/inv_mpu.c ****             st_shift[ii] = 0.f;
1917:Modules/mpu6050/inv_mpu.c ****             continue;
1918:Modules/mpu6050/inv_mpu.c ****         }
1919:Modules/mpu6050/inv_mpu.c ****         /* Equivalent to..
1920:Modules/mpu6050/inv_mpu.c ****          * st_shift[ii] = 0.34f * powf(0.92f/0.34f, (shift_code[ii]-1) / 30.f)
1921:Modules/mpu6050/inv_mpu.c ****          */
1922:Modules/mpu6050/inv_mpu.c ****         st_shift[ii] = 0.34f;
 105              		.loc 1 1922 9 is_stmt 1 view .LVU27
 106              		.loc 1 1922 17 is_stmt 0 view .LVU28
 107 005e 07EB8405 		add	r5, r7, r4, lsl #2
 108              		.loc 1 1922 22 view .LVU29
 109 0062 164B     		ldr	r3, .L12+4
 110 0064 47F82430 		str	r3, [r7, r4, lsl #2]	@ float
1923:Modules/mpu6050/inv_mpu.c ****         while (--shift_code[ii])
 111              		.loc 1 1923 9 is_stmt 1 view .LVU30
 112              		.loc 1 1923 15 is_stmt 0 view .LVU31
 113 0068 04E0     		b	.L6
 114              	.L7:
1924:Modules/mpu6050/inv_mpu.c ****             st_shift[ii] *= 1.034f;
 115              		.loc 1 1924 13 is_stmt 1 view .LVU32
 116              		.loc 1 1924 26 is_stmt 0 view .LVU33
 117 006a 1549     		ldr	r1, .L12+8
 118 006c 2868     		ldr	r0, [r5]	@ float
 119 006e FFF7FEFF 		bl	__aeabi_fmul
 120              	.LVL5:
 121 0072 2860     		str	r0, [r5]	@ float
 122              	.L6:
1923:Modules/mpu6050/inv_mpu.c ****         while (--shift_code[ii])
 123              		.loc 1 1923 16 is_stmt 1 view .LVU34
1923:Modules/mpu6050/inv_mpu.c ****         while (--shift_code[ii])
 124              		.loc 1 1923 28 is_stmt 0 view .LVU35
 125 0074 06F10803 		add	r3, r6, #8
 126 0078 0DEB0302 		add	r2, sp, r3
 127 007c 12F8083C 		ldrb	r3, [r2, #-8]	@ zero_extendqisi2
ARM GAS  C:\Users\FASCIN~1\AppData\Local\Temp\ccNBUjvk.s 			page 37


1923:Modules/mpu6050/inv_mpu.c ****         while (--shift_code[ii])
 128              		.loc 1 1923 16 view .LVU36
 129 0080 013B     		subs	r3, r3, #1
 130 0082 DBB2     		uxtb	r3, r3
 131 0084 02F8083C 		strb	r3, [r2, #-8]
 132 0088 002B     		cmp	r3, #0
 133 008a EED1     		bne	.L7
 134              	.L5:
1914:Modules/mpu6050/inv_mpu.c ****         if (!shift_code[ii]) {
 135              		.loc 1 1914 28 is_stmt 1 discriminator 2 view .LVU37
 136 008c 0134     		adds	r4, r4, #1
 137              	.LVL6:
1914:Modules/mpu6050/inv_mpu.c ****         if (!shift_code[ii]) {
 138              		.loc 1 1914 28 is_stmt 0 discriminator 2 view .LVU38
 139 008e E4B2     		uxtb	r4, r4
 140              	.LVL7:
 141              	.L3:
1914:Modules/mpu6050/inv_mpu.c ****         if (!shift_code[ii]) {
 142              		.loc 1 1914 21 is_stmt 1 discriminator 1 view .LVU39
 143 0090 022C     		cmp	r4, #2
 144 0092 0BD8     		bhi	.L11
1915:Modules/mpu6050/inv_mpu.c ****             st_shift[ii] = 0.f;
 145              		.loc 1 1915 9 view .LVU40
1915:Modules/mpu6050/inv_mpu.c ****             st_shift[ii] = 0.f;
 146              		.loc 1 1915 24 is_stmt 0 view .LVU41
 147 0094 2646     		mov	r6, r4
 148 0096 04F10803 		add	r3, r4, #8
 149 009a 6B44     		add	r3, sp, r3
 150 009c 13F8083C 		ldrb	r3, [r3, #-8]	@ zero_extendqisi2
1915:Modules/mpu6050/inv_mpu.c ****             st_shift[ii] = 0.f;
 151              		.loc 1 1915 12 view .LVU42
 152 00a0 002B     		cmp	r3, #0
 153 00a2 DCD1     		bne	.L4
1916:Modules/mpu6050/inv_mpu.c ****             continue;
 154              		.loc 1 1916 13 is_stmt 1 view .LVU43
1916:Modules/mpu6050/inv_mpu.c ****             continue;
 155              		.loc 1 1916 26 is_stmt 0 view .LVU44
 156 00a4 0023     		movs	r3, #0
 157 00a6 47F82430 		str	r3, [r7, r4, lsl #2]	@ float
1917:Modules/mpu6050/inv_mpu.c ****         }
 158              		.loc 1 1917 13 is_stmt 1 view .LVU45
 159 00aa EFE7     		b	.L5
 160              	.L11:
1925:Modules/mpu6050/inv_mpu.c ****     }
1926:Modules/mpu6050/inv_mpu.c ****     return 0;
 161              		.loc 1 1926 12 is_stmt 0 view .LVU46
 162 00ac 0020     		movs	r0, #0
 163              	.LVL8:
 164              	.L1:
1927:Modules/mpu6050/inv_mpu.c **** }
 165              		.loc 1 1927 1 view .LVU47
 166 00ae 03B0     		add	sp, sp, #12
 167              	.LCFI2:
 168              		.cfi_remember_state
 169              		.cfi_def_cfa_offset 20
 170              		@ sp needed
 171 00b0 F0BD     		pop	{r4, r5, r6, r7, pc}
ARM GAS  C:\Users\FASCIN~1\AppData\Local\Temp\ccNBUjvk.s 			page 38


 172              	.LVL9:
 173              	.L9:
 174              	.LCFI3:
 175              		.cfi_restore_state
1909:Modules/mpu6050/inv_mpu.c **** 
 176              		.loc 1 1909 16 view .LVU48
 177 00b2 0720     		movs	r0, #7
 178 00b4 FBE7     		b	.L1
 179              	.L13:
 180 00b6 00BF     		.align	2
 181              	.L12:
 182 00b8 00000000 		.word	st
 183 00bc 7B14AE3E 		.word	1051595899
 184 00c0 1D5A843F 		.word	1065638429
 185              		.cfi_endproc
 186              	.LFE100:
 188              		.global	__aeabi_i2f
 189              		.global	__aeabi_fcmpeq
 190              		.global	__aeabi_fdiv
 191              		.global	__aeabi_fsub
 192              		.global	__aeabi_fcmpgt
 193              		.global	__aeabi_fcmplt
 194              		.section	.text.accel_self_test,"ax",%progbits
 195              		.align	1
 196              		.syntax unified
 197              		.thumb
 198              		.thumb_func
 200              	accel_self_test:
 201              	.LVL10:
 202              	.LFB101:
1928:Modules/mpu6050/inv_mpu.c **** 
1929:Modules/mpu6050/inv_mpu.c **** static int accel_self_test(long *bias_regular, long *bias_st)
1930:Modules/mpu6050/inv_mpu.c **** {
 203              		.loc 1 1930 1 is_stmt 1 view -0
 204              		.cfi_startproc
 205              		@ args = 0, pretend = 0, frame = 16
 206              		@ frame_needed = 0, uses_anonymous_args = 0
 207              		.loc 1 1930 1 is_stmt 0 view .LVU50
 208 0000 2DE9F043 		push	{r4, r5, r6, r7, r8, r9, lr}
 209              	.LCFI4:
 210              		.cfi_def_cfa_offset 28
 211              		.cfi_offset 4, -28
 212              		.cfi_offset 5, -24
 213              		.cfi_offset 6, -20
 214              		.cfi_offset 7, -16
 215              		.cfi_offset 8, -12
 216              		.cfi_offset 9, -8
 217              		.cfi_offset 14, -4
 218 0004 85B0     		sub	sp, sp, #20
 219              	.LCFI5:
 220              		.cfi_def_cfa_offset 48
 221 0006 8146     		mov	r9, r0
 222 0008 8846     		mov	r8, r1
1931:Modules/mpu6050/inv_mpu.c ****     int jj, result = 0;
 223              		.loc 1 1931 5 is_stmt 1 view .LVU51
 224              	.LVL11:
1932:Modules/mpu6050/inv_mpu.c ****     float st_shift[3], st_shift_cust, st_shift_var;
ARM GAS  C:\Users\FASCIN~1\AppData\Local\Temp\ccNBUjvk.s 			page 39


 225              		.loc 1 1932 5 view .LVU52
1933:Modules/mpu6050/inv_mpu.c **** 
1934:Modules/mpu6050/inv_mpu.c ****     get_accel_prod_shift(st_shift);
 226              		.loc 1 1934 5 view .LVU53
 227 000a 01A8     		add	r0, sp, #4
 228              	.LVL12:
 229              		.loc 1 1934 5 is_stmt 0 view .LVU54
 230 000c FFF7FEFF 		bl	get_accel_prod_shift
 231              	.LVL13:
1935:Modules/mpu6050/inv_mpu.c ****     for(jj = 0; jj < 3; jj++) {
 232              		.loc 1 1935 5 is_stmt 1 view .LVU55
1931:Modules/mpu6050/inv_mpu.c ****     float st_shift[3], st_shift_cust, st_shift_var;
 233              		.loc 1 1931 13 is_stmt 0 view .LVU56
 234 0010 0027     		movs	r7, #0
 235              		.loc 1 1935 12 view .LVU57
 236 0012 3C46     		mov	r4, r7
 237              		.loc 1 1935 5 view .LVU58
 238 0014 0DE0     		b	.L15
 239              	.LVL14:
 240              	.L25:
1936:Modules/mpu6050/inv_mpu.c ****         st_shift_cust = labs(bias_regular[jj] - bias_st[jj]) / 65536.f;
1937:Modules/mpu6050/inv_mpu.c ****         if (st_shift[jj]) {
1938:Modules/mpu6050/inv_mpu.c ****             st_shift_var = st_shift_cust / st_shift[jj] - 1.f;
1939:Modules/mpu6050/inv_mpu.c ****             if (fabs(st_shift_var) > test.max_accel_var)
1940:Modules/mpu6050/inv_mpu.c ****                 result |= 1 << jj;
1941:Modules/mpu6050/inv_mpu.c ****         } else if ((st_shift_cust < test.min_g) ||
 241              		.loc 1 1941 16 is_stmt 1 view .LVU59
 242              		.loc 1 1941 19 is_stmt 0 view .LVU60
 243 0016 2149     		ldr	r1, .L28
 244 0018 3046     		mov	r0, r6
 245 001a FFF7FEFF 		bl	__aeabi_fcmplt
 246              	.LVL15:
 247 001e 20B9     		cbnz	r0, .L20
 248              		.loc 1 1941 49 discriminator 1 view .LVU61
 249 0020 1F49     		ldr	r1, .L28+4
 250 0022 3046     		mov	r0, r6
 251 0024 FFF7FEFF 		bl	__aeabi_fcmpgt
 252              	.LVL16:
 253 0028 10B1     		cbz	r0, .L18
 254              	.L20:
1942:Modules/mpu6050/inv_mpu.c ****                    (st_shift_cust > test.max_g))
1943:Modules/mpu6050/inv_mpu.c ****             result |= 1 << jj;
 255              		.loc 1 1943 13 is_stmt 1 view .LVU62
 256              		.loc 1 1943 25 is_stmt 0 view .LVU63
 257 002a 0123     		movs	r3, #1
 258 002c A340     		lsls	r3, r3, r4
 259              		.loc 1 1943 20 view .LVU64
 260 002e 1F43     		orrs	r7, r7, r3
 261              	.LVL17:
 262              	.L18:
1935:Modules/mpu6050/inv_mpu.c ****         st_shift_cust = labs(bias_regular[jj] - bias_st[jj]) / 65536.f;
 263              		.loc 1 1935 27 is_stmt 1 discriminator 2 view .LVU65
 264 0030 0134     		adds	r4, r4, #1
 265              	.LVL18:
 266              	.L15:
1935:Modules/mpu6050/inv_mpu.c ****         st_shift_cust = labs(bias_regular[jj] - bias_st[jj]) / 65536.f;
 267              		.loc 1 1935 20 discriminator 1 view .LVU66
ARM GAS  C:\Users\FASCIN~1\AppData\Local\Temp\ccNBUjvk.s 			page 40


 268 0032 022C     		cmp	r4, #2
 269 0034 2EDC     		bgt	.L27
1936:Modules/mpu6050/inv_mpu.c ****         st_shift_cust = labs(bias_regular[jj] - bias_st[jj]) / 65536.f;
 270              		.loc 1 1936 9 view .LVU67
1936:Modules/mpu6050/inv_mpu.c ****         st_shift_cust = labs(bias_regular[jj] - bias_st[jj]) / 65536.f;
 271              		.loc 1 1936 42 is_stmt 0 view .LVU68
 272 0036 A500     		lsls	r5, r4, #2
 273 0038 59F82400 		ldr	r0, [r9, r4, lsl #2]
1936:Modules/mpu6050/inv_mpu.c ****         st_shift_cust = labs(bias_regular[jj] - bias_st[jj]) / 65536.f;
 274              		.loc 1 1936 56 view .LVU69
 275 003c 58F82430 		ldr	r3, [r8, r4, lsl #2]
1936:Modules/mpu6050/inv_mpu.c ****         st_shift_cust = labs(bias_regular[jj] - bias_st[jj]) / 65536.f;
 276              		.loc 1 1936 47 view .LVU70
 277 0040 C01A     		subs	r0, r0, r3
1936:Modules/mpu6050/inv_mpu.c ****         st_shift_cust = labs(bias_regular[jj] - bias_st[jj]) / 65536.f;
 278              		.loc 1 1936 62 view .LVU71
 279 0042 0028     		cmp	r0, #0
 280 0044 B8BF     		it	lt
 281 0046 4042     		rsblt	r0, r0, #0
 282 0048 FFF7FEFF 		bl	__aeabi_i2f
 283              	.LVL19:
1936:Modules/mpu6050/inv_mpu.c ****         st_shift_cust = labs(bias_regular[jj] - bias_st[jj]) / 65536.f;
 284              		.loc 1 1936 23 view .LVU72
 285 004c 4FF05E51 		mov	r1, #931135488
 286 0050 FFF7FEFF 		bl	__aeabi_fmul
 287              	.LVL20:
 288 0054 0646     		mov	r6, r0
 289              	.LVL21:
1937:Modules/mpu6050/inv_mpu.c ****             st_shift_var = st_shift_cust / st_shift[jj] - 1.f;
 290              		.loc 1 1937 9 is_stmt 1 view .LVU73
1937:Modules/mpu6050/inv_mpu.c ****             st_shift_var = st_shift_cust / st_shift[jj] - 1.f;
 291              		.loc 1 1937 21 is_stmt 0 view .LVU74
 292 0056 05F11003 		add	r3, r5, #16
 293 005a 0DEB0305 		add	r5, sp, r3
 294 005e 55F80C5C 		ldr	r5, [r5, #-12]	@ float
1937:Modules/mpu6050/inv_mpu.c ****             st_shift_var = st_shift_cust / st_shift[jj] - 1.f;
 295              		.loc 1 1937 12 view .LVU75
 296 0062 0021     		movs	r1, #0
 297 0064 2846     		mov	r0, r5
 298              	.LVL22:
1937:Modules/mpu6050/inv_mpu.c ****             st_shift_var = st_shift_cust / st_shift[jj] - 1.f;
 299              		.loc 1 1937 12 view .LVU76
 300 0066 FFF7FEFF 		bl	__aeabi_fcmpeq
 301              	.LVL23:
 302 006a 0028     		cmp	r0, #0
 303 006c D3D1     		bne	.L25
1938:Modules/mpu6050/inv_mpu.c ****             if (fabs(st_shift_var) > test.max_accel_var)
 304              		.loc 1 1938 13 is_stmt 1 view .LVU77
1938:Modules/mpu6050/inv_mpu.c ****             if (fabs(st_shift_var) > test.max_accel_var)
 305              		.loc 1 1938 42 is_stmt 0 view .LVU78
 306 006e 2946     		mov	r1, r5
 307 0070 3046     		mov	r0, r6
 308 0072 FFF7FEFF 		bl	__aeabi_fdiv
 309              	.LVL24:
1938:Modules/mpu6050/inv_mpu.c ****             if (fabs(st_shift_var) > test.max_accel_var)
 310              		.loc 1 1938 26 view .LVU79
 311 0076 4FF07E51 		mov	r1, #1065353216
ARM GAS  C:\Users\FASCIN~1\AppData\Local\Temp\ccNBUjvk.s 			page 41


 312 007a FFF7FEFF 		bl	__aeabi_fsub
 313              	.LVL25:
1939:Modules/mpu6050/inv_mpu.c ****                 result |= 1 << jj;
 314              		.loc 1 1939 13 is_stmt 1 view .LVU80
1939:Modules/mpu6050/inv_mpu.c ****                 result |= 1 << jj;
 315              		.loc 1 1939 17 is_stmt 0 view .LVU81
 316 007e 20F00040 		bic	r0, r0, #-2147483648
 317              	.LVL26:
1939:Modules/mpu6050/inv_mpu.c ****                 result |= 1 << jj;
 318              		.loc 1 1939 16 view .LVU82
 319 0082 0849     		ldr	r1, .L28+8
 320 0084 FFF7FEFF 		bl	__aeabi_fcmpgt
 321              	.LVL27:
 322 0088 0028     		cmp	r0, #0
 323 008a D1D0     		beq	.L18
1940:Modules/mpu6050/inv_mpu.c ****         } else if ((st_shift_cust < test.min_g) ||
 324              		.loc 1 1940 17 is_stmt 1 view .LVU83
1940:Modules/mpu6050/inv_mpu.c ****         } else if ((st_shift_cust < test.min_g) ||
 325              		.loc 1 1940 29 is_stmt 0 view .LVU84
 326 008c 0123     		movs	r3, #1
 327 008e A340     		lsls	r3, r3, r4
1940:Modules/mpu6050/inv_mpu.c ****         } else if ((st_shift_cust < test.min_g) ||
 328              		.loc 1 1940 24 view .LVU85
 329 0090 1F43     		orrs	r7, r7, r3
 330              	.LVL28:
1940:Modules/mpu6050/inv_mpu.c ****         } else if ((st_shift_cust < test.min_g) ||
 331              		.loc 1 1940 24 view .LVU86
 332 0092 CDE7     		b	.L18
 333              	.LVL29:
 334              	.L27:
1944:Modules/mpu6050/inv_mpu.c ****     }
1945:Modules/mpu6050/inv_mpu.c **** 
1946:Modules/mpu6050/inv_mpu.c ****     return result;
 335              		.loc 1 1946 5 is_stmt 1 view .LVU87
1947:Modules/mpu6050/inv_mpu.c **** }
 336              		.loc 1 1947 1 is_stmt 0 view .LVU88
 337 0094 3846     		mov	r0, r7
 338 0096 05B0     		add	sp, sp, #20
 339              	.LCFI6:
 340              		.cfi_def_cfa_offset 28
 341              		@ sp needed
 342 0098 BDE8F083 		pop	{r4, r5, r6, r7, r8, r9, pc}
 343              	.LVL30:
 344              	.L29:
 345              		.loc 1 1947 1 view .LVU89
 346              		.align	2
 347              	.L28:
 348 009c 9A99993E 		.word	1050253722
 349 00a0 3333733F 		.word	1064514355
 350 00a4 295C0F3E 		.word	1041194025
 351              		.cfi_endproc
 352              	.LFE101:
 354              		.section	.text.gyro_self_test,"ax",%progbits
 355              		.align	1
 356              		.syntax unified
 357              		.thumb
 358              		.thumb_func
ARM GAS  C:\Users\FASCIN~1\AppData\Local\Temp\ccNBUjvk.s 			page 42


 360              	gyro_self_test:
 361              	.LVL31:
 362              	.LFB102:
1948:Modules/mpu6050/inv_mpu.c **** 
1949:Modules/mpu6050/inv_mpu.c **** static int gyro_self_test(long *bias_regular, long *bias_st)
1950:Modules/mpu6050/inv_mpu.c **** {
 363              		.loc 1 1950 1 is_stmt 1 view -0
 364              		.cfi_startproc
 365              		@ args = 0, pretend = 0, frame = 8
 366              		@ frame_needed = 0, uses_anonymous_args = 0
 367              		.loc 1 1950 1 is_stmt 0 view .LVU91
 368 0000 2DE9F041 		push	{r4, r5, r6, r7, r8, lr}
 369              	.LCFI7:
 370              		.cfi_def_cfa_offset 24
 371              		.cfi_offset 4, -24
 372              		.cfi_offset 5, -20
 373              		.cfi_offset 6, -16
 374              		.cfi_offset 7, -12
 375              		.cfi_offset 8, -8
 376              		.cfi_offset 14, -4
 377 0004 82B0     		sub	sp, sp, #8
 378              	.LCFI8:
 379              		.cfi_def_cfa_offset 32
 380 0006 0746     		mov	r7, r0
 381 0008 8846     		mov	r8, r1
1951:Modules/mpu6050/inv_mpu.c ****     int jj, result = 0;
 382              		.loc 1 1951 5 is_stmt 1 view .LVU92
 383              	.LVL32:
1952:Modules/mpu6050/inv_mpu.c ****     unsigned char tmp[3];
 384              		.loc 1 1952 5 view .LVU93
1953:Modules/mpu6050/inv_mpu.c ****     float st_shift, st_shift_cust, st_shift_var;
 385              		.loc 1 1953 5 view .LVU94
1954:Modules/mpu6050/inv_mpu.c **** 
1955:Modules/mpu6050/inv_mpu.c ****     if (i2c_read(st.hw->addr, 0x0D, 3, tmp))
 386              		.loc 1 1955 5 view .LVU95
 387              		.loc 1 1955 20 is_stmt 0 view .LVU96
 388 000a 374B     		ldr	r3, .L47
 389 000c 5868     		ldr	r0, [r3, #4]
 390              	.LVL33:
 391              		.loc 1 1955 9 view .LVU97
 392 000e 01AB     		add	r3, sp, #4
 393 0010 0322     		movs	r2, #3
 394 0012 0D21     		movs	r1, #13
 395              	.LVL34:
 396              		.loc 1 1955 9 view .LVU98
 397 0014 0078     		ldrb	r0, [r0]	@ zero_extendqisi2
 398 0016 FFF7FEFF 		bl	MPU_Read_Len
 399              	.LVL35:
 400              		.loc 1 1955 8 discriminator 1 view .LVU99
 401 001a 0028     		cmp	r0, #0
 402 001c 5FD1     		bne	.L41
1956:Modules/mpu6050/inv_mpu.c ****         return 0x07;
1957:Modules/mpu6050/inv_mpu.c **** 
1958:Modules/mpu6050/inv_mpu.c ****     tmp[0] &= 0x1F;
 403              		.loc 1 1958 5 is_stmt 1 view .LVU100
 404              		.loc 1 1958 8 is_stmt 0 view .LVU101
 405 001e 9DF80430 		ldrb	r3, [sp, #4]	@ zero_extendqisi2
ARM GAS  C:\Users\FASCIN~1\AppData\Local\Temp\ccNBUjvk.s 			page 43


 406              		.loc 1 1958 12 view .LVU102
 407 0022 03F01F03 		and	r3, r3, #31
 408 0026 8DF80430 		strb	r3, [sp, #4]
1959:Modules/mpu6050/inv_mpu.c ****     tmp[1] &= 0x1F;
 409              		.loc 1 1959 5 is_stmt 1 view .LVU103
 410              		.loc 1 1959 8 is_stmt 0 view .LVU104
 411 002a 9DF80530 		ldrb	r3, [sp, #5]	@ zero_extendqisi2
 412              		.loc 1 1959 12 view .LVU105
 413 002e 03F01F03 		and	r3, r3, #31
 414 0032 8DF80530 		strb	r3, [sp, #5]
1960:Modules/mpu6050/inv_mpu.c ****     tmp[2] &= 0x1F;
 415              		.loc 1 1960 5 is_stmt 1 view .LVU106
 416              		.loc 1 1960 8 is_stmt 0 view .LVU107
 417 0036 9DF80630 		ldrb	r3, [sp, #6]	@ zero_extendqisi2
 418              		.loc 1 1960 12 view .LVU108
 419 003a 03F01F03 		and	r3, r3, #31
 420 003e 8DF80630 		strb	r3, [sp, #6]
1961:Modules/mpu6050/inv_mpu.c **** 
1962:Modules/mpu6050/inv_mpu.c ****     for (jj = 0; jj < 3; jj++) {
 421              		.loc 1 1962 5 is_stmt 1 view .LVU109
 422              	.LVL36:
1951:Modules/mpu6050/inv_mpu.c ****     unsigned char tmp[3];
 423              		.loc 1 1951 13 is_stmt 0 view .LVU110
 424 0042 0026     		movs	r6, #0
 425              		.loc 1 1962 13 view .LVU111
 426 0044 3446     		mov	r4, r6
 427              		.loc 1 1962 5 view .LVU112
 428 0046 26E0     		b	.L32
 429              	.LVL37:
 430              	.L35:
1963:Modules/mpu6050/inv_mpu.c ****         st_shift_cust = labs(bias_regular[jj] - bias_st[jj]) / 65536.f;
1964:Modules/mpu6050/inv_mpu.c ****         if (tmp[jj]) {
1965:Modules/mpu6050/inv_mpu.c ****             st_shift = 3275.f / test.gyro_sens;
1966:Modules/mpu6050/inv_mpu.c ****             while (--tmp[jj])
1967:Modules/mpu6050/inv_mpu.c ****                 st_shift *= 1.046f;
 431              		.loc 1 1967 17 is_stmt 1 view .LVU113
 432              		.loc 1 1967 26 is_stmt 0 view .LVU114
 433 0048 2849     		ldr	r1, .L47+4
 434 004a FFF7FEFF 		bl	__aeabi_fmul
 435              	.LVL38:
 436              	.L33:
1966:Modules/mpu6050/inv_mpu.c ****                 st_shift *= 1.046f;
 437              		.loc 1 1966 20 is_stmt 1 view .LVU115
1966:Modules/mpu6050/inv_mpu.c ****                 st_shift *= 1.046f;
 438              		.loc 1 1966 25 is_stmt 0 view .LVU116
 439 004e 04F10803 		add	r3, r4, #8
 440 0052 0DEB0302 		add	r2, sp, r3
 441 0056 12F8043C 		ldrb	r3, [r2, #-4]	@ zero_extendqisi2
1966:Modules/mpu6050/inv_mpu.c ****                 st_shift *= 1.046f;
 442              		.loc 1 1966 20 view .LVU117
 443 005a 013B     		subs	r3, r3, #1
 444 005c DBB2     		uxtb	r3, r3
 445 005e 02F8043C 		strb	r3, [r2, #-4]
 446 0062 002B     		cmp	r3, #0
 447 0064 F0D1     		bne	.L35
1968:Modules/mpu6050/inv_mpu.c ****             st_shift_var = st_shift_cust / st_shift - 1.f;
 448              		.loc 1 1968 13 is_stmt 1 view .LVU118
ARM GAS  C:\Users\FASCIN~1\AppData\Local\Temp\ccNBUjvk.s 			page 44


 449              		.loc 1 1968 42 is_stmt 0 view .LVU119
 450 0066 0146     		mov	r1, r0
 451 0068 2846     		mov	r0, r5
 452              	.LVL39:
 453              		.loc 1 1968 42 view .LVU120
 454 006a FFF7FEFF 		bl	__aeabi_fdiv
 455              	.LVL40:
 456              		.loc 1 1968 26 view .LVU121
 457 006e 4FF07E51 		mov	r1, #1065353216
 458 0072 FFF7FEFF 		bl	__aeabi_fsub
 459              	.LVL41:
1969:Modules/mpu6050/inv_mpu.c ****             if (fabs(st_shift_var) > test.max_gyro_var)
 460              		.loc 1 1969 13 is_stmt 1 view .LVU122
 461              		.loc 1 1969 17 is_stmt 0 view .LVU123
 462 0076 20F00040 		bic	r0, r0, #-2147483648
 463              	.LVL42:
 464              		.loc 1 1969 16 view .LVU124
 465 007a 1D49     		ldr	r1, .L47+8
 466 007c FFF7FEFF 		bl	__aeabi_fcmpgt
 467              	.LVL43:
 468 0080 40B1     		cbz	r0, .L36
1970:Modules/mpu6050/inv_mpu.c ****                 result |= 1 << jj;
 469              		.loc 1 1970 17 is_stmt 1 view .LVU125
 470              		.loc 1 1970 29 is_stmt 0 view .LVU126
 471 0082 0123     		movs	r3, #1
 472 0084 A340     		lsls	r3, r3, r4
 473              		.loc 1 1970 24 view .LVU127
 474 0086 1E43     		orrs	r6, r6, r3
 475              	.LVL44:
 476              		.loc 1 1970 24 view .LVU128
 477 0088 04E0     		b	.L36
 478              	.LVL45:
 479              	.L46:
1965:Modules/mpu6050/inv_mpu.c ****             while (--tmp[jj])
 480              		.loc 1 1965 22 view .LVU129
 481 008a 1A48     		ldr	r0, .L47+12
 482              	.LVL46:
1965:Modules/mpu6050/inv_mpu.c ****             while (--tmp[jj])
 483              		.loc 1 1965 22 view .LVU130
 484 008c DFE7     		b	.L33
 485              	.L38:
1971:Modules/mpu6050/inv_mpu.c ****         } else if ((st_shift_cust < test.min_dps) ||
1972:Modules/mpu6050/inv_mpu.c ****                    (st_shift_cust > test.max_dps))
1973:Modules/mpu6050/inv_mpu.c ****             result |= 1 << jj;
 486              		.loc 1 1973 13 is_stmt 1 view .LVU131
 487              		.loc 1 1973 25 is_stmt 0 view .LVU132
 488 008e 0123     		movs	r3, #1
 489 0090 A340     		lsls	r3, r3, r4
 490              		.loc 1 1973 20 view .LVU133
 491 0092 1E43     		orrs	r6, r6, r3
 492              	.LVL47:
 493              	.L36:
1962:Modules/mpu6050/inv_mpu.c ****         st_shift_cust = labs(bias_regular[jj] - bias_st[jj]) / 65536.f;
 494              		.loc 1 1962 28 is_stmt 1 discriminator 2 view .LVU134
 495 0094 0134     		adds	r4, r4, #1
 496              	.LVL48:
 497              	.L32:
ARM GAS  C:\Users\FASCIN~1\AppData\Local\Temp\ccNBUjvk.s 			page 45


1962:Modules/mpu6050/inv_mpu.c ****         st_shift_cust = labs(bias_regular[jj] - bias_st[jj]) / 65536.f;
 498              		.loc 1 1962 21 discriminator 1 view .LVU135
 499 0096 022C     		cmp	r4, #2
 500 0098 22DC     		bgt	.L30
1963:Modules/mpu6050/inv_mpu.c ****         if (tmp[jj]) {
 501              		.loc 1 1963 9 view .LVU136
1963:Modules/mpu6050/inv_mpu.c ****         if (tmp[jj]) {
 502              		.loc 1 1963 42 is_stmt 0 view .LVU137
 503 009a 57F82400 		ldr	r0, [r7, r4, lsl #2]
1963:Modules/mpu6050/inv_mpu.c ****         if (tmp[jj]) {
 504              		.loc 1 1963 56 view .LVU138
 505 009e 58F82430 		ldr	r3, [r8, r4, lsl #2]
1963:Modules/mpu6050/inv_mpu.c ****         if (tmp[jj]) {
 506              		.loc 1 1963 47 view .LVU139
 507 00a2 C01A     		subs	r0, r0, r3
1963:Modules/mpu6050/inv_mpu.c ****         if (tmp[jj]) {
 508              		.loc 1 1963 62 view .LVU140
 509 00a4 0028     		cmp	r0, #0
 510 00a6 B8BF     		it	lt
 511 00a8 4042     		rsblt	r0, r0, #0
 512 00aa FFF7FEFF 		bl	__aeabi_i2f
 513              	.LVL49:
1963:Modules/mpu6050/inv_mpu.c ****         if (tmp[jj]) {
 514              		.loc 1 1963 23 view .LVU141
 515 00ae 4FF05E51 		mov	r1, #931135488
 516 00b2 FFF7FEFF 		bl	__aeabi_fmul
 517              	.LVL50:
 518 00b6 0546     		mov	r5, r0
 519              	.LVL51:
1964:Modules/mpu6050/inv_mpu.c ****             st_shift = 3275.f / test.gyro_sens;
 520              		.loc 1 1964 9 is_stmt 1 view .LVU142
1964:Modules/mpu6050/inv_mpu.c ****             st_shift = 3275.f / test.gyro_sens;
 521              		.loc 1 1964 16 is_stmt 0 view .LVU143
 522 00b8 04F10803 		add	r3, r4, #8
 523 00bc 6B44     		add	r3, sp, r3
 524 00be 13F8043C 		ldrb	r3, [r3, #-4]	@ zero_extendqisi2
1964:Modules/mpu6050/inv_mpu.c ****             st_shift = 3275.f / test.gyro_sens;
 525              		.loc 1 1964 12 view .LVU144
 526 00c2 002B     		cmp	r3, #0
 527 00c4 E1D1     		bne	.L46
1971:Modules/mpu6050/inv_mpu.c ****                    (st_shift_cust > test.max_dps))
 528              		.loc 1 1971 16 is_stmt 1 view .LVU145
1971:Modules/mpu6050/inv_mpu.c ****                    (st_shift_cust > test.max_dps))
 529              		.loc 1 1971 19 is_stmt 0 view .LVU146
 530 00c6 0C49     		ldr	r1, .L47+16
 531 00c8 FFF7FEFF 		bl	__aeabi_fcmplt
 532              	.LVL52:
1971:Modules/mpu6050/inv_mpu.c ****                    (st_shift_cust > test.max_dps))
 533              		.loc 1 1971 19 view .LVU147
 534 00cc 0028     		cmp	r0, #0
 535 00ce DED1     		bne	.L38
1971:Modules/mpu6050/inv_mpu.c ****                    (st_shift_cust > test.max_dps))
 536              		.loc 1 1971 51 discriminator 1 view .LVU148
 537 00d0 0A49     		ldr	r1, .L47+20
 538 00d2 2846     		mov	r0, r5
 539 00d4 FFF7FEFF 		bl	__aeabi_fcmpgt
 540              	.LVL53:
ARM GAS  C:\Users\FASCIN~1\AppData\Local\Temp\ccNBUjvk.s 			page 46


 541 00d8 0028     		cmp	r0, #0
 542 00da DBD0     		beq	.L36
 543 00dc D7E7     		b	.L38
 544              	.LVL54:
 545              	.L41:
1956:Modules/mpu6050/inv_mpu.c **** 
 546              		.loc 1 1956 16 view .LVU149
 547 00de 0726     		movs	r6, #7
 548              	.LVL55:
 549              	.L30:
1974:Modules/mpu6050/inv_mpu.c ****     }
1975:Modules/mpu6050/inv_mpu.c ****     return result;
1976:Modules/mpu6050/inv_mpu.c **** }
 550              		.loc 1 1976 1 view .LVU150
 551 00e0 3046     		mov	r0, r6
 552 00e2 02B0     		add	sp, sp, #8
 553              	.LCFI9:
 554              		.cfi_def_cfa_offset 24
 555              		@ sp needed
 556 00e4 BDE8F081 		pop	{r4, r5, r6, r7, r8, pc}
 557              	.LVL56:
 558              	.L48:
 559              		.loc 1 1976 1 view .LVU151
 560              		.align	2
 561              	.L47:
 562 00e8 00000000 		.word	st
 563 00ec 54E3853F 		.word	1065739092
 564 00f0 295C0F3E 		.word	1041194025
 565 00f4 0000C841 		.word	1103626240
 566 00f8 00002041 		.word	1092616192
 567 00fc 0000D242 		.word	1121058816
 568              		.cfi_endproc
 569              	.LFE102:
 571              		.section	.text.set_int_enable,"ax",%progbits
 572              		.align	1
 573              		.syntax unified
 574              		.thumb
 575              		.thumb_func
 577              	set_int_enable:
 578              	.LVL57:
 579              	.LFB68:
 686:Modules/mpu6050/inv_mpu.c ****     unsigned char tmp;
 580              		.loc 1 686 1 is_stmt 1 view -0
 581              		.cfi_startproc
 582              		@ args = 0, pretend = 0, frame = 8
 583              		@ frame_needed = 0, uses_anonymous_args = 0
 686:Modules/mpu6050/inv_mpu.c ****     unsigned char tmp;
 584              		.loc 1 686 1 is_stmt 0 view .LVU153
 585 0000 00B5     		push	{lr}
 586              	.LCFI10:
 587              		.cfi_def_cfa_offset 4
 588              		.cfi_offset 14, -4
 589 0002 83B0     		sub	sp, sp, #12
 590              	.LCFI11:
 591              		.cfi_def_cfa_offset 16
 687:Modules/mpu6050/inv_mpu.c **** 
 592              		.loc 1 687 5 is_stmt 1 view .LVU154
ARM GAS  C:\Users\FASCIN~1\AppData\Local\Temp\ccNBUjvk.s 			page 47


 689:Modules/mpu6050/inv_mpu.c ****         if (enable)
 593              		.loc 1 689 5 view .LVU155
 689:Modules/mpu6050/inv_mpu.c ****         if (enable)
 594              		.loc 1 689 20 is_stmt 0 view .LVU156
 595 0004 234B     		ldr	r3, .L61
 596 0006 93F82430 		ldrb	r3, [r3, #36]	@ zero_extendqisi2
 689:Modules/mpu6050/inv_mpu.c ****         if (enable)
 597              		.loc 1 689 8 view .LVU157
 598 000a CBB1     		cbz	r3, .L50
 690:Modules/mpu6050/inv_mpu.c ****             tmp = BIT_DMP_INT_EN;
 599              		.loc 1 690 9 is_stmt 1 view .LVU158
 690:Modules/mpu6050/inv_mpu.c ****             tmp = BIT_DMP_INT_EN;
 600              		.loc 1 690 12 is_stmt 0 view .LVU159
 601 000c A0B1     		cbz	r0, .L51
 691:Modules/mpu6050/inv_mpu.c ****         else
 602              		.loc 1 691 13 is_stmt 1 view .LVU160
 691:Modules/mpu6050/inv_mpu.c ****         else
 603              		.loc 1 691 17 is_stmt 0 view .LVU161
 604 000e 0223     		movs	r3, #2
 605 0010 8DF80730 		strb	r3, [sp, #7]
 606              	.L52:
 694:Modules/mpu6050/inv_mpu.c ****             return -1;
 607              		.loc 1 694 9 is_stmt 1 view .LVU162
 694:Modules/mpu6050/inv_mpu.c ****             return -1;
 608              		.loc 1 694 25 is_stmt 0 view .LVU163
 609 0014 1F4B     		ldr	r3, .L61
 610 0016 5868     		ldr	r0, [r3, #4]
 611              	.LVL58:
 694:Modules/mpu6050/inv_mpu.c ****             return -1;
 612              		.loc 1 694 38 view .LVU164
 613 0018 1968     		ldr	r1, [r3]
 694:Modules/mpu6050/inv_mpu.c ****             return -1;
 614              		.loc 1 694 13 view .LVU165
 615 001a 0DF10703 		add	r3, sp, #7
 616 001e 0122     		movs	r2, #1
 617 0020 C97B     		ldrb	r1, [r1, #15]	@ zero_extendqisi2
 618 0022 0078     		ldrb	r0, [r0]	@ zero_extendqisi2
 619 0024 FFF7FEFF 		bl	MPU_Write_Len
 620              	.LVL59:
 694:Modules/mpu6050/inv_mpu.c ****             return -1;
 621              		.loc 1 694 12 discriminator 1 view .LVU166
 622 0028 40BB     		cbnz	r0, .L56
 696:Modules/mpu6050/inv_mpu.c ****     } else {
 623              		.loc 1 696 9 is_stmt 1 view .LVU167
 696:Modules/mpu6050/inv_mpu.c ****     } else {
 624              		.loc 1 696 32 is_stmt 0 view .LVU168
 625 002a 9DF80720 		ldrb	r2, [sp, #7]	@ zero_extendqisi2
 626 002e 194B     		ldr	r3, .L61
 627 0030 5A74     		strb	r2, [r3, #17]
 628              	.L49:
 711:Modules/mpu6050/inv_mpu.c **** 
 629              		.loc 1 711 1 view .LVU169
 630 0032 03B0     		add	sp, sp, #12
 631              	.LCFI12:
 632              		.cfi_remember_state
 633              		.cfi_def_cfa_offset 4
 634              		@ sp needed
ARM GAS  C:\Users\FASCIN~1\AppData\Local\Temp\ccNBUjvk.s 			page 48


 635 0034 5DF804FB 		ldr	pc, [sp], #4
 636              	.LVL60:
 637              	.L51:
 638              	.LCFI13:
 639              		.cfi_restore_state
 693:Modules/mpu6050/inv_mpu.c ****         if (i2c_write(st.hw->addr, st.reg->int_enable, 1, &tmp))
 640              		.loc 1 693 13 is_stmt 1 view .LVU170
 693:Modules/mpu6050/inv_mpu.c ****         if (i2c_write(st.hw->addr, st.reg->int_enable, 1, &tmp))
 641              		.loc 1 693 17 is_stmt 0 view .LVU171
 642 0038 0023     		movs	r3, #0
 643 003a 8DF80730 		strb	r3, [sp, #7]
 644 003e E9E7     		b	.L52
 645              	.L50:
 698:Modules/mpu6050/inv_mpu.c ****             return -1;
 646              		.loc 1 698 9 is_stmt 1 view .LVU172
 698:Modules/mpu6050/inv_mpu.c ****             return -1;
 647              		.loc 1 698 25 is_stmt 0 view .LVU173
 648 0040 144B     		ldr	r3, .L61
 649 0042 9B7A     		ldrb	r3, [r3, #10]	@ zero_extendqisi2
 698:Modules/mpu6050/inv_mpu.c ****             return -1;
 650              		.loc 1 698 12 view .LVU174
 651 0044 EBB1     		cbz	r3, .L57
 700:Modules/mpu6050/inv_mpu.c ****             return 0;
 652              		.loc 1 700 9 is_stmt 1 view .LVU175
 700:Modules/mpu6050/inv_mpu.c ****             return 0;
 653              		.loc 1 700 12 is_stmt 0 view .LVU176
 654 0046 30B1     		cbz	r0, .L54
 700:Modules/mpu6050/inv_mpu.c ****             return 0;
 655              		.loc 1 700 34 discriminator 1 view .LVU177
 656 0048 124B     		ldr	r3, .L61
 657 004a 5B7C     		ldrb	r3, [r3, #17]	@ zero_extendqisi2
 700:Modules/mpu6050/inv_mpu.c ****             return 0;
 658              		.loc 1 700 20 discriminator 1 view .LVU178
 659 004c E3B9     		cbnz	r3, .L58
 702:Modules/mpu6050/inv_mpu.c ****             tmp = BIT_DATA_RDY_EN;
 660              		.loc 1 702 9 is_stmt 1 view .LVU179
 703:Modules/mpu6050/inv_mpu.c ****         else
 661              		.loc 1 703 13 view .LVU180
 703:Modules/mpu6050/inv_mpu.c ****         else
 662              		.loc 1 703 17 is_stmt 0 view .LVU181
 663 004e 0123     		movs	r3, #1
 664 0050 8DF80730 		strb	r3, [sp, #7]
 665 0054 02E0     		b	.L55
 666              	.L54:
 705:Modules/mpu6050/inv_mpu.c ****         if (i2c_write(st.hw->addr, st.reg->int_enable, 1, &tmp))
 667              		.loc 1 705 13 is_stmt 1 view .LVU182
 705:Modules/mpu6050/inv_mpu.c ****         if (i2c_write(st.hw->addr, st.reg->int_enable, 1, &tmp))
 668              		.loc 1 705 17 is_stmt 0 view .LVU183
 669 0056 0023     		movs	r3, #0
 670 0058 8DF80730 		strb	r3, [sp, #7]
 671              	.L55:
 706:Modules/mpu6050/inv_mpu.c ****             return -1;
 672              		.loc 1 706 9 is_stmt 1 view .LVU184
 706:Modules/mpu6050/inv_mpu.c ****             return -1;
 673              		.loc 1 706 25 is_stmt 0 view .LVU185
 674 005c 0D4B     		ldr	r3, .L61
 675 005e 5868     		ldr	r0, [r3, #4]
ARM GAS  C:\Users\FASCIN~1\AppData\Local\Temp\ccNBUjvk.s 			page 49


 676              	.LVL61:
 706:Modules/mpu6050/inv_mpu.c ****             return -1;
 677              		.loc 1 706 38 view .LVU186
 678 0060 1968     		ldr	r1, [r3]
 706:Modules/mpu6050/inv_mpu.c ****             return -1;
 679              		.loc 1 706 13 view .LVU187
 680 0062 0DF10703 		add	r3, sp, #7
 681 0066 0122     		movs	r2, #1
 682 0068 C97B     		ldrb	r1, [r1, #15]	@ zero_extendqisi2
 683 006a 0078     		ldrb	r0, [r0]	@ zero_extendqisi2
 684 006c FFF7FEFF 		bl	MPU_Write_Len
 685              	.LVL62:
 706:Modules/mpu6050/inv_mpu.c ****             return -1;
 686              		.loc 1 706 12 discriminator 1 view .LVU188
 687 0070 60B9     		cbnz	r0, .L59
 708:Modules/mpu6050/inv_mpu.c ****     }
 688              		.loc 1 708 9 is_stmt 1 view .LVU189
 708:Modules/mpu6050/inv_mpu.c ****     }
 689              		.loc 1 708 32 is_stmt 0 view .LVU190
 690 0072 9DF80720 		ldrb	r2, [sp, #7]	@ zero_extendqisi2
 691 0076 074B     		ldr	r3, .L61
 692 0078 5A74     		strb	r2, [r3, #17]
 693 007a DAE7     		b	.L49
 694              	.L56:
 695:Modules/mpu6050/inv_mpu.c ****         st.chip_cfg.int_enable = tmp;
 695              		.loc 1 695 20 view .LVU191
 696 007c 4FF0FF30 		mov	r0, #-1
 697 0080 D7E7     		b	.L49
 698              	.LVL63:
 699              	.L57:
 699:Modules/mpu6050/inv_mpu.c ****         if (enable && st.chip_cfg.int_enable)
 700              		.loc 1 699 20 view .LVU192
 701 0082 4FF0FF30 		mov	r0, #-1
 702              	.LVL64:
 699:Modules/mpu6050/inv_mpu.c ****         if (enable && st.chip_cfg.int_enable)
 703              		.loc 1 699 20 view .LVU193
 704 0086 D4E7     		b	.L49
 705              	.LVL65:
 706              	.L58:
 701:Modules/mpu6050/inv_mpu.c ****         if (enable)
 707              		.loc 1 701 20 view .LVU194
 708 0088 0020     		movs	r0, #0
 709              	.LVL66:
 701:Modules/mpu6050/inv_mpu.c ****         if (enable)
 710              		.loc 1 701 20 view .LVU195
 711 008a D2E7     		b	.L49
 712              	.L59:
 707:Modules/mpu6050/inv_mpu.c ****         st.chip_cfg.int_enable = tmp;
 713              		.loc 1 707 20 view .LVU196
 714 008c 4FF0FF30 		mov	r0, #-1
 715 0090 CFE7     		b	.L49
 716              	.L62:
 717 0092 00BF     		.align	2
 718              	.L61:
 719 0094 00000000 		.word	st
 720              		.cfi_endproc
 721              	.LFE68:
ARM GAS  C:\Users\FASCIN~1\AppData\Local\Temp\ccNBUjvk.s 			page 50


 723              		.global	__aeabi_ldivmod
 724              		.section	.text.get_st_biases,"ax",%progbits
 725              		.align	1
 726              		.syntax unified
 727              		.thumb
 728              		.thumb_func
 730              	get_st_biases:
 731              	.LVL67:
 732              	.LFB103:
1977:Modules/mpu6050/inv_mpu.c **** 
1978:Modules/mpu6050/inv_mpu.c **** #ifdef AK89xx_SECONDARY
1979:Modules/mpu6050/inv_mpu.c **** static int compass_self_test(void)
1980:Modules/mpu6050/inv_mpu.c **** {
1981:Modules/mpu6050/inv_mpu.c ****     unsigned char tmp[6];
1982:Modules/mpu6050/inv_mpu.c ****     unsigned char tries = 10;
1983:Modules/mpu6050/inv_mpu.c ****     int result = 0x07;
1984:Modules/mpu6050/inv_mpu.c ****     short data;
1985:Modules/mpu6050/inv_mpu.c **** 
1986:Modules/mpu6050/inv_mpu.c ****     mpu_set_bypass(1);
1987:Modules/mpu6050/inv_mpu.c **** 
1988:Modules/mpu6050/inv_mpu.c ****     tmp[0] = AKM_POWER_DOWN;
1989:Modules/mpu6050/inv_mpu.c ****     if (i2c_write(st.chip_cfg.compass_addr, AKM_REG_CNTL, 1, tmp))
1990:Modules/mpu6050/inv_mpu.c ****         return 0x07;
1991:Modules/mpu6050/inv_mpu.c ****     tmp[0] = AKM_BIT_SELF_TEST;
1992:Modules/mpu6050/inv_mpu.c ****     if (i2c_write(st.chip_cfg.compass_addr, AKM_REG_ASTC, 1, tmp))
1993:Modules/mpu6050/inv_mpu.c ****         goto AKM_restore;
1994:Modules/mpu6050/inv_mpu.c ****     tmp[0] = AKM_MODE_SELF_TEST;
1995:Modules/mpu6050/inv_mpu.c ****     if (i2c_write(st.chip_cfg.compass_addr, AKM_REG_CNTL, 1, tmp))
1996:Modules/mpu6050/inv_mpu.c ****         goto AKM_restore;
1997:Modules/mpu6050/inv_mpu.c **** 
1998:Modules/mpu6050/inv_mpu.c ****     do {
1999:Modules/mpu6050/inv_mpu.c ****         delay_ms(10);
2000:Modules/mpu6050/inv_mpu.c ****         if (i2c_read(st.chip_cfg.compass_addr, AKM_REG_ST1, 1, tmp))
2001:Modules/mpu6050/inv_mpu.c ****             goto AKM_restore;
2002:Modules/mpu6050/inv_mpu.c ****         if (tmp[0] & AKM_DATA_READY)
2003:Modules/mpu6050/inv_mpu.c ****             break;
2004:Modules/mpu6050/inv_mpu.c ****     } while (tries--);
2005:Modules/mpu6050/inv_mpu.c ****     if (!(tmp[0] & AKM_DATA_READY))
2006:Modules/mpu6050/inv_mpu.c ****         goto AKM_restore;
2007:Modules/mpu6050/inv_mpu.c **** 
2008:Modules/mpu6050/inv_mpu.c ****     if (i2c_read(st.chip_cfg.compass_addr, AKM_REG_HXL, 6, tmp))
2009:Modules/mpu6050/inv_mpu.c ****         goto AKM_restore;
2010:Modules/mpu6050/inv_mpu.c **** 
2011:Modules/mpu6050/inv_mpu.c ****     result = 0;
2012:Modules/mpu6050/inv_mpu.c ****     data = (short)(tmp[1] << 8) | tmp[0];
2013:Modules/mpu6050/inv_mpu.c ****     if ((data > 100) || (data < -100))
2014:Modules/mpu6050/inv_mpu.c ****         result |= 0x01;
2015:Modules/mpu6050/inv_mpu.c ****     data = (short)(tmp[3] << 8) | tmp[2];
2016:Modules/mpu6050/inv_mpu.c ****     if ((data > 100) || (data < -100))
2017:Modules/mpu6050/inv_mpu.c ****         result |= 0x02;
2018:Modules/mpu6050/inv_mpu.c ****     data = (short)(tmp[5] << 8) | tmp[4];
2019:Modules/mpu6050/inv_mpu.c ****     if ((data > -300) || (data < -1000))
2020:Modules/mpu6050/inv_mpu.c ****         result |= 0x04;
2021:Modules/mpu6050/inv_mpu.c **** 
2022:Modules/mpu6050/inv_mpu.c **** AKM_restore:
2023:Modules/mpu6050/inv_mpu.c ****     tmp[0] = 0 | SUPPORTS_AK89xx_HIGH_SENS;
2024:Modules/mpu6050/inv_mpu.c ****     i2c_write(st.chip_cfg.compass_addr, AKM_REG_ASTC, 1, tmp);
ARM GAS  C:\Users\FASCIN~1\AppData\Local\Temp\ccNBUjvk.s 			page 51


2025:Modules/mpu6050/inv_mpu.c ****     tmp[0] = SUPPORTS_AK89xx_HIGH_SENS;
2026:Modules/mpu6050/inv_mpu.c ****     i2c_write(st.chip_cfg.compass_addr, AKM_REG_CNTL, 1, tmp);
2027:Modules/mpu6050/inv_mpu.c ****     mpu_set_bypass(0);
2028:Modules/mpu6050/inv_mpu.c ****     return result;
2029:Modules/mpu6050/inv_mpu.c **** }
2030:Modules/mpu6050/inv_mpu.c **** #endif
2031:Modules/mpu6050/inv_mpu.c **** #endif
2032:Modules/mpu6050/inv_mpu.c **** 
2033:Modules/mpu6050/inv_mpu.c **** static int get_st_biases(long *gyro, long *accel, unsigned char hw_test)
2034:Modules/mpu6050/inv_mpu.c **** {
 733              		.loc 1 2034 1 is_stmt 1 view -0
 734              		.cfi_startproc
 735              		@ args = 0, pretend = 0, frame = 32
 736              		@ frame_needed = 0, uses_anonymous_args = 0
 737              		.loc 1 2034 1 is_stmt 0 view .LVU198
 738 0000 F0B5     		push	{r4, r5, r6, r7, lr}
 739              	.LCFI14:
 740              		.cfi_def_cfa_offset 20
 741              		.cfi_offset 4, -20
 742              		.cfi_offset 5, -16
 743              		.cfi_offset 6, -12
 744              		.cfi_offset 7, -8
 745              		.cfi_offset 14, -4
 746 0002 89B0     		sub	sp, sp, #36
 747              	.LCFI15:
 748              		.cfi_def_cfa_offset 56
 749 0004 0546     		mov	r5, r0
 750 0006 0C46     		mov	r4, r1
 751 0008 1646     		mov	r6, r2
2035:Modules/mpu6050/inv_mpu.c ****     unsigned char data[MAX_PACKET_LENGTH];
 752              		.loc 1 2035 5 is_stmt 1 view .LVU199
2036:Modules/mpu6050/inv_mpu.c ****     unsigned char packet_count, ii;
 753              		.loc 1 2036 5 view .LVU200
2037:Modules/mpu6050/inv_mpu.c ****     unsigned short fifo_count;
 754              		.loc 1 2037 5 view .LVU201
2038:Modules/mpu6050/inv_mpu.c **** 
2039:Modules/mpu6050/inv_mpu.c ****     data[0] = 0x01;
 755              		.loc 1 2039 5 view .LVU202
 756              		.loc 1 2039 13 is_stmt 0 view .LVU203
 757 000a 0123     		movs	r3, #1
 758 000c 8DF81430 		strb	r3, [sp, #20]
2040:Modules/mpu6050/inv_mpu.c ****     data[1] = 0;
 759              		.loc 1 2040 5 is_stmt 1 view .LVU204
 760              		.loc 1 2040 13 is_stmt 0 view .LVU205
 761 0010 0023     		movs	r3, #0
 762 0012 8DF81530 		strb	r3, [sp, #21]
2041:Modules/mpu6050/inv_mpu.c ****     if (i2c_write(st.hw->addr, st.reg->pwr_mgmt_1, 2, data))
 763              		.loc 1 2041 5 is_stmt 1 view .LVU206
 764              		.loc 1 2041 21 is_stmt 0 view .LVU207
 765 0016 854B     		ldr	r3, .L98
 766 0018 5868     		ldr	r0, [r3, #4]
 767              	.LVL68:
 768              		.loc 1 2041 34 view .LVU208
 769 001a 1968     		ldr	r1, [r3]
 770              	.LVL69:
 771              		.loc 1 2041 9 view .LVU209
 772 001c 05AB     		add	r3, sp, #20
ARM GAS  C:\Users\FASCIN~1\AppData\Local\Temp\ccNBUjvk.s 			page 52


 773 001e 0222     		movs	r2, #2
 774              	.LVL70:
 775              		.loc 1 2041 9 view .LVU210
 776 0020 897C     		ldrb	r1, [r1, #18]	@ zero_extendqisi2
 777 0022 0078     		ldrb	r0, [r0]	@ zero_extendqisi2
 778 0024 FFF7FEFF 		bl	MPU_Write_Len
 779              	.LVL71:
 780              		.loc 1 2041 8 discriminator 1 view .LVU211
 781 0028 0028     		cmp	r0, #0
 782 002a 40F0CE81 		bne	.L77
2042:Modules/mpu6050/inv_mpu.c ****         return -1;
2043:Modules/mpu6050/inv_mpu.c ****     delay_ms(200);
 783              		.loc 1 2043 5 is_stmt 1 view .LVU212
 784 002e C820     		movs	r0, #200
 785 0030 FFF7FEFF 		bl	HAL_Delay
 786              	.LVL72:
2044:Modules/mpu6050/inv_mpu.c ****     data[0] = 0;
 787              		.loc 1 2044 5 view .LVU213
 788              		.loc 1 2044 13 is_stmt 0 view .LVU214
 789 0034 0023     		movs	r3, #0
 790 0036 8DF81430 		strb	r3, [sp, #20]
2045:Modules/mpu6050/inv_mpu.c ****     if (i2c_write(st.hw->addr, st.reg->int_enable, 1, data))
 791              		.loc 1 2045 5 is_stmt 1 view .LVU215
 792              		.loc 1 2045 21 is_stmt 0 view .LVU216
 793 003a 7C4B     		ldr	r3, .L98
 794 003c 5868     		ldr	r0, [r3, #4]
 795              		.loc 1 2045 34 view .LVU217
 796 003e 1968     		ldr	r1, [r3]
 797              		.loc 1 2045 9 view .LVU218
 798 0040 05AB     		add	r3, sp, #20
 799 0042 0122     		movs	r2, #1
 800 0044 C97B     		ldrb	r1, [r1, #15]	@ zero_extendqisi2
 801 0046 0078     		ldrb	r0, [r0]	@ zero_extendqisi2
 802 0048 FFF7FEFF 		bl	MPU_Write_Len
 803              	.LVL73:
 804              		.loc 1 2045 8 discriminator 1 view .LVU219
 805 004c 0028     		cmp	r0, #0
 806 004e 40F0BF81 		bne	.L78
2046:Modules/mpu6050/inv_mpu.c ****         return -1;
2047:Modules/mpu6050/inv_mpu.c ****     if (i2c_write(st.hw->addr, st.reg->fifo_en, 1, data))
 807              		.loc 1 2047 5 is_stmt 1 view .LVU220
 808              		.loc 1 2047 21 is_stmt 0 view .LVU221
 809 0052 764B     		ldr	r3, .L98
 810 0054 5868     		ldr	r0, [r3, #4]
 811              		.loc 1 2047 34 view .LVU222
 812 0056 1968     		ldr	r1, [r3]
 813              		.loc 1 2047 9 view .LVU223
 814 0058 05AB     		add	r3, sp, #20
 815 005a 0122     		movs	r2, #1
 816 005c 4979     		ldrb	r1, [r1, #5]	@ zero_extendqisi2
 817 005e 0078     		ldrb	r0, [r0]	@ zero_extendqisi2
 818 0060 FFF7FEFF 		bl	MPU_Write_Len
 819              	.LVL74:
 820              		.loc 1 2047 8 discriminator 1 view .LVU224
 821 0064 0028     		cmp	r0, #0
 822 0066 40F0B681 		bne	.L79
2048:Modules/mpu6050/inv_mpu.c ****         return -1;
ARM GAS  C:\Users\FASCIN~1\AppData\Local\Temp\ccNBUjvk.s 			page 53


2049:Modules/mpu6050/inv_mpu.c ****     if (i2c_write(st.hw->addr, st.reg->pwr_mgmt_1, 1, data))
 823              		.loc 1 2049 5 is_stmt 1 view .LVU225
 824              		.loc 1 2049 21 is_stmt 0 view .LVU226
 825 006a 704B     		ldr	r3, .L98
 826 006c 5868     		ldr	r0, [r3, #4]
 827              		.loc 1 2049 34 view .LVU227
 828 006e 1968     		ldr	r1, [r3]
 829              		.loc 1 2049 9 view .LVU228
 830 0070 05AB     		add	r3, sp, #20
 831 0072 0122     		movs	r2, #1
 832 0074 897C     		ldrb	r1, [r1, #18]	@ zero_extendqisi2
 833 0076 0078     		ldrb	r0, [r0]	@ zero_extendqisi2
 834 0078 FFF7FEFF 		bl	MPU_Write_Len
 835              	.LVL75:
 836              		.loc 1 2049 8 discriminator 1 view .LVU229
 837 007c 0028     		cmp	r0, #0
 838 007e 40F0AD81 		bne	.L80
2050:Modules/mpu6050/inv_mpu.c ****         return -1;
2051:Modules/mpu6050/inv_mpu.c ****     if (i2c_write(st.hw->addr, st.reg->i2c_mst, 1, data))
 839              		.loc 1 2051 5 is_stmt 1 view .LVU230
 840              		.loc 1 2051 21 is_stmt 0 view .LVU231
 841 0082 6A4B     		ldr	r3, .L98
 842 0084 5868     		ldr	r0, [r3, #4]
 843              		.loc 1 2051 34 view .LVU232
 844 0086 1968     		ldr	r1, [r3]
 845              		.loc 1 2051 9 view .LVU233
 846 0088 05AB     		add	r3, sp, #20
 847 008a 0122     		movs	r2, #1
 848 008c C97D     		ldrb	r1, [r1, #23]	@ zero_extendqisi2
 849 008e 0078     		ldrb	r0, [r0]	@ zero_extendqisi2
 850 0090 FFF7FEFF 		bl	MPU_Write_Len
 851              	.LVL76:
 852              		.loc 1 2051 8 discriminator 1 view .LVU234
 853 0094 0028     		cmp	r0, #0
 854 0096 40F0A481 		bne	.L81
2052:Modules/mpu6050/inv_mpu.c ****         return -1;
2053:Modules/mpu6050/inv_mpu.c ****     if (i2c_write(st.hw->addr, st.reg->user_ctrl, 1, data))
 855              		.loc 1 2053 5 is_stmt 1 view .LVU235
 856              		.loc 1 2053 21 is_stmt 0 view .LVU236
 857 009a 644B     		ldr	r3, .L98
 858 009c 5868     		ldr	r0, [r3, #4]
 859              		.loc 1 2053 34 view .LVU237
 860 009e 1968     		ldr	r1, [r3]
 861              		.loc 1 2053 9 view .LVU238
 862 00a0 05AB     		add	r3, sp, #20
 863 00a2 0122     		movs	r2, #1
 864 00a4 0979     		ldrb	r1, [r1, #4]	@ zero_extendqisi2
 865 00a6 0078     		ldrb	r0, [r0]	@ zero_extendqisi2
 866 00a8 FFF7FEFF 		bl	MPU_Write_Len
 867              	.LVL77:
 868              		.loc 1 2053 8 discriminator 1 view .LVU239
 869 00ac 0028     		cmp	r0, #0
 870 00ae 40F09B81 		bne	.L82
2054:Modules/mpu6050/inv_mpu.c ****         return -1;
2055:Modules/mpu6050/inv_mpu.c ****     data[0] = BIT_FIFO_RST | BIT_DMP_RST;
 871              		.loc 1 2055 5 is_stmt 1 view .LVU240
 872              		.loc 1 2055 13 is_stmt 0 view .LVU241
ARM GAS  C:\Users\FASCIN~1\AppData\Local\Temp\ccNBUjvk.s 			page 54


 873 00b2 0C23     		movs	r3, #12
 874 00b4 8DF81430 		strb	r3, [sp, #20]
2056:Modules/mpu6050/inv_mpu.c ****     if (i2c_write(st.hw->addr, st.reg->user_ctrl, 1, data))
 875              		.loc 1 2056 5 is_stmt 1 view .LVU242
 876              		.loc 1 2056 21 is_stmt 0 view .LVU243
 877 00b8 5C4B     		ldr	r3, .L98
 878 00ba 5868     		ldr	r0, [r3, #4]
 879              		.loc 1 2056 34 view .LVU244
 880 00bc 1968     		ldr	r1, [r3]
 881              		.loc 1 2056 9 view .LVU245
 882 00be 05AB     		add	r3, sp, #20
 883 00c0 0122     		movs	r2, #1
 884 00c2 0979     		ldrb	r1, [r1, #4]	@ zero_extendqisi2
 885 00c4 0078     		ldrb	r0, [r0]	@ zero_extendqisi2
 886 00c6 FFF7FEFF 		bl	MPU_Write_Len
 887              	.LVL78:
 888              		.loc 1 2056 8 discriminator 1 view .LVU246
 889 00ca 0028     		cmp	r0, #0
 890 00cc 40F08F81 		bne	.L83
2057:Modules/mpu6050/inv_mpu.c ****         return -1;
2058:Modules/mpu6050/inv_mpu.c ****     delay_ms(15);
 891              		.loc 1 2058 5 is_stmt 1 view .LVU247
 892 00d0 0F20     		movs	r0, #15
 893 00d2 FFF7FEFF 		bl	HAL_Delay
 894              	.LVL79:
2059:Modules/mpu6050/inv_mpu.c ****     data[0] = st.test->reg_lpf;
 895              		.loc 1 2059 5 view .LVU248
 896              		.loc 1 2059 17 is_stmt 0 view .LVU249
 897 00d6 554B     		ldr	r3, .L98
 898 00d8 9A6A     		ldr	r2, [r3, #40]
 899              		.loc 1 2059 22 view .LVU250
 900 00da 527A     		ldrb	r2, [r2, #9]	@ zero_extendqisi2
 901              		.loc 1 2059 13 view .LVU251
 902 00dc 8DF81420 		strb	r2, [sp, #20]
2060:Modules/mpu6050/inv_mpu.c ****     if (i2c_write(st.hw->addr, st.reg->lpf, 1, data))
 903              		.loc 1 2060 5 is_stmt 1 view .LVU252
 904              		.loc 1 2060 21 is_stmt 0 view .LVU253
 905 00e0 5868     		ldr	r0, [r3, #4]
 906              		.loc 1 2060 34 view .LVU254
 907 00e2 1968     		ldr	r1, [r3]
 908              		.loc 1 2060 9 view .LVU255
 909 00e4 05AB     		add	r3, sp, #20
 910 00e6 0122     		movs	r2, #1
 911 00e8 8978     		ldrb	r1, [r1, #2]	@ zero_extendqisi2
 912 00ea 0078     		ldrb	r0, [r0]	@ zero_extendqisi2
 913 00ec FFF7FEFF 		bl	MPU_Write_Len
 914              	.LVL80:
 915              		.loc 1 2060 8 discriminator 1 view .LVU256
 916 00f0 0028     		cmp	r0, #0
 917 00f2 40F07F81 		bne	.L84
2061:Modules/mpu6050/inv_mpu.c ****         return -1;
2062:Modules/mpu6050/inv_mpu.c ****     data[0] = st.test->reg_rate_div;
 918              		.loc 1 2062 5 is_stmt 1 view .LVU257
 919              		.loc 1 2062 17 is_stmt 0 view .LVU258
 920 00f6 4D4B     		ldr	r3, .L98
 921 00f8 9A6A     		ldr	r2, [r3, #40]
 922              		.loc 1 2062 22 view .LVU259
ARM GAS  C:\Users\FASCIN~1\AppData\Local\Temp\ccNBUjvk.s 			page 55


 923 00fa 127A     		ldrb	r2, [r2, #8]	@ zero_extendqisi2
 924              		.loc 1 2062 13 view .LVU260
 925 00fc 8DF81420 		strb	r2, [sp, #20]
2063:Modules/mpu6050/inv_mpu.c ****     if (i2c_write(st.hw->addr, st.reg->rate_div, 1, data))
 926              		.loc 1 2063 5 is_stmt 1 view .LVU261
 927              		.loc 1 2063 21 is_stmt 0 view .LVU262
 928 0100 5868     		ldr	r0, [r3, #4]
 929              		.loc 1 2063 34 view .LVU263
 930 0102 1968     		ldr	r1, [r3]
 931              		.loc 1 2063 9 view .LVU264
 932 0104 05AB     		add	r3, sp, #20
 933 0106 0122     		movs	r2, #1
 934 0108 4978     		ldrb	r1, [r1, #1]	@ zero_extendqisi2
 935 010a 0078     		ldrb	r0, [r0]	@ zero_extendqisi2
 936 010c FFF7FEFF 		bl	MPU_Write_Len
 937              	.LVL81:
 938              		.loc 1 2063 8 discriminator 1 view .LVU265
 939 0110 0028     		cmp	r0, #0
 940 0112 40F07281 		bne	.L85
2064:Modules/mpu6050/inv_mpu.c ****         return -1;
2065:Modules/mpu6050/inv_mpu.c ****     if (hw_test)
 941              		.loc 1 2065 5 is_stmt 1 view .LVU266
 942              		.loc 1 2065 8 is_stmt 0 view .LVU267
 943 0116 002E     		cmp	r6, #0
 944 0118 79D0     		beq	.L65
2066:Modules/mpu6050/inv_mpu.c ****         data[0] = st.test->reg_gyro_fsr | 0xE0;
 945              		.loc 1 2066 9 is_stmt 1 view .LVU268
 946              		.loc 1 2066 21 is_stmt 0 view .LVU269
 947 011a 444B     		ldr	r3, .L98
 948 011c 9B6A     		ldr	r3, [r3, #40]
 949              		.loc 1 2066 26 view .LVU270
 950 011e 9B7A     		ldrb	r3, [r3, #10]	@ zero_extendqisi2
 951              		.loc 1 2066 17 view .LVU271
 952 0120 63F01F03 		orn	r3, r3, #31
 953 0124 8DF81430 		strb	r3, [sp, #20]
 954              	.L66:
2067:Modules/mpu6050/inv_mpu.c ****     else
2068:Modules/mpu6050/inv_mpu.c ****         data[0] = st.test->reg_gyro_fsr;
2069:Modules/mpu6050/inv_mpu.c ****     if (i2c_write(st.hw->addr, st.reg->gyro_cfg, 1, data))
 955              		.loc 1 2069 5 is_stmt 1 view .LVU272
 956              		.loc 1 2069 21 is_stmt 0 view .LVU273
 957 0128 404B     		ldr	r3, .L98
 958 012a 5868     		ldr	r0, [r3, #4]
 959              		.loc 1 2069 34 view .LVU274
 960 012c 1968     		ldr	r1, [r3]
 961              		.loc 1 2069 9 view .LVU275
 962 012e 05AB     		add	r3, sp, #20
 963 0130 0122     		movs	r2, #1
 964 0132 8979     		ldrb	r1, [r1, #6]	@ zero_extendqisi2
 965 0134 0078     		ldrb	r0, [r0]	@ zero_extendqisi2
 966 0136 FFF7FEFF 		bl	MPU_Write_Len
 967              	.LVL82:
 968              		.loc 1 2069 8 discriminator 1 view .LVU276
 969 013a 0028     		cmp	r0, #0
 970 013c 40F06081 		bne	.L86
2070:Modules/mpu6050/inv_mpu.c ****         return -1;
2071:Modules/mpu6050/inv_mpu.c **** 
ARM GAS  C:\Users\FASCIN~1\AppData\Local\Temp\ccNBUjvk.s 			page 56


2072:Modules/mpu6050/inv_mpu.c ****     if (hw_test)
 971              		.loc 1 2072 5 is_stmt 1 view .LVU277
 972              		.loc 1 2072 8 is_stmt 0 view .LVU278
 973 0140 002E     		cmp	r6, #0
 974 0142 6AD0     		beq	.L67
2073:Modules/mpu6050/inv_mpu.c ****         data[0] = st.test->reg_accel_fsr | 0xE0;
 975              		.loc 1 2073 9 is_stmt 1 view .LVU279
 976              		.loc 1 2073 21 is_stmt 0 view .LVU280
 977 0144 394B     		ldr	r3, .L98
 978 0146 9B6A     		ldr	r3, [r3, #40]
 979              		.loc 1 2073 26 view .LVU281
 980 0148 DB7A     		ldrb	r3, [r3, #11]	@ zero_extendqisi2
 981              		.loc 1 2073 17 view .LVU282
 982 014a 63F01F03 		orn	r3, r3, #31
 983 014e 8DF81430 		strb	r3, [sp, #20]
 984              	.L68:
2074:Modules/mpu6050/inv_mpu.c ****     else
2075:Modules/mpu6050/inv_mpu.c ****         data[0] = test.reg_accel_fsr;
2076:Modules/mpu6050/inv_mpu.c ****     if (i2c_write(st.hw->addr, st.reg->accel_cfg, 1, data))
 985              		.loc 1 2076 5 is_stmt 1 view .LVU283
 986              		.loc 1 2076 21 is_stmt 0 view .LVU284
 987 0152 364B     		ldr	r3, .L98
 988 0154 5868     		ldr	r0, [r3, #4]
 989              		.loc 1 2076 34 view .LVU285
 990 0156 1968     		ldr	r1, [r3]
 991              		.loc 1 2076 9 view .LVU286
 992 0158 05AB     		add	r3, sp, #20
 993 015a 0122     		movs	r2, #1
 994 015c C979     		ldrb	r1, [r1, #7]	@ zero_extendqisi2
 995 015e 0078     		ldrb	r0, [r0]	@ zero_extendqisi2
 996 0160 FFF7FEFF 		bl	MPU_Write_Len
 997              	.LVL83:
 998              		.loc 1 2076 8 discriminator 1 view .LVU287
 999 0164 0028     		cmp	r0, #0
 1000 0166 40F04E81 		bne	.L87
2077:Modules/mpu6050/inv_mpu.c ****         return -1;
2078:Modules/mpu6050/inv_mpu.c ****     if (hw_test)
 1001              		.loc 1 2078 5 is_stmt 1 view .LVU288
 1002              		.loc 1 2078 8 is_stmt 0 view .LVU289
 1003 016a 002E     		cmp	r6, #0
 1004 016c 59D1     		bne	.L93
 1005              	.L69:
2079:Modules/mpu6050/inv_mpu.c ****         delay_ms(200);
2080:Modules/mpu6050/inv_mpu.c **** 
2081:Modules/mpu6050/inv_mpu.c ****     /* Fill FIFO for test.wait_ms milliseconds. */
2082:Modules/mpu6050/inv_mpu.c ****     data[0] = BIT_FIFO_EN;
 1006              		.loc 1 2082 5 is_stmt 1 view .LVU290
 1007              		.loc 1 2082 13 is_stmt 0 view .LVU291
 1008 016e 4023     		movs	r3, #64
 1009 0170 8DF81430 		strb	r3, [sp, #20]
2083:Modules/mpu6050/inv_mpu.c ****     if (i2c_write(st.hw->addr, st.reg->user_ctrl, 1, data))
 1010              		.loc 1 2083 5 is_stmt 1 view .LVU292
 1011              		.loc 1 2083 21 is_stmt 0 view .LVU293
 1012 0174 2D4B     		ldr	r3, .L98
 1013 0176 5868     		ldr	r0, [r3, #4]
 1014              		.loc 1 2083 34 view .LVU294
 1015 0178 1968     		ldr	r1, [r3]
ARM GAS  C:\Users\FASCIN~1\AppData\Local\Temp\ccNBUjvk.s 			page 57


 1016              		.loc 1 2083 9 view .LVU295
 1017 017a 05AB     		add	r3, sp, #20
 1018 017c 0122     		movs	r2, #1
 1019 017e 0979     		ldrb	r1, [r1, #4]	@ zero_extendqisi2
 1020 0180 0078     		ldrb	r0, [r0]	@ zero_extendqisi2
 1021 0182 FFF7FEFF 		bl	MPU_Write_Len
 1022              	.LVL84:
 1023              		.loc 1 2083 8 discriminator 1 view .LVU296
 1024 0186 0028     		cmp	r0, #0
 1025 0188 40F04081 		bne	.L88
2084:Modules/mpu6050/inv_mpu.c ****         return -1;
2085:Modules/mpu6050/inv_mpu.c **** 
2086:Modules/mpu6050/inv_mpu.c ****     data[0] = INV_XYZ_GYRO | INV_XYZ_ACCEL;
 1026              		.loc 1 2086 5 is_stmt 1 view .LVU297
 1027              		.loc 1 2086 13 is_stmt 0 view .LVU298
 1028 018c 7823     		movs	r3, #120
 1029 018e 8DF81430 		strb	r3, [sp, #20]
2087:Modules/mpu6050/inv_mpu.c ****     if (i2c_write(st.hw->addr, st.reg->fifo_en, 1, data))
 1030              		.loc 1 2087 5 is_stmt 1 view .LVU299
 1031              		.loc 1 2087 21 is_stmt 0 view .LVU300
 1032 0192 264B     		ldr	r3, .L98
 1033 0194 5868     		ldr	r0, [r3, #4]
 1034              		.loc 1 2087 34 view .LVU301
 1035 0196 1968     		ldr	r1, [r3]
 1036              		.loc 1 2087 9 view .LVU302
 1037 0198 05AB     		add	r3, sp, #20
 1038 019a 0122     		movs	r2, #1
 1039 019c 4979     		ldrb	r1, [r1, #5]	@ zero_extendqisi2
 1040 019e 0078     		ldrb	r0, [r0]	@ zero_extendqisi2
 1041 01a0 FFF7FEFF 		bl	MPU_Write_Len
 1042              	.LVL85:
 1043              		.loc 1 2087 8 discriminator 1 view .LVU303
 1044 01a4 0028     		cmp	r0, #0
 1045 01a6 40F03481 		bne	.L89
2088:Modules/mpu6050/inv_mpu.c ****         return -1;
2089:Modules/mpu6050/inv_mpu.c ****     delay_ms(test.wait_ms);
 1046              		.loc 1 2089 5 is_stmt 1 view .LVU304
 1047 01aa 3220     		movs	r0, #50
 1048 01ac FFF7FEFF 		bl	HAL_Delay
 1049              	.LVL86:
2090:Modules/mpu6050/inv_mpu.c ****     data[0] = 0;
 1050              		.loc 1 2090 5 view .LVU305
 1051              		.loc 1 2090 13 is_stmt 0 view .LVU306
 1052 01b0 0023     		movs	r3, #0
 1053 01b2 8DF81430 		strb	r3, [sp, #20]
2091:Modules/mpu6050/inv_mpu.c ****     if (i2c_write(st.hw->addr, st.reg->fifo_en, 1, data))
 1054              		.loc 1 2091 5 is_stmt 1 view .LVU307
 1055              		.loc 1 2091 21 is_stmt 0 view .LVU308
 1056 01b6 1D4B     		ldr	r3, .L98
 1057 01b8 5868     		ldr	r0, [r3, #4]
 1058              		.loc 1 2091 34 view .LVU309
 1059 01ba 1968     		ldr	r1, [r3]
 1060              		.loc 1 2091 9 view .LVU310
 1061 01bc 05AB     		add	r3, sp, #20
 1062 01be 0122     		movs	r2, #1
 1063 01c0 4979     		ldrb	r1, [r1, #5]	@ zero_extendqisi2
 1064 01c2 0078     		ldrb	r0, [r0]	@ zero_extendqisi2
ARM GAS  C:\Users\FASCIN~1\AppData\Local\Temp\ccNBUjvk.s 			page 58


 1065 01c4 FFF7FEFF 		bl	MPU_Write_Len
 1066              	.LVL87:
 1067              		.loc 1 2091 8 discriminator 1 view .LVU311
 1068 01c8 0028     		cmp	r0, #0
 1069 01ca 40F02581 		bne	.L90
2092:Modules/mpu6050/inv_mpu.c ****         return -1;
2093:Modules/mpu6050/inv_mpu.c **** 
2094:Modules/mpu6050/inv_mpu.c ****     if (i2c_read(st.hw->addr, st.reg->fifo_count_h, 2, data))
 1070              		.loc 1 2094 5 is_stmt 1 view .LVU312
 1071              		.loc 1 2094 20 is_stmt 0 view .LVU313
 1072 01ce 174B     		ldr	r3, .L98
 1073 01d0 5868     		ldr	r0, [r3, #4]
 1074              		.loc 1 2094 33 view .LVU314
 1075 01d2 1968     		ldr	r1, [r3]
 1076              		.loc 1 2094 9 view .LVU315
 1077 01d4 05AB     		add	r3, sp, #20
 1078 01d6 0222     		movs	r2, #2
 1079 01d8 897A     		ldrb	r1, [r1, #10]	@ zero_extendqisi2
 1080 01da 0078     		ldrb	r0, [r0]	@ zero_extendqisi2
 1081 01dc FFF7FEFF 		bl	MPU_Read_Len
 1082              	.LVL88:
 1083              		.loc 1 2094 8 discriminator 1 view .LVU316
 1084 01e0 0646     		mov	r6, r0
 1085              	.LVL89:
 1086              		.loc 1 2094 8 discriminator 1 view .LVU317
 1087 01e2 0028     		cmp	r0, #0
 1088 01e4 40F01B81 		bne	.L91
2095:Modules/mpu6050/inv_mpu.c ****         return -1;
2096:Modules/mpu6050/inv_mpu.c **** 
2097:Modules/mpu6050/inv_mpu.c ****     fifo_count = (data[0] << 8) | data[1];
 1089              		.loc 1 2097 5 is_stmt 1 view .LVU318
 1090              		.loc 1 2097 23 is_stmt 0 view .LVU319
 1091 01e8 9DF81430 		ldrb	r3, [sp, #20]	@ zero_extendqisi2
 1092              		.loc 1 2097 39 view .LVU320
 1093 01ec 9DF81570 		ldrb	r7, [sp, #21]	@ zero_extendqisi2
 1094              		.loc 1 2097 16 view .LVU321
 1095 01f0 47EA0327 		orr	r7, r7, r3, lsl #8
 1096              	.LVL90:
2098:Modules/mpu6050/inv_mpu.c ****     packet_count = fifo_count / MAX_PACKET_LENGTH;
 1097              		.loc 1 2098 5 is_stmt 1 view .LVU322
 1098              		.loc 1 2098 18 is_stmt 0 view .LVU323
 1099 01f4 0E4B     		ldr	r3, .L98+4
 1100 01f6 A3FB0737 		umull	r3, r7, r3, r7
 1101              	.LVL91:
 1102              		.loc 1 2098 18 view .LVU324
 1103 01fa C7F3C707 		ubfx	r7, r7, #3, #8
 1104              	.LVL92:
2099:Modules/mpu6050/inv_mpu.c ****     gyro[0] = gyro[1] = gyro[2] = 0;
 1105              		.loc 1 2099 5 is_stmt 1 view .LVU325
 1106              		.loc 1 2099 33 is_stmt 0 view .LVU326
 1107 01fe 0023     		movs	r3, #0
 1108 0200 AB60     		str	r3, [r5, #8]
 1109              		.loc 1 2099 23 view .LVU327
 1110 0202 6B60     		str	r3, [r5, #4]
 1111              		.loc 1 2099 13 view .LVU328
 1112 0204 2B60     		str	r3, [r5]
 1113              	.LVL93:
ARM GAS  C:\Users\FASCIN~1\AppData\Local\Temp\ccNBUjvk.s 			page 59


2100:Modules/mpu6050/inv_mpu.c ****     accel[0] = accel[1] = accel[2] = 0;
 1114              		.loc 1 2100 5 is_stmt 1 view .LVU329
 1115              		.loc 1 2100 36 is_stmt 0 view .LVU330
 1116 0206 A360     		str	r3, [r4, #8]
 1117              		.loc 1 2100 25 view .LVU331
 1118 0208 6360     		str	r3, [r4, #4]
 1119              		.loc 1 2100 14 view .LVU332
 1120 020a 2360     		str	r3, [r4]
2101:Modules/mpu6050/inv_mpu.c **** 
2102:Modules/mpu6050/inv_mpu.c ****     for (ii = 0; ii < packet_count; ii++) {
 1121              		.loc 1 2102 5 is_stmt 1 view .LVU333
 1122              	.LVL94:
 1123              		.loc 1 2102 5 is_stmt 0 view .LVU334
 1124 020c 5CE0     		b	.L70
 1125              	.LVL95:
 1126              	.L65:
2068:Modules/mpu6050/inv_mpu.c ****     if (i2c_write(st.hw->addr, st.reg->gyro_cfg, 1, data))
 1127              		.loc 1 2068 9 is_stmt 1 view .LVU335
2068:Modules/mpu6050/inv_mpu.c ****     if (i2c_write(st.hw->addr, st.reg->gyro_cfg, 1, data))
 1128              		.loc 1 2068 21 is_stmt 0 view .LVU336
 1129 020e 074B     		ldr	r3, .L98
 1130 0210 9B6A     		ldr	r3, [r3, #40]
2068:Modules/mpu6050/inv_mpu.c ****     if (i2c_write(st.hw->addr, st.reg->gyro_cfg, 1, data))
 1131              		.loc 1 2068 26 view .LVU337
 1132 0212 9B7A     		ldrb	r3, [r3, #10]	@ zero_extendqisi2
2068:Modules/mpu6050/inv_mpu.c ****     if (i2c_write(st.hw->addr, st.reg->gyro_cfg, 1, data))
 1133              		.loc 1 2068 17 view .LVU338
 1134 0214 8DF81430 		strb	r3, [sp, #20]
 1135 0218 86E7     		b	.L66
 1136              	.L67:
2075:Modules/mpu6050/inv_mpu.c ****     if (i2c_write(st.hw->addr, st.reg->accel_cfg, 1, data))
 1137              		.loc 1 2075 9 is_stmt 1 view .LVU339
2075:Modules/mpu6050/inv_mpu.c ****     if (i2c_write(st.hw->addr, st.reg->accel_cfg, 1, data))
 1138              		.loc 1 2075 17 is_stmt 0 view .LVU340
 1139 021a 1823     		movs	r3, #24
 1140 021c 8DF81430 		strb	r3, [sp, #20]
 1141 0220 97E7     		b	.L68
 1142              	.L93:
2079:Modules/mpu6050/inv_mpu.c **** 
 1143              		.loc 1 2079 9 is_stmt 1 view .LVU341
 1144 0222 C820     		movs	r0, #200
 1145 0224 FFF7FEFF 		bl	HAL_Delay
 1146              	.LVL96:
 1147 0228 A1E7     		b	.L69
 1148              	.L99:
 1149 022a 00BF     		.align	2
 1150              	.L98:
 1151 022c 00000000 		.word	st
 1152 0230 ABAAAAAA 		.word	-1431655765
 1153              	.LVL97:
 1154              	.L71:
 1155              	.LBB2:
2103:Modules/mpu6050/inv_mpu.c ****         short accel_cur[3], gyro_cur[3];
2104:Modules/mpu6050/inv_mpu.c ****         if (i2c_read(st.hw->addr, st.reg->fifo_r_w, MAX_PACKET_LENGTH, data))
2105:Modules/mpu6050/inv_mpu.c ****             return -1;
2106:Modules/mpu6050/inv_mpu.c ****         accel_cur[0] = ((short)data[0] << 8) | data[1];
 1156              		.loc 1 2106 9 view .LVU342
ARM GAS  C:\Users\FASCIN~1\AppData\Local\Temp\ccNBUjvk.s 			page 60


 1157              		.loc 1 2106 36 is_stmt 0 view .LVU343
 1158 0234 9DF81430 		ldrb	r3, [sp, #20]	@ zero_extendqisi2
 1159              		.loc 1 2106 52 view .LVU344
 1160 0238 9DF81510 		ldrb	r1, [sp, #21]	@ zero_extendqisi2
 1161              		.loc 1 2106 46 view .LVU345
 1162 023c 41EA0321 		orr	r1, r1, r3, lsl #8
 1163 0240 09B2     		sxth	r1, r1
 1164              		.loc 1 2106 22 view .LVU346
 1165 0242 ADF80410 		strh	r1, [sp, #4]	@ movhi
2107:Modules/mpu6050/inv_mpu.c ****         accel_cur[1] = ((short)data[2] << 8) | data[3];
 1166              		.loc 1 2107 9 is_stmt 1 view .LVU347
 1167              		.loc 1 2107 36 is_stmt 0 view .LVU348
 1168 0246 9DF81630 		ldrb	r3, [sp, #22]	@ zero_extendqisi2
 1169              		.loc 1 2107 52 view .LVU349
 1170 024a 9DF81720 		ldrb	r2, [sp, #23]	@ zero_extendqisi2
 1171              		.loc 1 2107 46 view .LVU350
 1172 024e 42EA0322 		orr	r2, r2, r3, lsl #8
 1173 0252 12B2     		sxth	r2, r2
 1174              		.loc 1 2107 22 view .LVU351
 1175 0254 ADF80620 		strh	r2, [sp, #6]	@ movhi
2108:Modules/mpu6050/inv_mpu.c ****         accel_cur[2] = ((short)data[4] << 8) | data[5];
 1176              		.loc 1 2108 9 is_stmt 1 view .LVU352
 1177              		.loc 1 2108 36 is_stmt 0 view .LVU353
 1178 0258 9DF81800 		ldrb	r0, [sp, #24]	@ zero_extendqisi2
 1179              		.loc 1 2108 52 view .LVU354
 1180 025c 9DF81930 		ldrb	r3, [sp, #25]	@ zero_extendqisi2
 1181              		.loc 1 2108 46 view .LVU355
 1182 0260 43EA0023 		orr	r3, r3, r0, lsl #8
 1183 0264 1BB2     		sxth	r3, r3
 1184              		.loc 1 2108 22 view .LVU356
 1185 0266 ADF80830 		strh	r3, [sp, #8]	@ movhi
2109:Modules/mpu6050/inv_mpu.c ****         accel[0] += (long)accel_cur[0];
 1186              		.loc 1 2109 9 is_stmt 1 view .LVU357
 1187              		.loc 1 2109 14 is_stmt 0 view .LVU358
 1188 026a 2068     		ldr	r0, [r4]
 1189              		.loc 1 2109 18 view .LVU359
 1190 026c 0844     		add	r0, r0, r1
 1191 026e 2060     		str	r0, [r4]
2110:Modules/mpu6050/inv_mpu.c ****         accel[1] += (long)accel_cur[1];
 1192              		.loc 1 2110 9 is_stmt 1 view .LVU360
 1193              		.loc 1 2110 14 is_stmt 0 view .LVU361
 1194 0270 6168     		ldr	r1, [r4, #4]
 1195              		.loc 1 2110 18 view .LVU362
 1196 0272 1144     		add	r1, r1, r2
 1197 0274 6160     		str	r1, [r4, #4]
2111:Modules/mpu6050/inv_mpu.c ****         accel[2] += (long)accel_cur[2];
 1198              		.loc 1 2111 9 is_stmt 1 view .LVU363
 1199              		.loc 1 2111 14 is_stmt 0 view .LVU364
 1200 0276 A268     		ldr	r2, [r4, #8]
 1201              		.loc 1 2111 18 view .LVU365
 1202 0278 1A44     		add	r2, r2, r3
 1203 027a A260     		str	r2, [r4, #8]
2112:Modules/mpu6050/inv_mpu.c ****         gyro_cur[0] = (((short)data[6] << 8) | data[7]);
 1204              		.loc 1 2112 9 is_stmt 1 view .LVU366
 1205              		.loc 1 2112 36 is_stmt 0 view .LVU367
 1206 027c 9DF81A30 		ldrb	r3, [sp, #26]	@ zero_extendqisi2
 1207              		.loc 1 2112 52 view .LVU368
ARM GAS  C:\Users\FASCIN~1\AppData\Local\Temp\ccNBUjvk.s 			page 61


 1208 0280 9DF81B10 		ldrb	r1, [sp, #27]	@ zero_extendqisi2
 1209              		.loc 1 2112 46 view .LVU369
 1210 0284 41EA0321 		orr	r1, r1, r3, lsl #8
 1211 0288 09B2     		sxth	r1, r1
 1212              		.loc 1 2112 21 view .LVU370
 1213 028a ADF80C10 		strh	r1, [sp, #12]	@ movhi
2113:Modules/mpu6050/inv_mpu.c ****         gyro_cur[1] = (((short)data[8] << 8) | data[9]);
 1214              		.loc 1 2113 9 is_stmt 1 view .LVU371
 1215              		.loc 1 2113 36 is_stmt 0 view .LVU372
 1216 028e 9DF81C30 		ldrb	r3, [sp, #28]	@ zero_extendqisi2
 1217              		.loc 1 2113 52 view .LVU373
 1218 0292 9DF81D20 		ldrb	r2, [sp, #29]	@ zero_extendqisi2
 1219              		.loc 1 2113 46 view .LVU374
 1220 0296 42EA0322 		orr	r2, r2, r3, lsl #8
 1221 029a 12B2     		sxth	r2, r2
 1222              		.loc 1 2113 21 view .LVU375
 1223 029c ADF80E20 		strh	r2, [sp, #14]	@ movhi
2114:Modules/mpu6050/inv_mpu.c ****         gyro_cur[2] = (((short)data[10] << 8) | data[11]);
 1224              		.loc 1 2114 9 is_stmt 1 view .LVU376
 1225              		.loc 1 2114 36 is_stmt 0 view .LVU377
 1226 02a0 9DF81E00 		ldrb	r0, [sp, #30]	@ zero_extendqisi2
 1227              		.loc 1 2114 53 view .LVU378
 1228 02a4 9DF81F30 		ldrb	r3, [sp, #31]	@ zero_extendqisi2
 1229              		.loc 1 2114 47 view .LVU379
 1230 02a8 43EA0023 		orr	r3, r3, r0, lsl #8
 1231 02ac 1BB2     		sxth	r3, r3
 1232              		.loc 1 2114 21 view .LVU380
 1233 02ae ADF81030 		strh	r3, [sp, #16]	@ movhi
2115:Modules/mpu6050/inv_mpu.c ****         gyro[0] += (long)gyro_cur[0];
 1234              		.loc 1 2115 9 is_stmt 1 view .LVU381
 1235              		.loc 1 2115 13 is_stmt 0 view .LVU382
 1236 02b2 2868     		ldr	r0, [r5]
 1237              		.loc 1 2115 17 view .LVU383
 1238 02b4 0844     		add	r0, r0, r1
 1239 02b6 2860     		str	r0, [r5]
2116:Modules/mpu6050/inv_mpu.c ****         gyro[1] += (long)gyro_cur[1];
 1240              		.loc 1 2116 9 is_stmt 1 view .LVU384
 1241              		.loc 1 2116 13 is_stmt 0 view .LVU385
 1242 02b8 6968     		ldr	r1, [r5, #4]
 1243              		.loc 1 2116 17 view .LVU386
 1244 02ba 1144     		add	r1, r1, r2
 1245 02bc 6960     		str	r1, [r5, #4]
2117:Modules/mpu6050/inv_mpu.c ****         gyro[2] += (long)gyro_cur[2];
 1246              		.loc 1 2117 9 is_stmt 1 view .LVU387
 1247              		.loc 1 2117 13 is_stmt 0 view .LVU388
 1248 02be AA68     		ldr	r2, [r5, #8]
 1249              		.loc 1 2117 17 view .LVU389
 1250 02c0 1A44     		add	r2, r2, r3
 1251 02c2 AA60     		str	r2, [r5, #8]
 1252              	.LBE2:
2102:Modules/mpu6050/inv_mpu.c ****         short accel_cur[3], gyro_cur[3];
 1253              		.loc 1 2102 39 is_stmt 1 discriminator 2 view .LVU390
 1254 02c4 0136     		adds	r6, r6, #1
 1255              	.LVL98:
2102:Modules/mpu6050/inv_mpu.c ****         short accel_cur[3], gyro_cur[3];
 1256              		.loc 1 2102 39 is_stmt 0 discriminator 2 view .LVU391
 1257 02c6 F6B2     		uxtb	r6, r6
ARM GAS  C:\Users\FASCIN~1\AppData\Local\Temp\ccNBUjvk.s 			page 62


 1258              	.LVL99:
 1259              	.L70:
2102:Modules/mpu6050/inv_mpu.c ****         short accel_cur[3], gyro_cur[3];
 1260              		.loc 1 2102 21 is_stmt 1 discriminator 1 view .LVU392
 1261 02c8 BE42     		cmp	r6, r7
 1262 02ca 0ED2     		bcs	.L94
 1263              	.LBB3:
2103:Modules/mpu6050/inv_mpu.c ****         if (i2c_read(st.hw->addr, st.reg->fifo_r_w, MAX_PACKET_LENGTH, data))
 1264              		.loc 1 2103 9 view .LVU393
2104:Modules/mpu6050/inv_mpu.c ****             return -1;
 1265              		.loc 1 2104 9 view .LVU394
2104:Modules/mpu6050/inv_mpu.c ****             return -1;
 1266              		.loc 1 2104 24 is_stmt 0 view .LVU395
 1267 02cc 554B     		ldr	r3, .L100
 1268 02ce 5868     		ldr	r0, [r3, #4]
2104:Modules/mpu6050/inv_mpu.c ****             return -1;
 1269              		.loc 1 2104 37 view .LVU396
 1270 02d0 1968     		ldr	r1, [r3]
2104:Modules/mpu6050/inv_mpu.c ****             return -1;
 1271              		.loc 1 2104 13 view .LVU397
 1272 02d2 05AB     		add	r3, sp, #20
 1273 02d4 0C22     		movs	r2, #12
 1274 02d6 C97A     		ldrb	r1, [r1, #11]	@ zero_extendqisi2
 1275 02d8 0078     		ldrb	r0, [r0]	@ zero_extendqisi2
 1276 02da FFF7FEFF 		bl	MPU_Read_Len
 1277              	.LVL100:
2104:Modules/mpu6050/inv_mpu.c ****             return -1;
 1278              		.loc 1 2104 12 discriminator 1 view .LVU398
 1279 02de 0028     		cmp	r0, #0
 1280 02e0 A8D0     		beq	.L71
2105:Modules/mpu6050/inv_mpu.c ****         accel_cur[0] = ((short)data[0] << 8) | data[1];
 1281              		.loc 1 2105 13 is_stmt 1 view .LVU399
2105:Modules/mpu6050/inv_mpu.c ****         accel_cur[0] = ((short)data[0] << 8) | data[1];
 1282              		.loc 1 2105 20 is_stmt 0 view .LVU400
 1283 02e2 4FF0FF30 		mov	r0, #-1
 1284              	.LVL101:
 1285              	.L63:
2105:Modules/mpu6050/inv_mpu.c ****         accel_cur[0] = ((short)data[0] << 8) | data[1];
 1286              		.loc 1 2105 20 view .LVU401
 1287              	.LBE3:
2118:Modules/mpu6050/inv_mpu.c ****     }
2119:Modules/mpu6050/inv_mpu.c **** #ifdef EMPL_NO_64BIT
2120:Modules/mpu6050/inv_mpu.c ****     gyro[0] = (long)(((float)gyro[0]*65536.f) / test.gyro_sens / packet_count);
2121:Modules/mpu6050/inv_mpu.c ****     gyro[1] = (long)(((float)gyro[1]*65536.f) / test.gyro_sens / packet_count);
2122:Modules/mpu6050/inv_mpu.c ****     gyro[2] = (long)(((float)gyro[2]*65536.f) / test.gyro_sens / packet_count);
2123:Modules/mpu6050/inv_mpu.c ****     if (has_accel) {
2124:Modules/mpu6050/inv_mpu.c ****         accel[0] = (long)(((float)accel[0]*65536.f) / test.accel_sens /
2125:Modules/mpu6050/inv_mpu.c ****                           packet_count);
2126:Modules/mpu6050/inv_mpu.c ****         accel[1] = (long)(((float)accel[1]*65536.f) / test.accel_sens /
2127:Modules/mpu6050/inv_mpu.c ****                           packet_count);
2128:Modules/mpu6050/inv_mpu.c ****         accel[2] = (long)(((float)accel[2]*65536.f) / test.accel_sens /
2129:Modules/mpu6050/inv_mpu.c ****                           packet_count);
2130:Modules/mpu6050/inv_mpu.c ****         /* Don't remove gravity! */
2131:Modules/mpu6050/inv_mpu.c ****         accel[2] -= 65536L;
2132:Modules/mpu6050/inv_mpu.c ****     }
2133:Modules/mpu6050/inv_mpu.c **** #else
2134:Modules/mpu6050/inv_mpu.c ****     gyro[0] = (long)(((long long)gyro[0]<<16) / test.gyro_sens / packet_count);
ARM GAS  C:\Users\FASCIN~1\AppData\Local\Temp\ccNBUjvk.s 			page 63


2135:Modules/mpu6050/inv_mpu.c ****     gyro[1] = (long)(((long long)gyro[1]<<16) / test.gyro_sens / packet_count);
2136:Modules/mpu6050/inv_mpu.c ****     gyro[2] = (long)(((long long)gyro[2]<<16) / test.gyro_sens / packet_count);
2137:Modules/mpu6050/inv_mpu.c ****     accel[0] = (long)(((long long)accel[0]<<16) / test.accel_sens /
2138:Modules/mpu6050/inv_mpu.c ****                       packet_count);
2139:Modules/mpu6050/inv_mpu.c ****     accel[1] = (long)(((long long)accel[1]<<16) / test.accel_sens /
2140:Modules/mpu6050/inv_mpu.c ****                       packet_count);
2141:Modules/mpu6050/inv_mpu.c ****     accel[2] = (long)(((long long)accel[2]<<16) / test.accel_sens /
2142:Modules/mpu6050/inv_mpu.c ****                       packet_count);
2143:Modules/mpu6050/inv_mpu.c ****     /* Don't remove gravity! */
2144:Modules/mpu6050/inv_mpu.c ****     if (accel[2] > 0L)
2145:Modules/mpu6050/inv_mpu.c ****         accel[2] -= 65536L;
2146:Modules/mpu6050/inv_mpu.c ****     else
2147:Modules/mpu6050/inv_mpu.c ****         accel[2] += 65536L;
2148:Modules/mpu6050/inv_mpu.c **** #endif
2149:Modules/mpu6050/inv_mpu.c **** 
2150:Modules/mpu6050/inv_mpu.c ****     return 0;
2151:Modules/mpu6050/inv_mpu.c **** }
 1288              		.loc 1 2151 1 view .LVU402
 1289 02e6 09B0     		add	sp, sp, #36
 1290              	.LCFI16:
 1291              		.cfi_remember_state
 1292              		.cfi_def_cfa_offset 20
 1293              		@ sp needed
 1294 02e8 F0BD     		pop	{r4, r5, r6, r7, pc}
 1295              	.LVL102:
 1296              	.L94:
 1297              	.LCFI17:
 1298              		.cfi_restore_state
2134:Modules/mpu6050/inv_mpu.c ****     gyro[1] = (long)(((long long)gyro[1]<<16) / test.gyro_sens / packet_count);
 1299              		.loc 1 2134 5 is_stmt 1 view .LVU403
2134:Modules/mpu6050/inv_mpu.c ****     gyro[1] = (long)(((long long)gyro[1]<<16) / test.gyro_sens / packet_count);
 1300              		.loc 1 2134 38 is_stmt 0 view .LVU404
 1301 02ea 2968     		ldr	r1, [r5]
2134:Modules/mpu6050/inv_mpu.c ****     gyro[1] = (long)(((long long)gyro[1]<<16) / test.gyro_sens / packet_count);
 1302              		.loc 1 2134 47 view .LVU405
 1303 02ec 8322     		movs	r2, #131
 1304 02ee 0023     		movs	r3, #0
 1305 02f0 0804     		lsls	r0, r1, #16
 1306 02f2 0914     		asrs	r1, r1, #16
 1307 02f4 FFF7FEFF 		bl	__aeabi_ldivmod
 1308              	.LVL103:
2134:Modules/mpu6050/inv_mpu.c ****     gyro[1] = (long)(((long long)gyro[1]<<16) / test.gyro_sens / packet_count);
 1309              		.loc 1 2134 64 view .LVU406
 1310 02f8 0026     		movs	r6, #0
 1311              	.LVL104:
2134:Modules/mpu6050/inv_mpu.c ****     gyro[1] = (long)(((long long)gyro[1]<<16) / test.gyro_sens / packet_count);
 1312              		.loc 1 2134 64 view .LVU407
 1313 02fa 3A46     		mov	r2, r7
 1314 02fc 3346     		mov	r3, r6
 1315 02fe FFF7FEFF 		bl	__aeabi_ldivmod
 1316              	.LVL105:
2134:Modules/mpu6050/inv_mpu.c ****     gyro[1] = (long)(((long long)gyro[1]<<16) / test.gyro_sens / packet_count);
 1317              		.loc 1 2134 13 view .LVU408
 1318 0302 2860     		str	r0, [r5]
2135:Modules/mpu6050/inv_mpu.c ****     gyro[2] = (long)(((long long)gyro[2]<<16) / test.gyro_sens / packet_count);
 1319              		.loc 1 2135 5 is_stmt 1 view .LVU409
2135:Modules/mpu6050/inv_mpu.c ****     gyro[2] = (long)(((long long)gyro[2]<<16) / test.gyro_sens / packet_count);
ARM GAS  C:\Users\FASCIN~1\AppData\Local\Temp\ccNBUjvk.s 			page 64


 1320              		.loc 1 2135 38 is_stmt 0 view .LVU410
 1321 0304 6968     		ldr	r1, [r5, #4]
2135:Modules/mpu6050/inv_mpu.c ****     gyro[2] = (long)(((long long)gyro[2]<<16) / test.gyro_sens / packet_count);
 1322              		.loc 1 2135 47 view .LVU411
 1323 0306 8322     		movs	r2, #131
 1324 0308 0023     		movs	r3, #0
 1325 030a 0804     		lsls	r0, r1, #16
 1326 030c 0914     		asrs	r1, r1, #16
 1327 030e FFF7FEFF 		bl	__aeabi_ldivmod
 1328              	.LVL106:
2135:Modules/mpu6050/inv_mpu.c ****     gyro[2] = (long)(((long long)gyro[2]<<16) / test.gyro_sens / packet_count);
 1329              		.loc 1 2135 64 view .LVU412
 1330 0312 3A46     		mov	r2, r7
 1331 0314 3346     		mov	r3, r6
 1332 0316 FFF7FEFF 		bl	__aeabi_ldivmod
 1333              	.LVL107:
2135:Modules/mpu6050/inv_mpu.c ****     gyro[2] = (long)(((long long)gyro[2]<<16) / test.gyro_sens / packet_count);
 1334              		.loc 1 2135 13 view .LVU413
 1335 031a 6860     		str	r0, [r5, #4]
2136:Modules/mpu6050/inv_mpu.c ****     accel[0] = (long)(((long long)accel[0]<<16) / test.accel_sens /
 1336              		.loc 1 2136 5 is_stmt 1 view .LVU414
2136:Modules/mpu6050/inv_mpu.c ****     accel[0] = (long)(((long long)accel[0]<<16) / test.accel_sens /
 1337              		.loc 1 2136 38 is_stmt 0 view .LVU415
 1338 031c A968     		ldr	r1, [r5, #8]
2136:Modules/mpu6050/inv_mpu.c ****     accel[0] = (long)(((long long)accel[0]<<16) / test.accel_sens /
 1339              		.loc 1 2136 47 view .LVU416
 1340 031e 8322     		movs	r2, #131
 1341 0320 0023     		movs	r3, #0
 1342 0322 0804     		lsls	r0, r1, #16
 1343 0324 0914     		asrs	r1, r1, #16
 1344 0326 FFF7FEFF 		bl	__aeabi_ldivmod
 1345              	.LVL108:
2136:Modules/mpu6050/inv_mpu.c ****     accel[0] = (long)(((long long)accel[0]<<16) / test.accel_sens /
 1346              		.loc 1 2136 64 view .LVU417
 1347 032a 3A46     		mov	r2, r7
 1348 032c 3346     		mov	r3, r6
 1349 032e FFF7FEFF 		bl	__aeabi_ldivmod
 1350              	.LVL109:
2136:Modules/mpu6050/inv_mpu.c ****     accel[0] = (long)(((long long)accel[0]<<16) / test.accel_sens /
 1351              		.loc 1 2136 13 view .LVU418
 1352 0332 A860     		str	r0, [r5, #8]
2137:Modules/mpu6050/inv_mpu.c ****                       packet_count);
 1353              		.loc 1 2137 5 is_stmt 1 view .LVU419
2137:Modules/mpu6050/inv_mpu.c ****                       packet_count);
 1354              		.loc 1 2137 40 is_stmt 0 view .LVU420
 1355 0334 2068     		ldr	r0, [r4]
2137:Modules/mpu6050/inv_mpu.c ****                       packet_count);
 1356              		.loc 1 2137 43 view .LVU421
 1357 0336 0314     		asrs	r3, r0, #16
 1358 0338 0004     		lsls	r0, r0, #16
2137:Modules/mpu6050/inv_mpu.c ****                       packet_count);
 1359              		.loc 1 2137 49 view .LVU422
 1360 033a 1946     		mov	r1, r3
 1361 033c B342     		cmp	r3, r6
 1362 033e 2DDB     		blt	.L95
 1363              	.L73:
 1364 0340 C00A     		lsrs	r0, r0, #11
ARM GAS  C:\Users\FASCIN~1\AppData\Local\Temp\ccNBUjvk.s 			page 65


2137:Modules/mpu6050/inv_mpu.c ****                       packet_count);
 1365              		.loc 1 2137 67 view .LVU423
 1366 0342 3A46     		mov	r2, r7
 1367 0344 3346     		mov	r3, r6
 1368 0346 40EA4150 		orr	r0, r0, r1, lsl #21
 1369 034a C912     		asrs	r1, r1, #11
 1370 034c FFF7FEFF 		bl	__aeabi_ldivmod
 1371              	.LVL110:
2137:Modules/mpu6050/inv_mpu.c ****                       packet_count);
 1372              		.loc 1 2137 14 view .LVU424
 1373 0350 2060     		str	r0, [r4]
2139:Modules/mpu6050/inv_mpu.c ****                       packet_count);
 1374              		.loc 1 2139 5 is_stmt 1 view .LVU425
2139:Modules/mpu6050/inv_mpu.c ****                       packet_count);
 1375              		.loc 1 2139 40 is_stmt 0 view .LVU426
 1376 0352 6068     		ldr	r0, [r4, #4]
2139:Modules/mpu6050/inv_mpu.c ****                       packet_count);
 1377              		.loc 1 2139 43 view .LVU427
 1378 0354 0314     		asrs	r3, r0, #16
 1379 0356 0004     		lsls	r0, r0, #16
2139:Modules/mpu6050/inv_mpu.c ****                       packet_count);
 1380              		.loc 1 2139 49 view .LVU428
 1381 0358 1946     		mov	r1, r3
 1382 035a 002B     		cmp	r3, #0
 1383 035c 24DB     		blt	.L96
 1384              	.L74:
 1385 035e C00A     		lsrs	r0, r0, #11
2139:Modules/mpu6050/inv_mpu.c ****                       packet_count);
 1386              		.loc 1 2139 67 view .LVU429
 1387 0360 3A46     		mov	r2, r7
 1388 0362 3346     		mov	r3, r6
 1389 0364 40EA4150 		orr	r0, r0, r1, lsl #21
 1390 0368 C912     		asrs	r1, r1, #11
 1391 036a FFF7FEFF 		bl	__aeabi_ldivmod
 1392              	.LVL111:
2139:Modules/mpu6050/inv_mpu.c ****                       packet_count);
 1393              		.loc 1 2139 14 view .LVU430
 1394 036e 6060     		str	r0, [r4, #4]
2141:Modules/mpu6050/inv_mpu.c ****                       packet_count);
 1395              		.loc 1 2141 5 is_stmt 1 view .LVU431
2141:Modules/mpu6050/inv_mpu.c ****                       packet_count);
 1396              		.loc 1 2141 40 is_stmt 0 view .LVU432
 1397 0370 A068     		ldr	r0, [r4, #8]
2141:Modules/mpu6050/inv_mpu.c ****                       packet_count);
 1398              		.loc 1 2141 43 view .LVU433
 1399 0372 0314     		asrs	r3, r0, #16
 1400 0374 0004     		lsls	r0, r0, #16
2141:Modules/mpu6050/inv_mpu.c ****                       packet_count);
 1401              		.loc 1 2141 49 view .LVU434
 1402 0376 1946     		mov	r1, r3
 1403 0378 002B     		cmp	r3, #0
 1404 037a 1BDB     		blt	.L97
 1405              	.L75:
 1406 037c C00A     		lsrs	r0, r0, #11
2141:Modules/mpu6050/inv_mpu.c ****                       packet_count);
 1407              		.loc 1 2141 67 view .LVU435
 1408 037e 3A46     		mov	r2, r7
ARM GAS  C:\Users\FASCIN~1\AppData\Local\Temp\ccNBUjvk.s 			page 66


 1409 0380 3346     		mov	r3, r6
 1410 0382 40EA4150 		orr	r0, r0, r1, lsl #21
 1411 0386 C912     		asrs	r1, r1, #11
 1412 0388 FFF7FEFF 		bl	__aeabi_ldivmod
 1413              	.LVL112:
2141:Modules/mpu6050/inv_mpu.c ****                       packet_count);
 1414              		.loc 1 2141 14 view .LVU436
 1415 038c A060     		str	r0, [r4, #8]
2144:Modules/mpu6050/inv_mpu.c ****         accel[2] -= 65536L;
 1416              		.loc 1 2144 5 is_stmt 1 view .LVU437
2144:Modules/mpu6050/inv_mpu.c ****         accel[2] -= 65536L;
 1417              		.loc 1 2144 8 is_stmt 0 view .LVU438
 1418 038e 0028     		cmp	r0, #0
 1419 0390 16DD     		ble	.L76
2145:Modules/mpu6050/inv_mpu.c ****     else
 1420              		.loc 1 2145 9 is_stmt 1 view .LVU439
2145:Modules/mpu6050/inv_mpu.c ****     else
 1421              		.loc 1 2145 18 is_stmt 0 view .LVU440
 1422 0392 A0F58030 		sub	r0, r0, #65536
 1423 0396 A060     		str	r0, [r4, #8]
2150:Modules/mpu6050/inv_mpu.c **** }
 1424              		.loc 1 2150 12 view .LVU441
 1425 0398 0020     		movs	r0, #0
 1426 039a A4E7     		b	.L63
 1427              	.L95:
2137:Modules/mpu6050/inv_mpu.c ****                       packet_count);
 1428              		.loc 1 2137 49 view .LVU442
 1429 039c 40F2FF72 		movw	r2, #2047
 1430 03a0 8018     		adds	r0, r0, r2
 1431 03a2 43F10001 		adc	r1, r3, #0
 1432 03a6 CBE7     		b	.L73
 1433              	.L96:
2139:Modules/mpu6050/inv_mpu.c ****                       packet_count);
 1434              		.loc 1 2139 49 view .LVU443
 1435 03a8 40F2FF72 		movw	r2, #2047
 1436 03ac 8018     		adds	r0, r0, r2
 1437 03ae 43F10001 		adc	r1, r3, #0
 1438 03b2 D4E7     		b	.L74
 1439              	.L97:
2141:Modules/mpu6050/inv_mpu.c ****                       packet_count);
 1440              		.loc 1 2141 49 view .LVU444
 1441 03b4 40F2FF72 		movw	r2, #2047
 1442 03b8 8018     		adds	r0, r0, r2
 1443 03ba 43F10001 		adc	r1, r3, #0
 1444 03be DDE7     		b	.L75
 1445              	.L76:
2147:Modules/mpu6050/inv_mpu.c **** #endif
 1446              		.loc 1 2147 9 is_stmt 1 view .LVU445
2147:Modules/mpu6050/inv_mpu.c **** #endif
 1447              		.loc 1 2147 18 is_stmt 0 view .LVU446
 1448 03c0 00F58030 		add	r0, r0, #65536
 1449 03c4 A060     		str	r0, [r4, #8]
2150:Modules/mpu6050/inv_mpu.c **** }
 1450              		.loc 1 2150 12 view .LVU447
 1451 03c6 0020     		movs	r0, #0
 1452 03c8 8DE7     		b	.L63
 1453              	.LVL113:
ARM GAS  C:\Users\FASCIN~1\AppData\Local\Temp\ccNBUjvk.s 			page 67


 1454              	.L77:
2042:Modules/mpu6050/inv_mpu.c ****     delay_ms(200);
 1455              		.loc 1 2042 16 view .LVU448
 1456 03ca 4FF0FF30 		mov	r0, #-1
 1457 03ce 8AE7     		b	.L63
 1458              	.L78:
2046:Modules/mpu6050/inv_mpu.c ****     if (i2c_write(st.hw->addr, st.reg->fifo_en, 1, data))
 1459              		.loc 1 2046 16 view .LVU449
 1460 03d0 4FF0FF30 		mov	r0, #-1
 1461 03d4 87E7     		b	.L63
 1462              	.L79:
2048:Modules/mpu6050/inv_mpu.c ****     if (i2c_write(st.hw->addr, st.reg->pwr_mgmt_1, 1, data))
 1463              		.loc 1 2048 16 view .LVU450
 1464 03d6 4FF0FF30 		mov	r0, #-1
 1465 03da 84E7     		b	.L63
 1466              	.L80:
2050:Modules/mpu6050/inv_mpu.c ****     if (i2c_write(st.hw->addr, st.reg->i2c_mst, 1, data))
 1467              		.loc 1 2050 16 view .LVU451
 1468 03dc 4FF0FF30 		mov	r0, #-1
 1469 03e0 81E7     		b	.L63
 1470              	.L81:
2052:Modules/mpu6050/inv_mpu.c ****     if (i2c_write(st.hw->addr, st.reg->user_ctrl, 1, data))
 1471              		.loc 1 2052 16 view .LVU452
 1472 03e2 4FF0FF30 		mov	r0, #-1
 1473 03e6 7EE7     		b	.L63
 1474              	.L82:
2054:Modules/mpu6050/inv_mpu.c ****     data[0] = BIT_FIFO_RST | BIT_DMP_RST;
 1475              		.loc 1 2054 16 view .LVU453
 1476 03e8 4FF0FF30 		mov	r0, #-1
 1477 03ec 7BE7     		b	.L63
 1478              	.L83:
2057:Modules/mpu6050/inv_mpu.c ****     delay_ms(15);
 1479              		.loc 1 2057 16 view .LVU454
 1480 03ee 4FF0FF30 		mov	r0, #-1
 1481 03f2 78E7     		b	.L63
 1482              	.L84:
2061:Modules/mpu6050/inv_mpu.c ****     data[0] = st.test->reg_rate_div;
 1483              		.loc 1 2061 16 view .LVU455
 1484 03f4 4FF0FF30 		mov	r0, #-1
 1485 03f8 75E7     		b	.L63
 1486              	.L85:
2064:Modules/mpu6050/inv_mpu.c ****     if (hw_test)
 1487              		.loc 1 2064 16 view .LVU456
 1488 03fa 4FF0FF30 		mov	r0, #-1
 1489 03fe 72E7     		b	.L63
 1490              	.L86:
2070:Modules/mpu6050/inv_mpu.c **** 
 1491              		.loc 1 2070 16 view .LVU457
 1492 0400 4FF0FF30 		mov	r0, #-1
 1493 0404 6FE7     		b	.L63
 1494              	.L87:
2077:Modules/mpu6050/inv_mpu.c ****     if (hw_test)
 1495              		.loc 1 2077 16 view .LVU458
 1496 0406 4FF0FF30 		mov	r0, #-1
 1497 040a 6CE7     		b	.L63
 1498              	.L88:
2084:Modules/mpu6050/inv_mpu.c **** 
ARM GAS  C:\Users\FASCIN~1\AppData\Local\Temp\ccNBUjvk.s 			page 68


 1499              		.loc 1 2084 16 view .LVU459
 1500 040c 4FF0FF30 		mov	r0, #-1
 1501 0410 69E7     		b	.L63
 1502              	.L89:
2088:Modules/mpu6050/inv_mpu.c ****     delay_ms(test.wait_ms);
 1503              		.loc 1 2088 16 view .LVU460
 1504 0412 4FF0FF30 		mov	r0, #-1
 1505 0416 66E7     		b	.L63
 1506              	.L90:
2092:Modules/mpu6050/inv_mpu.c **** 
 1507              		.loc 1 2092 16 view .LVU461
 1508 0418 4FF0FF30 		mov	r0, #-1
 1509 041c 63E7     		b	.L63
 1510              	.L91:
2095:Modules/mpu6050/inv_mpu.c **** 
 1511              		.loc 1 2095 16 view .LVU462
 1512 041e 4FF0FF30 		mov	r0, #-1
 1513 0422 60E7     		b	.L63
 1514              	.L101:
 1515              		.align	2
 1516              	.L100:
 1517 0424 00000000 		.word	st
 1518              		.cfi_endproc
 1519              	.LFE103:
 1521              		.section	.rodata.mpu_reg_dump.str1.4,"aMS",%progbits,1
 1522              		.align	2
 1523              	.LC0:
 1524 0000 25233578 		.ascii	"%#5x: %#5x\015\012\000"
 1524      3A202523 
 1524      35780D0A 
 1524      00
 1525              		.section	.text.mpu_reg_dump,"ax",%progbits
 1526              		.align	1
 1527              		.global	mpu_reg_dump
 1528              		.syntax unified
 1529              		.thumb
 1530              		.thumb_func
 1532              	mpu_reg_dump:
 1533              	.LFB69:
 718:Modules/mpu6050/inv_mpu.c ****     unsigned char ii;
 1534              		.loc 1 718 1 is_stmt 1 view -0
 1535              		.cfi_startproc
 1536              		@ args = 0, pretend = 0, frame = 8
 1537              		@ frame_needed = 0, uses_anonymous_args = 0
 1538 0000 10B5     		push	{r4, lr}
 1539              	.LCFI18:
 1540              		.cfi_def_cfa_offset 8
 1541              		.cfi_offset 4, -8
 1542              		.cfi_offset 14, -4
 1543 0002 82B0     		sub	sp, sp, #8
 1544              	.LCFI19:
 1545              		.cfi_def_cfa_offset 16
 719:Modules/mpu6050/inv_mpu.c ****     unsigned char data;
 1546              		.loc 1 719 5 view .LVU464
 720:Modules/mpu6050/inv_mpu.c **** 
 1547              		.loc 1 720 5 view .LVU465
 722:Modules/mpu6050/inv_mpu.c ****         if (ii == st.reg->fifo_r_w || ii == st.reg->mem_r_w)
ARM GAS  C:\Users\FASCIN~1\AppData\Local\Temp\ccNBUjvk.s 			page 69


 1548              		.loc 1 722 5 view .LVU466
 1549              	.LVL114:
 722:Modules/mpu6050/inv_mpu.c ****         if (ii == st.reg->fifo_r_w || ii == st.reg->mem_r_w)
 1550              		.loc 1 722 13 is_stmt 0 view .LVU467
 1551 0004 0024     		movs	r4, #0
 722:Modules/mpu6050/inv_mpu.c ****         if (ii == st.reg->fifo_r_w || ii == st.reg->mem_r_w)
 1552              		.loc 1 722 5 view .LVU468
 1553 0006 01E0     		b	.L103
 1554              	.LVL115:
 1555              	.L104:
 722:Modules/mpu6050/inv_mpu.c ****         if (ii == st.reg->fifo_r_w || ii == st.reg->mem_r_w)
 1556              		.loc 1 722 41 is_stmt 1 discriminator 2 view .LVU469
 1557 0008 0134     		adds	r4, r4, #1
 1558              	.LVL116:
 722:Modules/mpu6050/inv_mpu.c ****         if (ii == st.reg->fifo_r_w || ii == st.reg->mem_r_w)
 1559              		.loc 1 722 41 is_stmt 0 discriminator 2 view .LVU470
 1560 000a E4B2     		uxtb	r4, r4
 1561              	.LVL117:
 1562              	.L103:
 722:Modules/mpu6050/inv_mpu.c ****         if (ii == st.reg->fifo_r_w || ii == st.reg->mem_r_w)
 1563              		.loc 1 722 21 is_stmt 1 discriminator 1 view .LVU471
 722:Modules/mpu6050/inv_mpu.c ****         if (ii == st.reg->fifo_r_w || ii == st.reg->mem_r_w)
 1564              		.loc 1 722 25 is_stmt 0 discriminator 1 view .LVU472
 1565 000c 104B     		ldr	r3, .L110
 1566 000e 5868     		ldr	r0, [r3, #4]
 722:Modules/mpu6050/inv_mpu.c ****         if (ii == st.reg->fifo_r_w || ii == st.reg->mem_r_w)
 1567              		.loc 1 722 28 discriminator 1 view .LVU473
 1568 0010 0379     		ldrb	r3, [r0, #4]	@ zero_extendqisi2
 722:Modules/mpu6050/inv_mpu.c ****         if (ii == st.reg->fifo_r_w || ii == st.reg->mem_r_w)
 1569              		.loc 1 722 21 discriminator 1 view .LVU474
 1570 0012 A342     		cmp	r3, r4
 1571 0014 16D9     		bls	.L109
 723:Modules/mpu6050/inv_mpu.c ****             continue;
 1572              		.loc 1 723 9 is_stmt 1 view .LVU475
 723:Modules/mpu6050/inv_mpu.c ****             continue;
 1573              		.loc 1 723 21 is_stmt 0 view .LVU476
 1574 0016 0E4B     		ldr	r3, .L110
 1575 0018 1B68     		ldr	r3, [r3]
 723:Modules/mpu6050/inv_mpu.c ****             continue;
 1576              		.loc 1 723 25 view .LVU477
 1577 001a DA7A     		ldrb	r2, [r3, #11]	@ zero_extendqisi2
 723:Modules/mpu6050/inv_mpu.c ****             continue;
 1578              		.loc 1 723 12 view .LVU478
 1579 001c A242     		cmp	r2, r4
 1580 001e F3D0     		beq	.L104
 723:Modules/mpu6050/inv_mpu.c ****             continue;
 1581              		.loc 1 723 51 discriminator 2 view .LVU479
 1582 0020 5B7D     		ldrb	r3, [r3, #21]	@ zero_extendqisi2
 723:Modules/mpu6050/inv_mpu.c ****             continue;
 1583              		.loc 1 723 36 discriminator 2 view .LVU480
 1584 0022 A342     		cmp	r3, r4
 1585 0024 F0D0     		beq	.L104
 725:Modules/mpu6050/inv_mpu.c ****             return -1;
 1586              		.loc 1 725 9 is_stmt 1 view .LVU481
 725:Modules/mpu6050/inv_mpu.c ****             return -1;
 1587              		.loc 1 725 13 is_stmt 0 view .LVU482
 1588 0026 0DF10703 		add	r3, sp, #7
ARM GAS  C:\Users\FASCIN~1\AppData\Local\Temp\ccNBUjvk.s 			page 70


 1589 002a 0122     		movs	r2, #1
 1590 002c 2146     		mov	r1, r4
 1591 002e 0078     		ldrb	r0, [r0]	@ zero_extendqisi2
 1592 0030 FFF7FEFF 		bl	MPU_Read_Len
 1593              	.LVL118:
 725:Modules/mpu6050/inv_mpu.c ****             return -1;
 1594              		.loc 1 725 12 discriminator 1 view .LVU483
 1595 0034 48B9     		cbnz	r0, .L107
 727:Modules/mpu6050/inv_mpu.c ****     }
 1596              		.loc 1 727 9 is_stmt 1 view .LVU484
 1597 0036 9DF80720 		ldrb	r2, [sp, #7]	@ zero_extendqisi2
 1598 003a 2146     		mov	r1, r4
 1599 003c 0548     		ldr	r0, .L110+4
 1600 003e FFF7FEFF 		bl	printf
 1601              	.LVL119:
 1602 0042 E1E7     		b	.L104
 1603              	.L109:
 729:Modules/mpu6050/inv_mpu.c **** }
 1604              		.loc 1 729 12 is_stmt 0 view .LVU485
 1605 0044 0020     		movs	r0, #0
 1606              	.L102:
 730:Modules/mpu6050/inv_mpu.c **** 
 1607              		.loc 1 730 1 view .LVU486
 1608 0046 02B0     		add	sp, sp, #8
 1609              	.LCFI20:
 1610              		.cfi_remember_state
 1611              		.cfi_def_cfa_offset 8
 1612              		@ sp needed
 1613 0048 10BD     		pop	{r4, pc}
 1614              	.LVL120:
 1615              	.L107:
 1616              	.LCFI21:
 1617              		.cfi_restore_state
 726:Modules/mpu6050/inv_mpu.c ****         log_i("%#5x: %#5x\r\n", ii, data);
 1618              		.loc 1 726 20 view .LVU487
 1619 004a 4FF0FF30 		mov	r0, #-1
 1620 004e FAE7     		b	.L102
 1621              	.L111:
 1622              		.align	2
 1623              	.L110:
 1624 0050 00000000 		.word	st
 1625 0054 00000000 		.word	.LC0
 1626              		.cfi_endproc
 1627              	.LFE69:
 1629              		.section	.text.mpu_read_reg,"ax",%progbits
 1630              		.align	1
 1631              		.global	mpu_read_reg
 1632              		.syntax unified
 1633              		.thumb
 1634              		.thumb_func
 1636              	mpu_read_reg:
 1637              	.LVL121:
 1638              	.LFB70:
 740:Modules/mpu6050/inv_mpu.c ****     if (reg == st.reg->fifo_r_w || reg == st.reg->mem_r_w)
 1639              		.loc 1 740 1 is_stmt 1 view -0
 1640              		.cfi_startproc
 1641              		@ args = 0, pretend = 0, frame = 0
ARM GAS  C:\Users\FASCIN~1\AppData\Local\Temp\ccNBUjvk.s 			page 71


 1642              		@ frame_needed = 0, uses_anonymous_args = 0
 740:Modules/mpu6050/inv_mpu.c ****     if (reg == st.reg->fifo_r_w || reg == st.reg->mem_r_w)
 1643              		.loc 1 740 1 is_stmt 0 view .LVU489
 1644 0000 0B46     		mov	r3, r1
 741:Modules/mpu6050/inv_mpu.c ****         return -1;
 1645              		.loc 1 741 5 is_stmt 1 view .LVU490
 741:Modules/mpu6050/inv_mpu.c ****         return -1;
 1646              		.loc 1 741 18 is_stmt 0 view .LVU491
 1647 0002 0E4A     		ldr	r2, .L121
 1648 0004 1268     		ldr	r2, [r2]
 741:Modules/mpu6050/inv_mpu.c ****         return -1;
 1649              		.loc 1 741 22 view .LVU492
 1650 0006 D17A     		ldrb	r1, [r2, #11]	@ zero_extendqisi2
 1651              	.LVL122:
 741:Modules/mpu6050/inv_mpu.c ****         return -1;
 1652              		.loc 1 741 8 view .LVU493
 1653 0008 8142     		cmp	r1, r0
 1654 000a 0ED0     		beq	.L114
 741:Modules/mpu6050/inv_mpu.c ****         return -1;
 1655              		.loc 1 741 49 discriminator 1 view .LVU494
 1656 000c 527D     		ldrb	r2, [r2, #21]	@ zero_extendqisi2
 741:Modules/mpu6050/inv_mpu.c ****         return -1;
 1657              		.loc 1 741 33 discriminator 1 view .LVU495
 1658 000e 8242     		cmp	r2, r0
 1659 0010 0ED0     		beq	.L115
 740:Modules/mpu6050/inv_mpu.c ****     if (reg == st.reg->fifo_r_w || reg == st.reg->mem_r_w)
 1660              		.loc 1 740 1 view .LVU496
 1661 0012 10B5     		push	{r4, lr}
 1662              	.LCFI22:
 1663              		.cfi_def_cfa_offset 8
 1664              		.cfi_offset 4, -8
 1665              		.cfi_offset 14, -4
 743:Modules/mpu6050/inv_mpu.c ****         return -1;
 1666              		.loc 1 743 5 is_stmt 1 view .LVU497
 743:Modules/mpu6050/inv_mpu.c ****         return -1;
 1667              		.loc 1 743 18 is_stmt 0 view .LVU498
 1668 0014 094A     		ldr	r2, .L121
 1669 0016 5468     		ldr	r4, [r2, #4]
 743:Modules/mpu6050/inv_mpu.c ****         return -1;
 1670              		.loc 1 743 21 view .LVU499
 1671 0018 2279     		ldrb	r2, [r4, #4]	@ zero_extendqisi2
 743:Modules/mpu6050/inv_mpu.c ****         return -1;
 1672              		.loc 1 743 8 view .LVU500
 1673 001a 8242     		cmp	r2, r0
 1674 001c 0BD9     		bls	.L116
 745:Modules/mpu6050/inv_mpu.c **** }
 1675              		.loc 1 745 5 is_stmt 1 view .LVU501
 745:Modules/mpu6050/inv_mpu.c **** }
 1676              		.loc 1 745 12 is_stmt 0 view .LVU502
 1677 001e 0122     		movs	r2, #1
 1678 0020 0146     		mov	r1, r0
 1679 0022 2078     		ldrb	r0, [r4]	@ zero_extendqisi2
 1680              	.LVL123:
 745:Modules/mpu6050/inv_mpu.c **** }
 1681              		.loc 1 745 12 view .LVU503
 1682 0024 FFF7FEFF 		bl	MPU_Read_Len
 1683              	.LVL124:
ARM GAS  C:\Users\FASCIN~1\AppData\Local\Temp\ccNBUjvk.s 			page 72


 1684              	.L112:
 746:Modules/mpu6050/inv_mpu.c **** 
 1685              		.loc 1 746 1 view .LVU504
 1686 0028 10BD     		pop	{r4, pc}
 1687              	.LVL125:
 1688              	.L114:
 1689              	.LCFI23:
 1690              		.cfi_def_cfa_offset 0
 1691              		.cfi_restore 4
 1692              		.cfi_restore 14
 742:Modules/mpu6050/inv_mpu.c ****     if (reg >= st.hw->num_reg)
 1693              		.loc 1 742 16 view .LVU505
 1694 002a 4FF0FF30 		mov	r0, #-1
 1695              	.LVL126:
 742:Modules/mpu6050/inv_mpu.c ****     if (reg >= st.hw->num_reg)
 1696              		.loc 1 742 16 view .LVU506
 1697 002e 7047     		bx	lr
 1698              	.LVL127:
 1699              	.L115:
 742:Modules/mpu6050/inv_mpu.c ****     if (reg >= st.hw->num_reg)
 1700              		.loc 1 742 16 view .LVU507
 1701 0030 4FF0FF30 		mov	r0, #-1
 1702              	.LVL128:
 746:Modules/mpu6050/inv_mpu.c **** 
 1703              		.loc 1 746 1 view .LVU508
 1704 0034 7047     		bx	lr
 1705              	.LVL129:
 1706              	.L116:
 1707              	.LCFI24:
 1708              		.cfi_def_cfa_offset 8
 1709              		.cfi_offset 4, -8
 1710              		.cfi_offset 14, -4
 744:Modules/mpu6050/inv_mpu.c ****     return i2c_read(st.hw->addr, reg, 1, data);
 1711              		.loc 1 744 16 view .LVU509
 1712 0036 4FF0FF30 		mov	r0, #-1
 1713              	.LVL130:
 744:Modules/mpu6050/inv_mpu.c ****     return i2c_read(st.hw->addr, reg, 1, data);
 1714              		.loc 1 744 16 view .LVU510
 1715 003a F5E7     		b	.L112
 1716              	.L122:
 1717              		.align	2
 1718              	.L121:
 1719 003c 00000000 		.word	st
 1720              		.cfi_endproc
 1721              	.LFE70:
 1723              		.section	.text.mpu_get_gyro_reg,"ax",%progbits
 1724              		.align	1
 1725              		.global	mpu_get_gyro_reg
 1726              		.syntax unified
 1727              		.thumb
 1728              		.thumb_func
 1730              	mpu_get_gyro_reg:
 1731              	.LVL131:
 1732              	.LFB73:
 977:Modules/mpu6050/inv_mpu.c ****     unsigned char tmp[6];
 1733              		.loc 1 977 1 is_stmt 1 view -0
 1734              		.cfi_startproc
ARM GAS  C:\Users\FASCIN~1\AppData\Local\Temp\ccNBUjvk.s 			page 73


 1735              		@ args = 0, pretend = 0, frame = 8
 1736              		@ frame_needed = 0, uses_anonymous_args = 0
 978:Modules/mpu6050/inv_mpu.c **** 
 1737              		.loc 1 978 5 view .LVU512
 980:Modules/mpu6050/inv_mpu.c ****         return -1;
 1738              		.loc 1 980 5 view .LVU513
 980:Modules/mpu6050/inv_mpu.c ****         return -1;
 1739              		.loc 1 980 22 is_stmt 0 view .LVU514
 1740 0000 174B     		ldr	r3, .L131
 1741 0002 9B7A     		ldrb	r3, [r3, #10]	@ zero_extendqisi2
 980:Modules/mpu6050/inv_mpu.c ****         return -1;
 1742              		.loc 1 980 8 view .LVU515
 1743 0004 13F0700F 		tst	r3, #112
 1744 0008 23D0     		beq	.L125
 977:Modules/mpu6050/inv_mpu.c ****     unsigned char tmp[6];
 1745              		.loc 1 977 1 view .LVU516
 1746 000a 10B5     		push	{r4, lr}
 1747              	.LCFI25:
 1748              		.cfi_def_cfa_offset 8
 1749              		.cfi_offset 4, -8
 1750              		.cfi_offset 14, -4
 1751 000c 82B0     		sub	sp, sp, #8
 1752              	.LCFI26:
 1753              		.cfi_def_cfa_offset 16
 1754 000e 0446     		mov	r4, r0
 983:Modules/mpu6050/inv_mpu.c ****         return -1;
 1755              		.loc 1 983 5 is_stmt 1 view .LVU517
 983:Modules/mpu6050/inv_mpu.c ****         return -1;
 1756              		.loc 1 983 20 is_stmt 0 view .LVU518
 1757 0010 134B     		ldr	r3, .L131
 1758 0012 5868     		ldr	r0, [r3, #4]
 1759              	.LVL132:
 983:Modules/mpu6050/inv_mpu.c ****         return -1;
 1760              		.loc 1 983 33 view .LVU519
 1761 0014 1968     		ldr	r1, [r3]
 1762              	.LVL133:
 983:Modules/mpu6050/inv_mpu.c ****         return -1;
 1763              		.loc 1 983 9 view .LVU520
 1764 0016 6B46     		mov	r3, sp
 1765 0018 0622     		movs	r2, #6
 1766 001a 097B     		ldrb	r1, [r1, #12]	@ zero_extendqisi2
 1767 001c 0078     		ldrb	r0, [r0]	@ zero_extendqisi2
 1768 001e FFF7FEFF 		bl	MPU_Read_Len
 1769              	.LVL134:
 983:Modules/mpu6050/inv_mpu.c ****         return -1;
 1770              		.loc 1 983 8 discriminator 1 view .LVU521
 1771 0022 C8B9     		cbnz	r0, .L126
 985:Modules/mpu6050/inv_mpu.c ****     data[1] = (tmp[2] << 8) | tmp[3];
 1772              		.loc 1 985 5 is_stmt 1 view .LVU522
 985:Modules/mpu6050/inv_mpu.c ****     data[1] = (tmp[2] << 8) | tmp[3];
 1773              		.loc 1 985 19 is_stmt 0 view .LVU523
 1774 0024 9DF80020 		ldrb	r2, [sp]	@ zero_extendqisi2
 985:Modules/mpu6050/inv_mpu.c ****     data[1] = (tmp[2] << 8) | tmp[3];
 1775              		.loc 1 985 34 view .LVU524
 1776 0028 9DF80130 		ldrb	r3, [sp, #1]	@ zero_extendqisi2
 985:Modules/mpu6050/inv_mpu.c ****     data[1] = (tmp[2] << 8) | tmp[3];
 1777              		.loc 1 985 29 view .LVU525
ARM GAS  C:\Users\FASCIN~1\AppData\Local\Temp\ccNBUjvk.s 			page 74


 1778 002c 43EA0223 		orr	r3, r3, r2, lsl #8
 985:Modules/mpu6050/inv_mpu.c ****     data[1] = (tmp[2] << 8) | tmp[3];
 1779              		.loc 1 985 13 view .LVU526
 1780 0030 2380     		strh	r3, [r4]	@ movhi
 986:Modules/mpu6050/inv_mpu.c ****     data[2] = (tmp[4] << 8) | tmp[5];
 1781              		.loc 1 986 5 is_stmt 1 view .LVU527
 986:Modules/mpu6050/inv_mpu.c ****     data[2] = (tmp[4] << 8) | tmp[5];
 1782              		.loc 1 986 19 is_stmt 0 view .LVU528
 1783 0032 9DF80220 		ldrb	r2, [sp, #2]	@ zero_extendqisi2
 986:Modules/mpu6050/inv_mpu.c ****     data[2] = (tmp[4] << 8) | tmp[5];
 1784              		.loc 1 986 34 view .LVU529
 1785 0036 9DF80330 		ldrb	r3, [sp, #3]	@ zero_extendqisi2
 986:Modules/mpu6050/inv_mpu.c ****     data[2] = (tmp[4] << 8) | tmp[5];
 1786              		.loc 1 986 29 view .LVU530
 1787 003a 43EA0223 		orr	r3, r3, r2, lsl #8
 986:Modules/mpu6050/inv_mpu.c ****     data[2] = (tmp[4] << 8) | tmp[5];
 1788              		.loc 1 986 13 view .LVU531
 1789 003e 6380     		strh	r3, [r4, #2]	@ movhi
 987:Modules/mpu6050/inv_mpu.c ****     if (timestamp)
 1790              		.loc 1 987 5 is_stmt 1 view .LVU532
 987:Modules/mpu6050/inv_mpu.c ****     if (timestamp)
 1791              		.loc 1 987 19 is_stmt 0 view .LVU533
 1792 0040 9DF80420 		ldrb	r2, [sp, #4]	@ zero_extendqisi2
 987:Modules/mpu6050/inv_mpu.c ****     if (timestamp)
 1793              		.loc 1 987 34 view .LVU534
 1794 0044 9DF80530 		ldrb	r3, [sp, #5]	@ zero_extendqisi2
 987:Modules/mpu6050/inv_mpu.c ****     if (timestamp)
 1795              		.loc 1 987 29 view .LVU535
 1796 0048 43EA0223 		orr	r3, r3, r2, lsl #8
 987:Modules/mpu6050/inv_mpu.c ****     if (timestamp)
 1797              		.loc 1 987 13 view .LVU536
 1798 004c A380     		strh	r3, [r4, #4]	@ movhi
 988:Modules/mpu6050/inv_mpu.c ****         get_ms(timestamp);
 1799              		.loc 1 988 5 is_stmt 1 view .LVU537
 989:Modules/mpu6050/inv_mpu.c ****     return 0;
 1800              		.loc 1 989 9 view .LVU538
 1801              	.L123:
 991:Modules/mpu6050/inv_mpu.c **** 
 1802              		.loc 1 991 1 is_stmt 0 view .LVU539
 1803 004e 02B0     		add	sp, sp, #8
 1804              	.LCFI27:
 1805              		.cfi_def_cfa_offset 8
 1806              		@ sp needed
 1807 0050 10BD     		pop	{r4, pc}
 1808              	.LVL135:
 1809              	.L125:
 1810              	.LCFI28:
 1811              		.cfi_def_cfa_offset 0
 1812              		.cfi_restore 4
 1813              		.cfi_restore 14
 981:Modules/mpu6050/inv_mpu.c **** 
 1814              		.loc 1 981 16 view .LVU540
 1815 0052 4FF0FF30 		mov	r0, #-1
 1816              	.LVL136:
 991:Modules/mpu6050/inv_mpu.c **** 
 1817              		.loc 1 991 1 view .LVU541
 1818 0056 7047     		bx	lr
ARM GAS  C:\Users\FASCIN~1\AppData\Local\Temp\ccNBUjvk.s 			page 75


 1819              	.LVL137:
 1820              	.L126:
 1821              	.LCFI29:
 1822              		.cfi_def_cfa_offset 16
 1823              		.cfi_offset 4, -8
 1824              		.cfi_offset 14, -4
 984:Modules/mpu6050/inv_mpu.c ****     data[0] = (tmp[0] << 8) | tmp[1];
 1825              		.loc 1 984 16 view .LVU542
 1826 0058 4FF0FF30 		mov	r0, #-1
 1827 005c F7E7     		b	.L123
 1828              	.L132:
 1829 005e 00BF     		.align	2
 1830              	.L131:
 1831 0060 00000000 		.word	st
 1832              		.cfi_endproc
 1833              	.LFE73:
 1835              		.section	.text.mpu_get_accel_reg,"ax",%progbits
 1836              		.align	1
 1837              		.global	mpu_get_accel_reg
 1838              		.syntax unified
 1839              		.thumb
 1840              		.thumb_func
 1842              	mpu_get_accel_reg:
 1843              	.LVL138:
 1844              	.LFB74:
1000:Modules/mpu6050/inv_mpu.c ****     unsigned char tmp[6];
 1845              		.loc 1 1000 1 is_stmt 1 view -0
 1846              		.cfi_startproc
 1847              		@ args = 0, pretend = 0, frame = 8
 1848              		@ frame_needed = 0, uses_anonymous_args = 0
1001:Modules/mpu6050/inv_mpu.c **** 
 1849              		.loc 1 1001 5 view .LVU544
1003:Modules/mpu6050/inv_mpu.c ****         return -1;
 1850              		.loc 1 1003 5 view .LVU545
1003:Modules/mpu6050/inv_mpu.c ****         return -1;
 1851              		.loc 1 1003 22 is_stmt 0 view .LVU546
 1852 0000 174B     		ldr	r3, .L141
 1853 0002 9B7A     		ldrb	r3, [r3, #10]	@ zero_extendqisi2
1003:Modules/mpu6050/inv_mpu.c ****         return -1;
 1854              		.loc 1 1003 8 view .LVU547
 1855 0004 13F0080F 		tst	r3, #8
 1856 0008 23D0     		beq	.L135
1000:Modules/mpu6050/inv_mpu.c ****     unsigned char tmp[6];
 1857              		.loc 1 1000 1 view .LVU548
 1858 000a 10B5     		push	{r4, lr}
 1859              	.LCFI30:
 1860              		.cfi_def_cfa_offset 8
 1861              		.cfi_offset 4, -8
 1862              		.cfi_offset 14, -4
 1863 000c 82B0     		sub	sp, sp, #8
 1864              	.LCFI31:
 1865              		.cfi_def_cfa_offset 16
 1866 000e 0446     		mov	r4, r0
1006:Modules/mpu6050/inv_mpu.c ****         return -1;
 1867              		.loc 1 1006 5 is_stmt 1 view .LVU549
1006:Modules/mpu6050/inv_mpu.c ****         return -1;
 1868              		.loc 1 1006 20 is_stmt 0 view .LVU550
ARM GAS  C:\Users\FASCIN~1\AppData\Local\Temp\ccNBUjvk.s 			page 76


 1869 0010 134B     		ldr	r3, .L141
 1870 0012 5868     		ldr	r0, [r3, #4]
 1871              	.LVL139:
1006:Modules/mpu6050/inv_mpu.c ****         return -1;
 1872              		.loc 1 1006 33 view .LVU551
 1873 0014 1968     		ldr	r1, [r3]
 1874              	.LVL140:
1006:Modules/mpu6050/inv_mpu.c ****         return -1;
 1875              		.loc 1 1006 9 view .LVU552
 1876 0016 6B46     		mov	r3, sp
 1877 0018 0622     		movs	r2, #6
 1878 001a 497B     		ldrb	r1, [r1, #13]	@ zero_extendqisi2
 1879 001c 0078     		ldrb	r0, [r0]	@ zero_extendqisi2
 1880 001e FFF7FEFF 		bl	MPU_Read_Len
 1881              	.LVL141:
1006:Modules/mpu6050/inv_mpu.c ****         return -1;
 1882              		.loc 1 1006 8 discriminator 1 view .LVU553
 1883 0022 C8B9     		cbnz	r0, .L136
1008:Modules/mpu6050/inv_mpu.c ****     data[1] = (tmp[2] << 8) | tmp[3];
 1884              		.loc 1 1008 5 is_stmt 1 view .LVU554
1008:Modules/mpu6050/inv_mpu.c ****     data[1] = (tmp[2] << 8) | tmp[3];
 1885              		.loc 1 1008 19 is_stmt 0 view .LVU555
 1886 0024 9DF80020 		ldrb	r2, [sp]	@ zero_extendqisi2
1008:Modules/mpu6050/inv_mpu.c ****     data[1] = (tmp[2] << 8) | tmp[3];
 1887              		.loc 1 1008 34 view .LVU556
 1888 0028 9DF80130 		ldrb	r3, [sp, #1]	@ zero_extendqisi2
1008:Modules/mpu6050/inv_mpu.c ****     data[1] = (tmp[2] << 8) | tmp[3];
 1889              		.loc 1 1008 29 view .LVU557
 1890 002c 43EA0223 		orr	r3, r3, r2, lsl #8
1008:Modules/mpu6050/inv_mpu.c ****     data[1] = (tmp[2] << 8) | tmp[3];
 1891              		.loc 1 1008 13 view .LVU558
 1892 0030 2380     		strh	r3, [r4]	@ movhi
1009:Modules/mpu6050/inv_mpu.c ****     data[2] = (tmp[4] << 8) | tmp[5];
 1893              		.loc 1 1009 5 is_stmt 1 view .LVU559
1009:Modules/mpu6050/inv_mpu.c ****     data[2] = (tmp[4] << 8) | tmp[5];
 1894              		.loc 1 1009 19 is_stmt 0 view .LVU560
 1895 0032 9DF80220 		ldrb	r2, [sp, #2]	@ zero_extendqisi2
1009:Modules/mpu6050/inv_mpu.c ****     data[2] = (tmp[4] << 8) | tmp[5];
 1896              		.loc 1 1009 34 view .LVU561
 1897 0036 9DF80330 		ldrb	r3, [sp, #3]	@ zero_extendqisi2
1009:Modules/mpu6050/inv_mpu.c ****     data[2] = (tmp[4] << 8) | tmp[5];
 1898              		.loc 1 1009 29 view .LVU562
 1899 003a 43EA0223 		orr	r3, r3, r2, lsl #8
1009:Modules/mpu6050/inv_mpu.c ****     data[2] = (tmp[4] << 8) | tmp[5];
 1900              		.loc 1 1009 13 view .LVU563
 1901 003e 6380     		strh	r3, [r4, #2]	@ movhi
1010:Modules/mpu6050/inv_mpu.c ****     if (timestamp)
 1902              		.loc 1 1010 5 is_stmt 1 view .LVU564
1010:Modules/mpu6050/inv_mpu.c ****     if (timestamp)
 1903              		.loc 1 1010 19 is_stmt 0 view .LVU565
 1904 0040 9DF80420 		ldrb	r2, [sp, #4]	@ zero_extendqisi2
1010:Modules/mpu6050/inv_mpu.c ****     if (timestamp)
 1905              		.loc 1 1010 34 view .LVU566
 1906 0044 9DF80530 		ldrb	r3, [sp, #5]	@ zero_extendqisi2
1010:Modules/mpu6050/inv_mpu.c ****     if (timestamp)
 1907              		.loc 1 1010 29 view .LVU567
 1908 0048 43EA0223 		orr	r3, r3, r2, lsl #8
ARM GAS  C:\Users\FASCIN~1\AppData\Local\Temp\ccNBUjvk.s 			page 77


1010:Modules/mpu6050/inv_mpu.c ****     if (timestamp)
 1909              		.loc 1 1010 13 view .LVU568
 1910 004c A380     		strh	r3, [r4, #4]	@ movhi
1011:Modules/mpu6050/inv_mpu.c ****         get_ms(timestamp);
 1911              		.loc 1 1011 5 is_stmt 1 view .LVU569
1012:Modules/mpu6050/inv_mpu.c ****     return 0;
 1912              		.loc 1 1012 9 view .LVU570
 1913              	.L133:
1014:Modules/mpu6050/inv_mpu.c **** 
 1914              		.loc 1 1014 1 is_stmt 0 view .LVU571
 1915 004e 02B0     		add	sp, sp, #8
 1916              	.LCFI32:
 1917              		.cfi_def_cfa_offset 8
 1918              		@ sp needed
 1919 0050 10BD     		pop	{r4, pc}
 1920              	.LVL142:
 1921              	.L135:
 1922              	.LCFI33:
 1923              		.cfi_def_cfa_offset 0
 1924              		.cfi_restore 4
 1925              		.cfi_restore 14
1004:Modules/mpu6050/inv_mpu.c **** 
 1926              		.loc 1 1004 16 view .LVU572
 1927 0052 4FF0FF30 		mov	r0, #-1
 1928              	.LVL143:
1014:Modules/mpu6050/inv_mpu.c **** 
 1929              		.loc 1 1014 1 view .LVU573
 1930 0056 7047     		bx	lr
 1931              	.LVL144:
 1932              	.L136:
 1933              	.LCFI34:
 1934              		.cfi_def_cfa_offset 16
 1935              		.cfi_offset 4, -8
 1936              		.cfi_offset 14, -4
1007:Modules/mpu6050/inv_mpu.c ****     data[0] = (tmp[0] << 8) | tmp[1];
 1937              		.loc 1 1007 16 view .LVU574
 1938 0058 4FF0FF30 		mov	r0, #-1
 1939 005c F7E7     		b	.L133
 1940              	.L142:
 1941 005e 00BF     		.align	2
 1942              	.L141:
 1943 0060 00000000 		.word	st
 1944              		.cfi_endproc
 1945              	.LFE74:
 1947              		.global	__aeabi_fadd
 1948              		.global	__aeabi_f2iz
 1949              		.section	.text.mpu_get_temperature,"ax",%progbits
 1950              		.align	1
 1951              		.global	mpu_get_temperature
 1952              		.syntax unified
 1953              		.thumb
 1954              		.thumb_func
 1956              	mpu_get_temperature:
 1957              	.LVL145:
 1958              	.LFB75:
1023:Modules/mpu6050/inv_mpu.c ****     unsigned char tmp[2];
 1959              		.loc 1 1023 1 is_stmt 1 view -0
ARM GAS  C:\Users\FASCIN~1\AppData\Local\Temp\ccNBUjvk.s 			page 78


 1960              		.cfi_startproc
 1961              		@ args = 0, pretend = 0, frame = 8
 1962              		@ frame_needed = 0, uses_anonymous_args = 0
1024:Modules/mpu6050/inv_mpu.c ****     short raw;
 1963              		.loc 1 1024 5 view .LVU576
1025:Modules/mpu6050/inv_mpu.c **** 
 1964              		.loc 1 1025 5 view .LVU577
1027:Modules/mpu6050/inv_mpu.c ****         return -1;
 1965              		.loc 1 1027 5 view .LVU578
1027:Modules/mpu6050/inv_mpu.c ****         return -1;
 1966              		.loc 1 1027 22 is_stmt 0 view .LVU579
 1967 0000 1F4B     		ldr	r3, .L151
 1968 0002 9B7A     		ldrb	r3, [r3, #10]	@ zero_extendqisi2
1027:Modules/mpu6050/inv_mpu.c ****         return -1;
 1969              		.loc 1 1027 8 view .LVU580
 1970 0004 002B     		cmp	r3, #0
 1971 0006 35D0     		beq	.L145
1023:Modules/mpu6050/inv_mpu.c ****     unsigned char tmp[2];
 1972              		.loc 1 1023 1 view .LVU581
 1973 0008 F0B5     		push	{r4, r5, r6, r7, lr}
 1974              	.LCFI35:
 1975              		.cfi_def_cfa_offset 20
 1976              		.cfi_offset 4, -20
 1977              		.cfi_offset 5, -16
 1978              		.cfi_offset 6, -12
 1979              		.cfi_offset 7, -8
 1980              		.cfi_offset 14, -4
 1981 000a 83B0     		sub	sp, sp, #12
 1982              	.LCFI36:
 1983              		.cfi_def_cfa_offset 32
 1984 000c 0546     		mov	r5, r0
1030:Modules/mpu6050/inv_mpu.c ****         return -1;
 1985              		.loc 1 1030 5 is_stmt 1 view .LVU582
1030:Modules/mpu6050/inv_mpu.c ****         return -1;
 1986              		.loc 1 1030 20 is_stmt 0 view .LVU583
 1987 000e 1C4B     		ldr	r3, .L151
 1988 0010 5868     		ldr	r0, [r3, #4]
 1989              	.LVL146:
1030:Modules/mpu6050/inv_mpu.c ****         return -1;
 1990              		.loc 1 1030 33 view .LVU584
 1991 0012 1968     		ldr	r1, [r3]
 1992              	.LVL147:
1030:Modules/mpu6050/inv_mpu.c ****         return -1;
 1993              		.loc 1 1030 9 view .LVU585
 1994 0014 01AB     		add	r3, sp, #4
 1995 0016 0222     		movs	r2, #2
 1996 0018 897B     		ldrb	r1, [r1, #14]	@ zero_extendqisi2
 1997 001a 0078     		ldrb	r0, [r0]	@ zero_extendqisi2
 1998 001c FFF7FEFF 		bl	MPU_Read_Len
 1999              	.LVL148:
1030:Modules/mpu6050/inv_mpu.c ****         return -1;
 2000              		.loc 1 1030 8 discriminator 1 view .LVU586
 2001 0020 58BB     		cbnz	r0, .L146
1032:Modules/mpu6050/inv_mpu.c ****     if (timestamp)
 2002              		.loc 1 1032 5 is_stmt 1 view .LVU587
1032:Modules/mpu6050/inv_mpu.c ****     if (timestamp)
 2003              		.loc 1 1032 15 is_stmt 0 view .LVU588
ARM GAS  C:\Users\FASCIN~1\AppData\Local\Temp\ccNBUjvk.s 			page 79


 2004 0022 9DF80440 		ldrb	r4, [sp, #4]	@ zero_extendqisi2
1032:Modules/mpu6050/inv_mpu.c ****     if (timestamp)
 2005              		.loc 1 1032 25 view .LVU589
 2006 0026 2402     		lsls	r4, r4, #8
 2007 0028 24B2     		sxth	r4, r4
1032:Modules/mpu6050/inv_mpu.c ****     if (timestamp)
 2008              		.loc 1 1032 30 view .LVU590
 2009 002a 9DF80530 		ldrb	r3, [sp, #5]	@ zero_extendqisi2
1032:Modules/mpu6050/inv_mpu.c ****     if (timestamp)
 2010              		.loc 1 1032 9 view .LVU591
 2011 002e 1C43     		orrs	r4, r4, r3
 2012              	.LVL149:
1033:Modules/mpu6050/inv_mpu.c ****         get_ms(timestamp);
 2013              		.loc 1 1033 5 is_stmt 1 view .LVU592
1034:Modules/mpu6050/inv_mpu.c **** 
 2014              		.loc 1 1034 9 view .LVU593
1036:Modules/mpu6050/inv_mpu.c ****     return 0;
 2015              		.loc 1 1036 5 view .LVU594
1036:Modules/mpu6050/inv_mpu.c ****     return 0;
 2016              		.loc 1 1036 45 is_stmt 0 view .LVU595
 2017 0030 134B     		ldr	r3, .L151
 2018 0032 5F68     		ldr	r7, [r3, #4]
1036:Modules/mpu6050/inv_mpu.c ****     return 0;
 2019              		.loc 1 1036 36 view .LVU596
 2020 0034 B7F90800 		ldrsh	r0, [r7, #8]
 2021 0038 FFF7FEFF 		bl	__aeabi_i2f
 2022              	.LVL150:
 2023 003c 0646     		mov	r6, r0
1036:Modules/mpu6050/inv_mpu.c ****     return 0;
 2024              		.loc 1 1036 34 view .LVU597
 2025 003e 2046     		mov	r0, r4
 2026 0040 FFF7FEFF 		bl	__aeabi_i2f
 2027              	.LVL151:
 2028 0044 3146     		mov	r1, r6
 2029 0046 FFF7FEFF 		bl	__aeabi_fsub
 2030              	.LVL152:
 2031 004a 0446     		mov	r4, r0
 2032              	.LVL153:
1036:Modules/mpu6050/inv_mpu.c ****     return 0;
 2033              		.loc 1 1036 63 view .LVU598
 2034 004c F888     		ldrh	r0, [r7, #6]
 2035 004e FFF7FEFF 		bl	__aeabi_i2f
 2036              	.LVL154:
 2037 0052 0146     		mov	r1, r0
 2038 0054 2046     		mov	r0, r4
 2039 0056 FFF7FEFF 		bl	__aeabi_fdiv
 2040              	.LVL155:
1036:Modules/mpu6050/inv_mpu.c ****     return 0;
 2041              		.loc 1 1036 26 view .LVU599
 2042 005a 0A49     		ldr	r1, .L151+4
 2043 005c FFF7FEFF 		bl	__aeabi_fadd
 2044              	.LVL156:
1036:Modules/mpu6050/inv_mpu.c ****     return 0;
 2045              		.loc 1 1036 84 view .LVU600
 2046 0060 4FF08F41 		mov	r1, #1199570944
 2047 0064 FFF7FEFF 		bl	__aeabi_fmul
 2048              	.LVL157:
ARM GAS  C:\Users\FASCIN~1\AppData\Local\Temp\ccNBUjvk.s 			page 80


1036:Modules/mpu6050/inv_mpu.c ****     return 0;
 2049              		.loc 1 1036 15 view .LVU601
 2050 0068 FFF7FEFF 		bl	__aeabi_f2iz
 2051              	.LVL158:
1036:Modules/mpu6050/inv_mpu.c ****     return 0;
 2052              		.loc 1 1036 13 view .LVU602
 2053 006c 2860     		str	r0, [r5]
1037:Modules/mpu6050/inv_mpu.c **** }
 2054              		.loc 1 1037 5 is_stmt 1 view .LVU603
1037:Modules/mpu6050/inv_mpu.c **** }
 2055              		.loc 1 1037 12 is_stmt 0 view .LVU604
 2056 006e 0020     		movs	r0, #0
 2057              	.LVL159:
 2058              	.L143:
1038:Modules/mpu6050/inv_mpu.c **** 
 2059              		.loc 1 1038 1 view .LVU605
 2060 0070 03B0     		add	sp, sp, #12
 2061              	.LCFI37:
 2062              		.cfi_def_cfa_offset 20
 2063              		@ sp needed
 2064 0072 F0BD     		pop	{r4, r5, r6, r7, pc}
 2065              	.LVL160:
 2066              	.L145:
 2067              	.LCFI38:
 2068              		.cfi_def_cfa_offset 0
 2069              		.cfi_restore 4
 2070              		.cfi_restore 5
 2071              		.cfi_restore 6
 2072              		.cfi_restore 7
 2073              		.cfi_restore 14
1028:Modules/mpu6050/inv_mpu.c **** 
 2074              		.loc 1 1028 16 view .LVU606
 2075 0074 4FF0FF30 		mov	r0, #-1
 2076              	.LVL161:
1038:Modules/mpu6050/inv_mpu.c **** 
 2077              		.loc 1 1038 1 view .LVU607
 2078 0078 7047     		bx	lr
 2079              	.LVL162:
 2080              	.L146:
 2081              	.LCFI39:
 2082              		.cfi_def_cfa_offset 32
 2083              		.cfi_offset 4, -20
 2084              		.cfi_offset 5, -16
 2085              		.cfi_offset 6, -12
 2086              		.cfi_offset 7, -8
 2087              		.cfi_offset 14, -4
1031:Modules/mpu6050/inv_mpu.c ****     raw = (tmp[0] << 8) | tmp[1];
 2088              		.loc 1 1031 16 view .LVU608
 2089 007a 4FF0FF30 		mov	r0, #-1
 2090 007e F7E7     		b	.L143
 2091              	.L152:
 2092              		.align	2
 2093              	.L151:
 2094 0080 00000000 		.word	st
 2095 0084 00000C42 		.word	1108082688
 2096              		.cfi_endproc
 2097              	.LFE75:
ARM GAS  C:\Users\FASCIN~1\AppData\Local\Temp\ccNBUjvk.s 			page 81


 2099              		.section	.text.mpu_set_accel_bias,"ax",%progbits
 2100              		.align	1
 2101              		.global	mpu_set_accel_bias
 2102              		.syntax unified
 2103              		.thumb
 2104              		.thumb_func
 2106              	mpu_set_accel_bias:
 2107              	.LVL163:
 2108              	.LFB76:
1048:Modules/mpu6050/inv_mpu.c ****     unsigned char data[6];
 2109              		.loc 1 1048 1 is_stmt 1 view -0
 2110              		.cfi_startproc
 2111              		@ args = 0, pretend = 0, frame = 32
 2112              		@ frame_needed = 0, uses_anonymous_args = 0
1049:Modules/mpu6050/inv_mpu.c ****     short accel_hw[3];
 2113              		.loc 1 1049 5 view .LVU610
1050:Modules/mpu6050/inv_mpu.c ****     short got_accel[3];
 2114              		.loc 1 1050 5 view .LVU611
1051:Modules/mpu6050/inv_mpu.c ****     short fg[3];
 2115              		.loc 1 1051 5 view .LVU612
1052:Modules/mpu6050/inv_mpu.c **** 
 2116              		.loc 1 1052 5 view .LVU613
1054:Modules/mpu6050/inv_mpu.c ****         return -1;
 2117              		.loc 1 1054 5 view .LVU614
1054:Modules/mpu6050/inv_mpu.c ****         return -1;
 2118              		.loc 1 1054 8 is_stmt 0 view .LVU615
 2119 0000 0028     		cmp	r0, #0
 2120 0002 00F09480 		beq	.L156
1048:Modules/mpu6050/inv_mpu.c ****     unsigned char data[6];
 2121              		.loc 1 1048 1 view .LVU616
 2122 0006 70B5     		push	{r4, r5, r6, lr}
 2123              	.LCFI40:
 2124              		.cfi_def_cfa_offset 16
 2125              		.cfi_offset 4, -16
 2126              		.cfi_offset 5, -12
 2127              		.cfi_offset 6, -8
 2128              		.cfi_offset 14, -4
 2129 0008 88B0     		sub	sp, sp, #32
 2130              	.LCFI41:
 2131              		.cfi_def_cfa_offset 48
 2132 000a 0446     		mov	r4, r0
1056:Modules/mpu6050/inv_mpu.c ****         return 0;
 2133              		.loc 1 1056 5 is_stmt 1 view .LVU617
1056:Modules/mpu6050/inv_mpu.c ****         return 0;
 2134              		.loc 1 1056 20 is_stmt 0 view .LVU618
 2135 000c 0368     		ldr	r3, [r0]
1056:Modules/mpu6050/inv_mpu.c ****         return 0;
 2136              		.loc 1 1056 8 view .LVU619
 2137 000e 2BB9     		cbnz	r3, .L155
1056:Modules/mpu6050/inv_mpu.c ****         return 0;
 2138              		.loc 1 1056 38 discriminator 1 view .LVU620
 2139 0010 4368     		ldr	r3, [r0, #4]
1056:Modules/mpu6050/inv_mpu.c ****         return 0;
 2140              		.loc 1 1056 24 discriminator 1 view .LVU621
 2141 0012 1BB9     		cbnz	r3, .L155
1056:Modules/mpu6050/inv_mpu.c ****         return 0;
 2142              		.loc 1 1056 56 discriminator 2 view .LVU622
ARM GAS  C:\Users\FASCIN~1\AppData\Local\Temp\ccNBUjvk.s 			page 82


 2143 0014 8068     		ldr	r0, [r0, #8]
 2144              	.LVL164:
1056:Modules/mpu6050/inv_mpu.c ****         return 0;
 2145              		.loc 1 1056 42 discriminator 2 view .LVU623
 2146 0016 0028     		cmp	r0, #0
 2147 0018 00F08780 		beq	.L153
 2148              	.L155:
1059:Modules/mpu6050/inv_mpu.c ****         return -1;
 2149              		.loc 1 1059 5 is_stmt 1 view .LVU624
1059:Modules/mpu6050/inv_mpu.c ****         return -1;
 2150              		.loc 1 1059 20 is_stmt 0 view .LVU625
 2151 001c 4A4B     		ldr	r3, .L164
 2152 001e 5868     		ldr	r0, [r3, #4]
1059:Modules/mpu6050/inv_mpu.c ****         return -1;
 2153              		.loc 1 1059 9 view .LVU626
 2154 0020 06AB     		add	r3, sp, #24
 2155 0022 0322     		movs	r2, #3
 2156 0024 1146     		mov	r1, r2
 2157 0026 0078     		ldrb	r0, [r0]	@ zero_extendqisi2
 2158 0028 FFF7FEFF 		bl	MPU_Read_Len
 2159              	.LVL165:
1059:Modules/mpu6050/inv_mpu.c ****         return -1;
 2160              		.loc 1 1059 8 discriminator 1 view .LVU627
 2161 002c 0028     		cmp	r0, #0
 2162 002e 40F08180 		bne	.L157
1061:Modules/mpu6050/inv_mpu.c ****     fg[1] = ((data[1] >> 4) + 8) & 0xf;
 2163              		.loc 1 1061 5 is_stmt 1 view .LVU628
1061:Modules/mpu6050/inv_mpu.c ****     fg[1] = ((data[1] >> 4) + 8) & 0xf;
 2164              		.loc 1 1061 19 is_stmt 0 view .LVU629
 2165 0032 9DF81810 		ldrb	r1, [sp, #24]	@ zero_extendqisi2
1061:Modules/mpu6050/inv_mpu.c ****     fg[1] = ((data[1] >> 4) + 8) & 0xf;
 2166              		.loc 1 1061 29 view .LVU630
 2167 0036 0909     		lsrs	r1, r1, #4
 2168 0038 0831     		adds	r1, r1, #8
1061:Modules/mpu6050/inv_mpu.c ****     fg[1] = ((data[1] >> 4) + 8) & 0xf;
 2169              		.loc 1 1061 34 view .LVU631
 2170 003a 01F00F01 		and	r1, r1, #15
1061:Modules/mpu6050/inv_mpu.c ****     fg[1] = ((data[1] >> 4) + 8) & 0xf;
 2171              		.loc 1 1061 11 view .LVU632
 2172 003e ADF80010 		strh	r1, [sp]	@ movhi
1062:Modules/mpu6050/inv_mpu.c ****     fg[2] = ((data[2] >> 4) + 8) & 0xf;
 2173              		.loc 1 1062 5 is_stmt 1 view .LVU633
1062:Modules/mpu6050/inv_mpu.c ****     fg[2] = ((data[2] >> 4) + 8) & 0xf;
 2174              		.loc 1 1062 19 is_stmt 0 view .LVU634
 2175 0042 9DF81920 		ldrb	r2, [sp, #25]	@ zero_extendqisi2
1062:Modules/mpu6050/inv_mpu.c ****     fg[2] = ((data[2] >> 4) + 8) & 0xf;
 2176              		.loc 1 1062 29 view .LVU635
 2177 0046 1209     		lsrs	r2, r2, #4
 2178 0048 0832     		adds	r2, r2, #8
1062:Modules/mpu6050/inv_mpu.c ****     fg[2] = ((data[2] >> 4) + 8) & 0xf;
 2179              		.loc 1 1062 34 view .LVU636
 2180 004a 02F00F02 		and	r2, r2, #15
1062:Modules/mpu6050/inv_mpu.c ****     fg[2] = ((data[2] >> 4) + 8) & 0xf;
 2181              		.loc 1 1062 11 view .LVU637
 2182 004e ADF80220 		strh	r2, [sp, #2]	@ movhi
1063:Modules/mpu6050/inv_mpu.c **** 
 2183              		.loc 1 1063 5 is_stmt 1 view .LVU638
ARM GAS  C:\Users\FASCIN~1\AppData\Local\Temp\ccNBUjvk.s 			page 83


1063:Modules/mpu6050/inv_mpu.c **** 
 2184              		.loc 1 1063 19 is_stmt 0 view .LVU639
 2185 0052 9DF81A30 		ldrb	r3, [sp, #26]	@ zero_extendqisi2
1063:Modules/mpu6050/inv_mpu.c **** 
 2186              		.loc 1 1063 29 view .LVU640
 2187 0056 1B09     		lsrs	r3, r3, #4
 2188 0058 0833     		adds	r3, r3, #8
1063:Modules/mpu6050/inv_mpu.c **** 
 2189              		.loc 1 1063 34 view .LVU641
 2190 005a 03F00F03 		and	r3, r3, #15
1063:Modules/mpu6050/inv_mpu.c **** 
 2191              		.loc 1 1063 11 view .LVU642
 2192 005e ADF80430 		strh	r3, [sp, #4]	@ movhi
1065:Modules/mpu6050/inv_mpu.c ****     accel_hw[1] = (short)(accel_bias[1] * 2 / (64 + fg[1]));
 2193              		.loc 1 1065 5 is_stmt 1 view .LVU643
1065:Modules/mpu6050/inv_mpu.c ****     accel_hw[1] = (short)(accel_bias[1] * 2 / (64 + fg[1]));
 2194              		.loc 1 1065 37 is_stmt 0 view .LVU644
 2195 0062 2668     		ldr	r6, [r4]
1065:Modules/mpu6050/inv_mpu.c ****     accel_hw[1] = (short)(accel_bias[1] * 2 / (64 + fg[1]));
 2196              		.loc 1 1065 41 view .LVU645
 2197 0064 7600     		lsls	r6, r6, #1
1065:Modules/mpu6050/inv_mpu.c ****     accel_hw[1] = (short)(accel_bias[1] * 2 / (64 + fg[1]));
 2198              		.loc 1 1065 51 view .LVU646
 2199 0066 4031     		adds	r1, r1, #64
1065:Modules/mpu6050/inv_mpu.c ****     accel_hw[1] = (short)(accel_bias[1] * 2 / (64 + fg[1]));
 2200              		.loc 1 1065 45 view .LVU647
 2201 0068 96FBF1F6 		sdiv	r6, r6, r1
1065:Modules/mpu6050/inv_mpu.c ****     accel_hw[1] = (short)(accel_bias[1] * 2 / (64 + fg[1]));
 2202              		.loc 1 1065 17 view .LVU648
 2203 006c ADF81060 		strh	r6, [sp, #16]	@ movhi
1066:Modules/mpu6050/inv_mpu.c ****     accel_hw[2] = (short)(accel_bias[2] * 2 / (64 + fg[2]));
 2204              		.loc 1 1066 5 is_stmt 1 view .LVU649
1066:Modules/mpu6050/inv_mpu.c ****     accel_hw[2] = (short)(accel_bias[2] * 2 / (64 + fg[2]));
 2205              		.loc 1 1066 37 is_stmt 0 view .LVU650
 2206 0070 6568     		ldr	r5, [r4, #4]
1066:Modules/mpu6050/inv_mpu.c ****     accel_hw[2] = (short)(accel_bias[2] * 2 / (64 + fg[2]));
 2207              		.loc 1 1066 41 view .LVU651
 2208 0072 6D00     		lsls	r5, r5, #1
1066:Modules/mpu6050/inv_mpu.c ****     accel_hw[2] = (short)(accel_bias[2] * 2 / (64 + fg[2]));
 2209              		.loc 1 1066 51 view .LVU652
 2210 0074 4032     		adds	r2, r2, #64
1066:Modules/mpu6050/inv_mpu.c ****     accel_hw[2] = (short)(accel_bias[2] * 2 / (64 + fg[2]));
 2211              		.loc 1 1066 45 view .LVU653
 2212 0076 95FBF2F5 		sdiv	r5, r5, r2
1066:Modules/mpu6050/inv_mpu.c ****     accel_hw[2] = (short)(accel_bias[2] * 2 / (64 + fg[2]));
 2213              		.loc 1 1066 17 view .LVU654
 2214 007a ADF81250 		strh	r5, [sp, #18]	@ movhi
1067:Modules/mpu6050/inv_mpu.c **** 
 2215              		.loc 1 1067 5 is_stmt 1 view .LVU655
1067:Modules/mpu6050/inv_mpu.c **** 
 2216              		.loc 1 1067 37 is_stmt 0 view .LVU656
 2217 007e A468     		ldr	r4, [r4, #8]
 2218              	.LVL166:
1067:Modules/mpu6050/inv_mpu.c **** 
 2219              		.loc 1 1067 41 view .LVU657
 2220 0080 6400     		lsls	r4, r4, #1
1067:Modules/mpu6050/inv_mpu.c **** 
ARM GAS  C:\Users\FASCIN~1\AppData\Local\Temp\ccNBUjvk.s 			page 84


 2221              		.loc 1 1067 51 view .LVU658
 2222 0082 4033     		adds	r3, r3, #64
1067:Modules/mpu6050/inv_mpu.c **** 
 2223              		.loc 1 1067 45 view .LVU659
 2224 0084 94FBF3F4 		sdiv	r4, r4, r3
1067:Modules/mpu6050/inv_mpu.c **** 
 2225              		.loc 1 1067 17 view .LVU660
 2226 0088 ADF81440 		strh	r4, [sp, #20]	@ movhi
1069:Modules/mpu6050/inv_mpu.c ****         return -1;
 2227              		.loc 1 1069 5 is_stmt 1 view .LVU661
1069:Modules/mpu6050/inv_mpu.c ****         return -1;
 2228              		.loc 1 1069 20 is_stmt 0 view .LVU662
 2229 008c 2E4B     		ldr	r3, .L164
 2230 008e 5868     		ldr	r0, [r3, #4]
1069:Modules/mpu6050/inv_mpu.c ****         return -1;
 2231              		.loc 1 1069 9 view .LVU663
 2232 0090 06AB     		add	r3, sp, #24
 2233 0092 0622     		movs	r2, #6
 2234 0094 1146     		mov	r1, r2
 2235 0096 0078     		ldrb	r0, [r0]	@ zero_extendqisi2
 2236 0098 FFF7FEFF 		bl	MPU_Read_Len
 2237              	.LVL167:
1069:Modules/mpu6050/inv_mpu.c ****         return -1;
 2238              		.loc 1 1069 8 discriminator 1 view .LVU664
 2239 009c 0028     		cmp	r0, #0
 2240 009e 4CD1     		bne	.L158
1072:Modules/mpu6050/inv_mpu.c ****     got_accel[1] = ((short)data[2] << 8) | data[3];
 2241              		.loc 1 1072 5 is_stmt 1 view .LVU665
1072:Modules/mpu6050/inv_mpu.c ****     got_accel[1] = ((short)data[2] << 8) | data[3];
 2242              		.loc 1 1072 32 is_stmt 0 view .LVU666
 2243 00a0 9DF81830 		ldrb	r3, [sp, #24]	@ zero_extendqisi2
1072:Modules/mpu6050/inv_mpu.c ****     got_accel[1] = ((short)data[2] << 8) | data[3];
 2244              		.loc 1 1072 48 view .LVU667
 2245 00a4 9DF81910 		ldrb	r1, [sp, #25]	@ zero_extendqisi2
1072:Modules/mpu6050/inv_mpu.c ****     got_accel[1] = ((short)data[2] << 8) | data[3];
 2246              		.loc 1 1072 42 view .LVU668
 2247 00a8 41EA0321 		orr	r1, r1, r3, lsl #8
 2248 00ac 09B2     		sxth	r1, r1
1072:Modules/mpu6050/inv_mpu.c ****     got_accel[1] = ((short)data[2] << 8) | data[3];
 2249              		.loc 1 1072 18 view .LVU669
 2250 00ae ADF80810 		strh	r1, [sp, #8]	@ movhi
1073:Modules/mpu6050/inv_mpu.c ****     got_accel[2] = ((short)data[4] << 8) | data[5];
 2251              		.loc 1 1073 5 is_stmt 1 view .LVU670
1073:Modules/mpu6050/inv_mpu.c ****     got_accel[2] = ((short)data[4] << 8) | data[5];
 2252              		.loc 1 1073 32 is_stmt 0 view .LVU671
 2253 00b2 9DF81A30 		ldrb	r3, [sp, #26]	@ zero_extendqisi2
1073:Modules/mpu6050/inv_mpu.c ****     got_accel[2] = ((short)data[4] << 8) | data[5];
 2254              		.loc 1 1073 48 view .LVU672
 2255 00b6 9DF81B20 		ldrb	r2, [sp, #27]	@ zero_extendqisi2
1073:Modules/mpu6050/inv_mpu.c ****     got_accel[2] = ((short)data[4] << 8) | data[5];
 2256              		.loc 1 1073 42 view .LVU673
 2257 00ba 42EA0322 		orr	r2, r2, r3, lsl #8
 2258 00be 12B2     		sxth	r2, r2
1073:Modules/mpu6050/inv_mpu.c ****     got_accel[2] = ((short)data[4] << 8) | data[5];
 2259              		.loc 1 1073 18 view .LVU674
 2260 00c0 ADF80A20 		strh	r2, [sp, #10]	@ movhi
1074:Modules/mpu6050/inv_mpu.c **** 
ARM GAS  C:\Users\FASCIN~1\AppData\Local\Temp\ccNBUjvk.s 			page 85


 2261              		.loc 1 1074 5 is_stmt 1 view .LVU675
1074:Modules/mpu6050/inv_mpu.c **** 
 2262              		.loc 1 1074 32 is_stmt 0 view .LVU676
 2263 00c4 9DF81C00 		ldrb	r0, [sp, #28]	@ zero_extendqisi2
1074:Modules/mpu6050/inv_mpu.c **** 
 2264              		.loc 1 1074 48 view .LVU677
 2265 00c8 9DF81D30 		ldrb	r3, [sp, #29]	@ zero_extendqisi2
1074:Modules/mpu6050/inv_mpu.c **** 
 2266              		.loc 1 1074 42 view .LVU678
 2267 00cc 43EA0023 		orr	r3, r3, r0, lsl #8
 2268 00d0 1BB2     		sxth	r3, r3
1074:Modules/mpu6050/inv_mpu.c **** 
 2269              		.loc 1 1074 18 view .LVU679
 2270 00d2 ADF80C30 		strh	r3, [sp, #12]	@ movhi
1076:Modules/mpu6050/inv_mpu.c ****     accel_hw[1] += got_accel[1];
 2271              		.loc 1 1076 5 is_stmt 1 view .LVU680
1076:Modules/mpu6050/inv_mpu.c ****     accel_hw[1] += got_accel[1];
 2272              		.loc 1 1076 13 is_stmt 0 view .LVU681
 2273 00d6 B6B2     		uxth	r6, r6
1076:Modules/mpu6050/inv_mpu.c ****     accel_hw[1] += got_accel[1];
 2274              		.loc 1 1076 29 view .LVU682
 2275 00d8 89B2     		uxth	r1, r1
1076:Modules/mpu6050/inv_mpu.c ****     accel_hw[1] += got_accel[1];
 2276              		.loc 1 1076 17 view .LVU683
 2277 00da 0E44     		add	r6, r6, r1
 2278 00dc 31B2     		sxth	r1, r6
 2279 00de ADF81010 		strh	r1, [sp, #16]	@ movhi
1077:Modules/mpu6050/inv_mpu.c ****     accel_hw[2] += got_accel[2];
 2280              		.loc 1 1077 5 is_stmt 1 view .LVU684
1077:Modules/mpu6050/inv_mpu.c ****     accel_hw[2] += got_accel[2];
 2281              		.loc 1 1077 13 is_stmt 0 view .LVU685
 2282 00e2 ADB2     		uxth	r5, r5
1077:Modules/mpu6050/inv_mpu.c ****     accel_hw[2] += got_accel[2];
 2283              		.loc 1 1077 29 view .LVU686
 2284 00e4 92B2     		uxth	r2, r2
1077:Modules/mpu6050/inv_mpu.c ****     accel_hw[2] += got_accel[2];
 2285              		.loc 1 1077 17 view .LVU687
 2286 00e6 1544     		add	r5, r5, r2
 2287 00e8 2AB2     		sxth	r2, r5
 2288 00ea ADF81220 		strh	r2, [sp, #18]	@ movhi
1078:Modules/mpu6050/inv_mpu.c **** 
 2289              		.loc 1 1078 5 is_stmt 1 view .LVU688
1078:Modules/mpu6050/inv_mpu.c **** 
 2290              		.loc 1 1078 13 is_stmt 0 view .LVU689
 2291 00ee A4B2     		uxth	r4, r4
1078:Modules/mpu6050/inv_mpu.c **** 
 2292              		.loc 1 1078 29 view .LVU690
 2293 00f0 9BB2     		uxth	r3, r3
1078:Modules/mpu6050/inv_mpu.c **** 
 2294              		.loc 1 1078 17 view .LVU691
 2295 00f2 1C44     		add	r4, r4, r3
 2296 00f4 23B2     		sxth	r3, r4
 2297 00f6 ADF81430 		strh	r3, [sp, #20]	@ movhi
1080:Modules/mpu6050/inv_mpu.c ****     data[1] = (accel_hw[0]) & 0xff;
 2298              		.loc 1 1080 5 is_stmt 1 view .LVU692
1080:Modules/mpu6050/inv_mpu.c ****     data[1] = (accel_hw[0]) & 0xff;
 2299              		.loc 1 1080 13 is_stmt 0 view .LVU693
ARM GAS  C:\Users\FASCIN~1\AppData\Local\Temp\ccNBUjvk.s 			page 86


 2300 00fa 0912     		asrs	r1, r1, #8
 2301 00fc 8DF81810 		strb	r1, [sp, #24]
1081:Modules/mpu6050/inv_mpu.c ****     data[2] = (accel_hw[1] >> 8) & 0xff;
 2302              		.loc 1 1081 5 is_stmt 1 view .LVU694
1081:Modules/mpu6050/inv_mpu.c ****     data[2] = (accel_hw[1] >> 8) & 0xff;
 2303              		.loc 1 1081 13 is_stmt 0 view .LVU695
 2304 0100 8DF81960 		strb	r6, [sp, #25]
1082:Modules/mpu6050/inv_mpu.c ****     data[3] = (accel_hw[1]) & 0xff;
 2305              		.loc 1 1082 5 is_stmt 1 view .LVU696
1082:Modules/mpu6050/inv_mpu.c ****     data[3] = (accel_hw[1]) & 0xff;
 2306              		.loc 1 1082 13 is_stmt 0 view .LVU697
 2307 0104 1212     		asrs	r2, r2, #8
 2308 0106 8DF81A20 		strb	r2, [sp, #26]
1083:Modules/mpu6050/inv_mpu.c ****     data[4] = (accel_hw[2] >> 8) & 0xff;
 2309              		.loc 1 1083 5 is_stmt 1 view .LVU698
1083:Modules/mpu6050/inv_mpu.c ****     data[4] = (accel_hw[2] >> 8) & 0xff;
 2310              		.loc 1 1083 13 is_stmt 0 view .LVU699
 2311 010a 8DF81B50 		strb	r5, [sp, #27]
1084:Modules/mpu6050/inv_mpu.c ****     data[5] = (accel_hw[2]) & 0xff;
 2312              		.loc 1 1084 5 is_stmt 1 view .LVU700
1084:Modules/mpu6050/inv_mpu.c ****     data[5] = (accel_hw[2]) & 0xff;
 2313              		.loc 1 1084 13 is_stmt 0 view .LVU701
 2314 010e 1B12     		asrs	r3, r3, #8
 2315 0110 8DF81C30 		strb	r3, [sp, #28]
1085:Modules/mpu6050/inv_mpu.c **** 
 2316              		.loc 1 1085 5 is_stmt 1 view .LVU702
1085:Modules/mpu6050/inv_mpu.c **** 
 2317              		.loc 1 1085 13 is_stmt 0 view .LVU703
 2318 0114 8DF81D40 		strb	r4, [sp, #29]
1087:Modules/mpu6050/inv_mpu.c ****         return -1;
 2319              		.loc 1 1087 5 is_stmt 1 view .LVU704
1087:Modules/mpu6050/inv_mpu.c ****         return -1;
 2320              		.loc 1 1087 21 is_stmt 0 view .LVU705
 2321 0118 0B4B     		ldr	r3, .L164
 2322 011a 5868     		ldr	r0, [r3, #4]
1087:Modules/mpu6050/inv_mpu.c ****         return -1;
 2323              		.loc 1 1087 9 view .LVU706
 2324 011c 06AB     		add	r3, sp, #24
 2325 011e 0622     		movs	r2, #6
 2326 0120 1146     		mov	r1, r2
 2327 0122 0078     		ldrb	r0, [r0]	@ zero_extendqisi2
 2328 0124 FFF7FEFF 		bl	MPU_Write_Len
 2329              	.LVL168:
1087:Modules/mpu6050/inv_mpu.c ****         return -1;
 2330              		.loc 1 1087 8 discriminator 1 view .LVU707
 2331 0128 50B9     		cbnz	r0, .L159
 2332              	.L153:
1090:Modules/mpu6050/inv_mpu.c **** 
 2333              		.loc 1 1090 1 view .LVU708
 2334 012a 08B0     		add	sp, sp, #32
 2335              	.LCFI42:
 2336              		.cfi_def_cfa_offset 16
 2337              		@ sp needed
 2338 012c 70BD     		pop	{r4, r5, r6, pc}
 2339              	.LVL169:
 2340              	.L156:
 2341              	.LCFI43:
ARM GAS  C:\Users\FASCIN~1\AppData\Local\Temp\ccNBUjvk.s 			page 87


 2342              		.cfi_def_cfa_offset 0
 2343              		.cfi_restore 4
 2344              		.cfi_restore 5
 2345              		.cfi_restore 6
 2346              		.cfi_restore 14
1055:Modules/mpu6050/inv_mpu.c ****     if (!accel_bias[0] && !accel_bias[1] && !accel_bias[2])
 2347              		.loc 1 1055 16 view .LVU709
 2348 012e 4FF0FF30 		mov	r0, #-1
 2349              	.LVL170:
1090:Modules/mpu6050/inv_mpu.c **** 
 2350              		.loc 1 1090 1 view .LVU710
 2351 0132 7047     		bx	lr
 2352              	.LVL171:
 2353              	.L157:
 2354              	.LCFI44:
 2355              		.cfi_def_cfa_offset 48
 2356              		.cfi_offset 4, -16
 2357              		.cfi_offset 5, -12
 2358              		.cfi_offset 6, -8
 2359              		.cfi_offset 14, -4
1060:Modules/mpu6050/inv_mpu.c ****     fg[0] = ((data[0] >> 4) + 8) & 0xf;
 2360              		.loc 1 1060 16 view .LVU711
 2361 0134 4FF0FF30 		mov	r0, #-1
 2362 0138 F7E7     		b	.L153
 2363              	.LVL172:
 2364              	.L158:
1070:Modules/mpu6050/inv_mpu.c **** 
 2365              		.loc 1 1070 16 view .LVU712
 2366 013a 4FF0FF30 		mov	r0, #-1
 2367 013e F4E7     		b	.L153
 2368              	.L159:
1088:Modules/mpu6050/inv_mpu.c ****     return 0;
 2369              		.loc 1 1088 16 view .LVU713
 2370 0140 4FF0FF30 		mov	r0, #-1
 2371 0144 F1E7     		b	.L153
 2372              	.L165:
 2373 0146 00BF     		.align	2
 2374              	.L164:
 2375 0148 00000000 		.word	st
 2376              		.cfi_endproc
 2377              	.LFE76:
 2379              		.section	.text.mpu_reset_fifo,"ax",%progbits
 2380              		.align	1
 2381              		.global	mpu_reset_fifo
 2382              		.syntax unified
 2383              		.thumb
 2384              		.thumb_func
 2386              	mpu_reset_fifo:
 2387              	.LFB77:
1097:Modules/mpu6050/inv_mpu.c ****     unsigned char data;
 2388              		.loc 1 1097 1 is_stmt 1 view -0
 2389              		.cfi_startproc
 2390              		@ args = 0, pretend = 0, frame = 8
 2391              		@ frame_needed = 0, uses_anonymous_args = 0
1098:Modules/mpu6050/inv_mpu.c **** 
 2392              		.loc 1 1098 5 view .LVU715
1100:Modules/mpu6050/inv_mpu.c ****         return -1;
ARM GAS  C:\Users\FASCIN~1\AppData\Local\Temp\ccNBUjvk.s 			page 88


 2393              		.loc 1 1100 5 view .LVU716
1100:Modules/mpu6050/inv_mpu.c ****         return -1;
 2394              		.loc 1 1100 22 is_stmt 0 view .LVU717
 2395 0000 7C4B     		ldr	r3, .L193
 2396 0002 9B7A     		ldrb	r3, [r3, #10]	@ zero_extendqisi2
1100:Modules/mpu6050/inv_mpu.c ****         return -1;
 2397              		.loc 1 1100 8 view .LVU718
 2398 0004 002B     		cmp	r3, #0
 2399 0006 00F0D480 		beq	.L177
1097:Modules/mpu6050/inv_mpu.c ****     unsigned char data;
 2400              		.loc 1 1097 1 view .LVU719
 2401 000a 00B5     		push	{lr}
 2402              	.LCFI45:
 2403              		.cfi_def_cfa_offset 4
 2404              		.cfi_offset 14, -4
 2405 000c 83B0     		sub	sp, sp, #12
 2406              	.LCFI46:
 2407              		.cfi_def_cfa_offset 16
1103:Modules/mpu6050/inv_mpu.c ****     if (i2c_write(st.hw->addr, st.reg->int_enable, 1, &data))
 2408              		.loc 1 1103 5 is_stmt 1 view .LVU720
1103:Modules/mpu6050/inv_mpu.c ****     if (i2c_write(st.hw->addr, st.reg->int_enable, 1, &data))
 2409              		.loc 1 1103 10 is_stmt 0 view .LVU721
 2410 000e 0023     		movs	r3, #0
 2411 0010 8DF80730 		strb	r3, [sp, #7]
1104:Modules/mpu6050/inv_mpu.c ****         return -1;
 2412              		.loc 1 1104 5 is_stmt 1 view .LVU722
1104:Modules/mpu6050/inv_mpu.c ****         return -1;
 2413              		.loc 1 1104 21 is_stmt 0 view .LVU723
 2414 0014 774B     		ldr	r3, .L193
 2415 0016 5868     		ldr	r0, [r3, #4]
1104:Modules/mpu6050/inv_mpu.c ****         return -1;
 2416              		.loc 1 1104 34 view .LVU724
 2417 0018 1968     		ldr	r1, [r3]
1104:Modules/mpu6050/inv_mpu.c ****         return -1;
 2418              		.loc 1 1104 9 view .LVU725
 2419 001a 0DF10703 		add	r3, sp, #7
 2420 001e 0122     		movs	r2, #1
 2421 0020 C97B     		ldrb	r1, [r1, #15]	@ zero_extendqisi2
 2422 0022 0078     		ldrb	r0, [r0]	@ zero_extendqisi2
 2423 0024 FFF7FEFF 		bl	MPU_Write_Len
 2424              	.LVL173:
1104:Modules/mpu6050/inv_mpu.c ****         return -1;
 2425              		.loc 1 1104 8 discriminator 1 view .LVU726
 2426 0028 0028     		cmp	r0, #0
 2427 002a 40F0C580 		bne	.L178
1106:Modules/mpu6050/inv_mpu.c ****         return -1;
 2428              		.loc 1 1106 5 is_stmt 1 view .LVU727
1106:Modules/mpu6050/inv_mpu.c ****         return -1;
 2429              		.loc 1 1106 21 is_stmt 0 view .LVU728
 2430 002e 714B     		ldr	r3, .L193
 2431 0030 5868     		ldr	r0, [r3, #4]
1106:Modules/mpu6050/inv_mpu.c ****         return -1;
 2432              		.loc 1 1106 34 view .LVU729
 2433 0032 1968     		ldr	r1, [r3]
1106:Modules/mpu6050/inv_mpu.c ****         return -1;
 2434              		.loc 1 1106 9 view .LVU730
 2435 0034 0DF10703 		add	r3, sp, #7
ARM GAS  C:\Users\FASCIN~1\AppData\Local\Temp\ccNBUjvk.s 			page 89


 2436 0038 0122     		movs	r2, #1
 2437 003a 4979     		ldrb	r1, [r1, #5]	@ zero_extendqisi2
 2438 003c 0078     		ldrb	r0, [r0]	@ zero_extendqisi2
 2439 003e FFF7FEFF 		bl	MPU_Write_Len
 2440              	.LVL174:
1106:Modules/mpu6050/inv_mpu.c ****         return -1;
 2441              		.loc 1 1106 8 discriminator 1 view .LVU731
 2442 0042 0028     		cmp	r0, #0
 2443 0044 40F0BB80 		bne	.L179
1108:Modules/mpu6050/inv_mpu.c ****         return -1;
 2444              		.loc 1 1108 5 is_stmt 1 view .LVU732
1108:Modules/mpu6050/inv_mpu.c ****         return -1;
 2445              		.loc 1 1108 21 is_stmt 0 view .LVU733
 2446 0048 6A4B     		ldr	r3, .L193
 2447 004a 5868     		ldr	r0, [r3, #4]
1108:Modules/mpu6050/inv_mpu.c ****         return -1;
 2448              		.loc 1 1108 34 view .LVU734
 2449 004c 1968     		ldr	r1, [r3]
1108:Modules/mpu6050/inv_mpu.c ****         return -1;
 2450              		.loc 1 1108 9 view .LVU735
 2451 004e 0DF10703 		add	r3, sp, #7
 2452 0052 0122     		movs	r2, #1
 2453 0054 0979     		ldrb	r1, [r1, #4]	@ zero_extendqisi2
 2454 0056 0078     		ldrb	r0, [r0]	@ zero_extendqisi2
 2455 0058 FFF7FEFF 		bl	MPU_Write_Len
 2456              	.LVL175:
1108:Modules/mpu6050/inv_mpu.c ****         return -1;
 2457              		.loc 1 1108 8 discriminator 1 view .LVU736
 2458 005c 0028     		cmp	r0, #0
 2459 005e 40F0B180 		bne	.L180
1111:Modules/mpu6050/inv_mpu.c ****         data = BIT_FIFO_RST | BIT_DMP_RST;
 2460              		.loc 1 1111 5 is_stmt 1 view .LVU737
1111:Modules/mpu6050/inv_mpu.c ****         data = BIT_FIFO_RST | BIT_DMP_RST;
 2461              		.loc 1 1111 20 is_stmt 0 view .LVU738
 2462 0062 644B     		ldr	r3, .L193
 2463 0064 93F82430 		ldrb	r3, [r3, #36]	@ zero_extendqisi2
1111:Modules/mpu6050/inv_mpu.c ****         data = BIT_FIFO_RST | BIT_DMP_RST;
 2464              		.loc 1 1111 8 view .LVU739
 2465 0068 002B     		cmp	r3, #0
 2466 006a 52D0     		beq	.L168
1112:Modules/mpu6050/inv_mpu.c ****         if (i2c_write(st.hw->addr, st.reg->user_ctrl, 1, &data))
 2467              		.loc 1 1112 9 is_stmt 1 view .LVU740
1112:Modules/mpu6050/inv_mpu.c ****         if (i2c_write(st.hw->addr, st.reg->user_ctrl, 1, &data))
 2468              		.loc 1 1112 14 is_stmt 0 view .LVU741
 2469 006c 0C23     		movs	r3, #12
 2470 006e 8DF80730 		strb	r3, [sp, #7]
1113:Modules/mpu6050/inv_mpu.c ****             return -1;
 2471              		.loc 1 1113 9 is_stmt 1 view .LVU742
1113:Modules/mpu6050/inv_mpu.c ****             return -1;
 2472              		.loc 1 1113 25 is_stmt 0 view .LVU743
 2473 0072 604B     		ldr	r3, .L193
 2474 0074 5868     		ldr	r0, [r3, #4]
1113:Modules/mpu6050/inv_mpu.c ****             return -1;
 2475              		.loc 1 1113 38 view .LVU744
 2476 0076 1968     		ldr	r1, [r3]
1113:Modules/mpu6050/inv_mpu.c ****             return -1;
 2477              		.loc 1 1113 13 view .LVU745
ARM GAS  C:\Users\FASCIN~1\AppData\Local\Temp\ccNBUjvk.s 			page 90


 2478 0078 0DF10703 		add	r3, sp, #7
 2479 007c 0122     		movs	r2, #1
 2480 007e 0979     		ldrb	r1, [r1, #4]	@ zero_extendqisi2
 2481 0080 0078     		ldrb	r0, [r0]	@ zero_extendqisi2
 2482 0082 FFF7FEFF 		bl	MPU_Write_Len
 2483              	.LVL176:
1113:Modules/mpu6050/inv_mpu.c ****             return -1;
 2484              		.loc 1 1113 12 discriminator 1 view .LVU746
 2485 0086 0028     		cmp	r0, #0
 2486 0088 40F09F80 		bne	.L181
1115:Modules/mpu6050/inv_mpu.c ****         data = BIT_DMP_EN | BIT_FIFO_EN;
 2487              		.loc 1 1115 9 is_stmt 1 view .LVU747
 2488 008c 3220     		movs	r0, #50
 2489 008e FFF7FEFF 		bl	HAL_Delay
 2490              	.LVL177:
1116:Modules/mpu6050/inv_mpu.c ****         if (st.chip_cfg.sensors & INV_XYZ_COMPASS)
 2491              		.loc 1 1116 9 view .LVU748
1116:Modules/mpu6050/inv_mpu.c ****         if (st.chip_cfg.sensors & INV_XYZ_COMPASS)
 2492              		.loc 1 1116 14 is_stmt 0 view .LVU749
 2493 0092 C023     		movs	r3, #192
 2494 0094 8DF80730 		strb	r3, [sp, #7]
1117:Modules/mpu6050/inv_mpu.c ****             data |= BIT_AUX_IF_EN;
 2495              		.loc 1 1117 9 is_stmt 1 view .LVU750
1117:Modules/mpu6050/inv_mpu.c ****             data |= BIT_AUX_IF_EN;
 2496              		.loc 1 1117 24 is_stmt 0 view .LVU751
 2497 0098 564B     		ldr	r3, .L193
 2498 009a 9B7A     		ldrb	r3, [r3, #10]	@ zero_extendqisi2
1117:Modules/mpu6050/inv_mpu.c ****             data |= BIT_AUX_IF_EN;
 2499              		.loc 1 1117 12 view .LVU752
 2500 009c 13F0010F 		tst	r3, #1
 2501 00a0 02D0     		beq	.L169
1118:Modules/mpu6050/inv_mpu.c ****         if (i2c_write(st.hw->addr, st.reg->user_ctrl, 1, &data))
 2502              		.loc 1 1118 13 is_stmt 1 view .LVU753
1118:Modules/mpu6050/inv_mpu.c ****         if (i2c_write(st.hw->addr, st.reg->user_ctrl, 1, &data))
 2503              		.loc 1 1118 18 is_stmt 0 view .LVU754
 2504 00a2 E023     		movs	r3, #224
 2505 00a4 8DF80730 		strb	r3, [sp, #7]
 2506              	.L169:
1119:Modules/mpu6050/inv_mpu.c ****             return -1;
 2507              		.loc 1 1119 9 is_stmt 1 view .LVU755
1119:Modules/mpu6050/inv_mpu.c ****             return -1;
 2508              		.loc 1 1119 25 is_stmt 0 view .LVU756
 2509 00a8 524B     		ldr	r3, .L193
 2510 00aa 5868     		ldr	r0, [r3, #4]
1119:Modules/mpu6050/inv_mpu.c ****             return -1;
 2511              		.loc 1 1119 38 view .LVU757
 2512 00ac 1968     		ldr	r1, [r3]
1119:Modules/mpu6050/inv_mpu.c ****             return -1;
 2513              		.loc 1 1119 13 view .LVU758
 2514 00ae 0DF10703 		add	r3, sp, #7
 2515 00b2 0122     		movs	r2, #1
 2516 00b4 0979     		ldrb	r1, [r1, #4]	@ zero_extendqisi2
 2517 00b6 0078     		ldrb	r0, [r0]	@ zero_extendqisi2
 2518 00b8 FFF7FEFF 		bl	MPU_Write_Len
 2519              	.LVL178:
1119:Modules/mpu6050/inv_mpu.c ****             return -1;
 2520              		.loc 1 1119 12 discriminator 1 view .LVU759
ARM GAS  C:\Users\FASCIN~1\AppData\Local\Temp\ccNBUjvk.s 			page 91


 2521 00bc 0028     		cmp	r0, #0
 2522 00be 40F08780 		bne	.L182
1121:Modules/mpu6050/inv_mpu.c ****             data = BIT_DMP_INT_EN;
 2523              		.loc 1 1121 9 is_stmt 1 view .LVU760
1121:Modules/mpu6050/inv_mpu.c ****             data = BIT_DMP_INT_EN;
 2524              		.loc 1 1121 24 is_stmt 0 view .LVU761
 2525 00c2 4C4B     		ldr	r3, .L193
 2526 00c4 5B7C     		ldrb	r3, [r3, #17]	@ zero_extendqisi2
1121:Modules/mpu6050/inv_mpu.c ****             data = BIT_DMP_INT_EN;
 2527              		.loc 1 1121 12 view .LVU762
 2528 00c6 03B3     		cbz	r3, .L170
1122:Modules/mpu6050/inv_mpu.c ****         else
 2529              		.loc 1 1122 13 is_stmt 1 view .LVU763
1122:Modules/mpu6050/inv_mpu.c ****         else
 2530              		.loc 1 1122 18 is_stmt 0 view .LVU764
 2531 00c8 0223     		movs	r3, #2
 2532 00ca 8DF80730 		strb	r3, [sp, #7]
 2533              	.L171:
1125:Modules/mpu6050/inv_mpu.c ****             return -1;
 2534              		.loc 1 1125 9 is_stmt 1 view .LVU765
1125:Modules/mpu6050/inv_mpu.c ****             return -1;
 2535              		.loc 1 1125 25 is_stmt 0 view .LVU766
 2536 00ce 494B     		ldr	r3, .L193
 2537 00d0 5868     		ldr	r0, [r3, #4]
1125:Modules/mpu6050/inv_mpu.c ****             return -1;
 2538              		.loc 1 1125 38 view .LVU767
 2539 00d2 1968     		ldr	r1, [r3]
1125:Modules/mpu6050/inv_mpu.c ****             return -1;
 2540              		.loc 1 1125 13 view .LVU768
 2541 00d4 0DF10703 		add	r3, sp, #7
 2542 00d8 0122     		movs	r2, #1
 2543 00da C97B     		ldrb	r1, [r1, #15]	@ zero_extendqisi2
 2544 00dc 0078     		ldrb	r0, [r0]	@ zero_extendqisi2
 2545 00de FFF7FEFF 		bl	MPU_Write_Len
 2546              	.LVL179:
1125:Modules/mpu6050/inv_mpu.c ****             return -1;
 2547              		.loc 1 1125 12 discriminator 1 view .LVU769
 2548 00e2 0028     		cmp	r0, #0
 2549 00e4 77D1     		bne	.L183
1127:Modules/mpu6050/inv_mpu.c ****         if (i2c_write(st.hw->addr, st.reg->fifo_en, 1, &data))
 2550              		.loc 1 1127 9 is_stmt 1 view .LVU770
1127:Modules/mpu6050/inv_mpu.c ****         if (i2c_write(st.hw->addr, st.reg->fifo_en, 1, &data))
 2551              		.loc 1 1127 14 is_stmt 0 view .LVU771
 2552 00e6 0023     		movs	r3, #0
 2553 00e8 8DF80730 		strb	r3, [sp, #7]
1128:Modules/mpu6050/inv_mpu.c ****             return -1;
 2554              		.loc 1 1128 9 is_stmt 1 view .LVU772
1128:Modules/mpu6050/inv_mpu.c ****             return -1;
 2555              		.loc 1 1128 25 is_stmt 0 view .LVU773
 2556 00ec 414B     		ldr	r3, .L193
 2557 00ee 5868     		ldr	r0, [r3, #4]
1128:Modules/mpu6050/inv_mpu.c ****             return -1;
 2558              		.loc 1 1128 38 view .LVU774
 2559 00f0 1968     		ldr	r1, [r3]
1128:Modules/mpu6050/inv_mpu.c ****             return -1;
 2560              		.loc 1 1128 13 view .LVU775
 2561 00f2 0DF10703 		add	r3, sp, #7
ARM GAS  C:\Users\FASCIN~1\AppData\Local\Temp\ccNBUjvk.s 			page 92


 2562 00f6 0122     		movs	r2, #1
 2563 00f8 4979     		ldrb	r1, [r1, #5]	@ zero_extendqisi2
 2564 00fa 0078     		ldrb	r0, [r0]	@ zero_extendqisi2
 2565 00fc FFF7FEFF 		bl	MPU_Write_Len
 2566              	.LVL180:
1128:Modules/mpu6050/inv_mpu.c ****             return -1;
 2567              		.loc 1 1128 12 discriminator 1 view .LVU776
 2568 0100 0028     		cmp	r0, #0
 2569 0102 6BD1     		bne	.L184
 2570              	.L166:
1151:Modules/mpu6050/inv_mpu.c **** 
 2571              		.loc 1 1151 1 view .LVU777
 2572 0104 03B0     		add	sp, sp, #12
 2573              	.LCFI47:
 2574              		.cfi_remember_state
 2575              		.cfi_def_cfa_offset 4
 2576              		@ sp needed
 2577 0106 5DF804FB 		ldr	pc, [sp], #4
 2578              	.L170:
 2579              	.LCFI48:
 2580              		.cfi_restore_state
1124:Modules/mpu6050/inv_mpu.c ****         if (i2c_write(st.hw->addr, st.reg->int_enable, 1, &data))
 2581              		.loc 1 1124 13 is_stmt 1 view .LVU778
1124:Modules/mpu6050/inv_mpu.c ****         if (i2c_write(st.hw->addr, st.reg->int_enable, 1, &data))
 2582              		.loc 1 1124 18 is_stmt 0 view .LVU779
 2583 010a 0023     		movs	r3, #0
 2584 010c 8DF80730 		strb	r3, [sp, #7]
 2585 0110 DDE7     		b	.L171
 2586              	.L168:
1131:Modules/mpu6050/inv_mpu.c ****         if (i2c_write(st.hw->addr, st.reg->user_ctrl, 1, &data))
 2587              		.loc 1 1131 9 is_stmt 1 view .LVU780
1131:Modules/mpu6050/inv_mpu.c ****         if (i2c_write(st.hw->addr, st.reg->user_ctrl, 1, &data))
 2588              		.loc 1 1131 14 is_stmt 0 view .LVU781
 2589 0112 0423     		movs	r3, #4
 2590 0114 8DF80730 		strb	r3, [sp, #7]
1132:Modules/mpu6050/inv_mpu.c ****             return -1;
 2591              		.loc 1 1132 9 is_stmt 1 view .LVU782
1132:Modules/mpu6050/inv_mpu.c ****             return -1;
 2592              		.loc 1 1132 25 is_stmt 0 view .LVU783
 2593 0118 364B     		ldr	r3, .L193
 2594 011a 5868     		ldr	r0, [r3, #4]
1132:Modules/mpu6050/inv_mpu.c ****             return -1;
 2595              		.loc 1 1132 38 view .LVU784
 2596 011c 1968     		ldr	r1, [r3]
1132:Modules/mpu6050/inv_mpu.c ****             return -1;
 2597              		.loc 1 1132 13 view .LVU785
 2598 011e 0DF10703 		add	r3, sp, #7
 2599 0122 0122     		movs	r2, #1
 2600 0124 0979     		ldrb	r1, [r1, #4]	@ zero_extendqisi2
 2601 0126 0078     		ldrb	r0, [r0]	@ zero_extendqisi2
 2602 0128 FFF7FEFF 		bl	MPU_Write_Len
 2603              	.LVL181:
1132:Modules/mpu6050/inv_mpu.c ****             return -1;
 2604              		.loc 1 1132 12 discriminator 1 view .LVU786
 2605 012c 0028     		cmp	r0, #0
 2606 012e 58D1     		bne	.L185
1134:Modules/mpu6050/inv_mpu.c ****             data = BIT_FIFO_EN;
ARM GAS  C:\Users\FASCIN~1\AppData\Local\Temp\ccNBUjvk.s 			page 93


 2607              		.loc 1 1134 9 is_stmt 1 view .LVU787
1134:Modules/mpu6050/inv_mpu.c ****             data = BIT_FIFO_EN;
 2608              		.loc 1 1134 24 is_stmt 0 view .LVU788
 2609 0130 304B     		ldr	r3, .L193
 2610 0132 9B7C     		ldrb	r3, [r3, #18]	@ zero_extendqisi2
1134:Modules/mpu6050/inv_mpu.c ****             data = BIT_FIFO_EN;
 2611              		.loc 1 1134 12 view .LVU789
 2612 0134 23B9     		cbnz	r3, .L172
1134:Modules/mpu6050/inv_mpu.c ****             data = BIT_FIFO_EN;
 2613              		.loc 1 1134 53 discriminator 1 view .LVU790
 2614 0136 2F4B     		ldr	r3, .L193
 2615 0138 9B7A     		ldrb	r3, [r3, #10]	@ zero_extendqisi2
1134:Modules/mpu6050/inv_mpu.c ****             data = BIT_FIFO_EN;
 2616              		.loc 1 1134 37 discriminator 1 view .LVU791
 2617 013a 13F0010F 		tst	r3, #1
 2618 013e 30D1     		bne	.L173
 2619              	.L172:
1135:Modules/mpu6050/inv_mpu.c ****         else
 2620              		.loc 1 1135 13 is_stmt 1 view .LVU792
1135:Modules/mpu6050/inv_mpu.c ****         else
 2621              		.loc 1 1135 18 is_stmt 0 view .LVU793
 2622 0140 4023     		movs	r3, #64
 2623 0142 8DF80730 		strb	r3, [sp, #7]
 2624              	.L174:
1138:Modules/mpu6050/inv_mpu.c ****             return -1;
 2625              		.loc 1 1138 9 is_stmt 1 view .LVU794
1138:Modules/mpu6050/inv_mpu.c ****             return -1;
 2626              		.loc 1 1138 25 is_stmt 0 view .LVU795
 2627 0146 2B4B     		ldr	r3, .L193
 2628 0148 5868     		ldr	r0, [r3, #4]
1138:Modules/mpu6050/inv_mpu.c ****             return -1;
 2629              		.loc 1 1138 38 view .LVU796
 2630 014a 1968     		ldr	r1, [r3]
1138:Modules/mpu6050/inv_mpu.c ****             return -1;
 2631              		.loc 1 1138 13 view .LVU797
 2632 014c 0DF10703 		add	r3, sp, #7
 2633 0150 0122     		movs	r2, #1
 2634 0152 0979     		ldrb	r1, [r1, #4]	@ zero_extendqisi2
 2635 0154 0078     		ldrb	r0, [r0]	@ zero_extendqisi2
 2636 0156 FFF7FEFF 		bl	MPU_Write_Len
 2637              	.LVL182:
1138:Modules/mpu6050/inv_mpu.c ****             return -1;
 2638              		.loc 1 1138 12 discriminator 1 view .LVU798
 2639 015a 0028     		cmp	r0, #0
 2640 015c 44D1     		bne	.L186
1140:Modules/mpu6050/inv_mpu.c ****         if (st.chip_cfg.int_enable)
 2641              		.loc 1 1140 9 is_stmt 1 view .LVU799
 2642 015e 3220     		movs	r0, #50
 2643 0160 FFF7FEFF 		bl	HAL_Delay
 2644              	.LVL183:
1141:Modules/mpu6050/inv_mpu.c ****             data = BIT_DATA_RDY_EN;
 2645              		.loc 1 1141 9 view .LVU800
1141:Modules/mpu6050/inv_mpu.c ****             data = BIT_DATA_RDY_EN;
 2646              		.loc 1 1141 24 is_stmt 0 view .LVU801
 2647 0164 234B     		ldr	r3, .L193
 2648 0166 5B7C     		ldrb	r3, [r3, #17]	@ zero_extendqisi2
1141:Modules/mpu6050/inv_mpu.c ****             data = BIT_DATA_RDY_EN;
ARM GAS  C:\Users\FASCIN~1\AppData\Local\Temp\ccNBUjvk.s 			page 94


 2649              		.loc 1 1141 12 view .LVU802
 2650 0168 FBB1     		cbz	r3, .L175
1142:Modules/mpu6050/inv_mpu.c ****         else
 2651              		.loc 1 1142 13 is_stmt 1 view .LVU803
1142:Modules/mpu6050/inv_mpu.c ****         else
 2652              		.loc 1 1142 18 is_stmt 0 view .LVU804
 2653 016a 0123     		movs	r3, #1
 2654 016c 8DF80730 		strb	r3, [sp, #7]
 2655              	.L176:
1145:Modules/mpu6050/inv_mpu.c ****             return -1;
 2656              		.loc 1 1145 9 is_stmt 1 view .LVU805
1145:Modules/mpu6050/inv_mpu.c ****             return -1;
 2657              		.loc 1 1145 25 is_stmt 0 view .LVU806
 2658 0170 204B     		ldr	r3, .L193
 2659 0172 5868     		ldr	r0, [r3, #4]
1145:Modules/mpu6050/inv_mpu.c ****             return -1;
 2660              		.loc 1 1145 38 view .LVU807
 2661 0174 1968     		ldr	r1, [r3]
1145:Modules/mpu6050/inv_mpu.c ****             return -1;
 2662              		.loc 1 1145 13 view .LVU808
 2663 0176 0DF10703 		add	r3, sp, #7
 2664 017a 0122     		movs	r2, #1
 2665 017c C97B     		ldrb	r1, [r1, #15]	@ zero_extendqisi2
 2666 017e 0078     		ldrb	r0, [r0]	@ zero_extendqisi2
 2667 0180 FFF7FEFF 		bl	MPU_Write_Len
 2668              	.LVL184:
1145:Modules/mpu6050/inv_mpu.c ****             return -1;
 2669              		.loc 1 1145 12 discriminator 1 view .LVU809
 2670 0184 98BB     		cbnz	r0, .L187
1147:Modules/mpu6050/inv_mpu.c ****             return -1;
 2671              		.loc 1 1147 9 is_stmt 1 view .LVU810
1147:Modules/mpu6050/inv_mpu.c ****             return -1;
 2672              		.loc 1 1147 25 is_stmt 0 view .LVU811
 2673 0186 1B4B     		ldr	r3, .L193
 2674 0188 5868     		ldr	r0, [r3, #4]
1147:Modules/mpu6050/inv_mpu.c ****             return -1;
 2675              		.loc 1 1147 38 view .LVU812
 2676 018a 53F8101B 		ldr	r1, [r3], #16
1147:Modules/mpu6050/inv_mpu.c ****             return -1;
 2677              		.loc 1 1147 13 view .LVU813
 2678 018e 0122     		movs	r2, #1
 2679 0190 4979     		ldrb	r1, [r1, #5]	@ zero_extendqisi2
 2680 0192 0078     		ldrb	r0, [r0]	@ zero_extendqisi2
 2681 0194 FFF7FEFF 		bl	MPU_Write_Len
 2682              	.LVL185:
1147:Modules/mpu6050/inv_mpu.c ****             return -1;
 2683              		.loc 1 1147 12 discriminator 1 view .LVU814
 2684 0198 0028     		cmp	r0, #0
 2685 019a B3D0     		beq	.L166
1148:Modules/mpu6050/inv_mpu.c ****     }
 2686              		.loc 1 1148 20 view .LVU815
 2687 019c 4FF0FF30 		mov	r0, #-1
 2688 01a0 B0E7     		b	.L166
 2689              	.L173:
1137:Modules/mpu6050/inv_mpu.c ****         if (i2c_write(st.hw->addr, st.reg->user_ctrl, 1, &data))
 2690              		.loc 1 1137 13 is_stmt 1 view .LVU816
1137:Modules/mpu6050/inv_mpu.c ****         if (i2c_write(st.hw->addr, st.reg->user_ctrl, 1, &data))
ARM GAS  C:\Users\FASCIN~1\AppData\Local\Temp\ccNBUjvk.s 			page 95


 2691              		.loc 1 1137 18 is_stmt 0 view .LVU817
 2692 01a2 6023     		movs	r3, #96
 2693 01a4 8DF80730 		strb	r3, [sp, #7]
 2694 01a8 CDE7     		b	.L174
 2695              	.L175:
1144:Modules/mpu6050/inv_mpu.c ****         if (i2c_write(st.hw->addr, st.reg->int_enable, 1, &data))
 2696              		.loc 1 1144 13 is_stmt 1 view .LVU818
1144:Modules/mpu6050/inv_mpu.c ****         if (i2c_write(st.hw->addr, st.reg->int_enable, 1, &data))
 2697              		.loc 1 1144 18 is_stmt 0 view .LVU819
 2698 01aa 0023     		movs	r3, #0
 2699 01ac 8DF80730 		strb	r3, [sp, #7]
 2700 01b0 DEE7     		b	.L176
 2701              	.L177:
 2702              	.LCFI49:
 2703              		.cfi_def_cfa_offset 0
 2704              		.cfi_restore 14
1101:Modules/mpu6050/inv_mpu.c **** 
 2705              		.loc 1 1101 16 view .LVU820
 2706 01b2 4FF0FF30 		mov	r0, #-1
1151:Modules/mpu6050/inv_mpu.c **** 
 2707              		.loc 1 1151 1 view .LVU821
 2708 01b6 7047     		bx	lr
 2709              	.L178:
 2710              	.LCFI50:
 2711              		.cfi_def_cfa_offset 16
 2712              		.cfi_offset 14, -4
1105:Modules/mpu6050/inv_mpu.c ****     if (i2c_write(st.hw->addr, st.reg->fifo_en, 1, &data))
 2713              		.loc 1 1105 16 view .LVU822
 2714 01b8 4FF0FF30 		mov	r0, #-1
 2715 01bc A2E7     		b	.L166
 2716              	.L179:
1107:Modules/mpu6050/inv_mpu.c ****     if (i2c_write(st.hw->addr, st.reg->user_ctrl, 1, &data))
 2717              		.loc 1 1107 16 view .LVU823
 2718 01be 4FF0FF30 		mov	r0, #-1
 2719 01c2 9FE7     		b	.L166
 2720              	.L180:
1109:Modules/mpu6050/inv_mpu.c **** 
 2721              		.loc 1 1109 16 view .LVU824
 2722 01c4 4FF0FF30 		mov	r0, #-1
 2723 01c8 9CE7     		b	.L166
 2724              	.L181:
1114:Modules/mpu6050/inv_mpu.c ****         delay_ms(50);
 2725              		.loc 1 1114 20 view .LVU825
 2726 01ca 4FF0FF30 		mov	r0, #-1
 2727 01ce 99E7     		b	.L166
 2728              	.L182:
1120:Modules/mpu6050/inv_mpu.c ****         if (st.chip_cfg.int_enable)
 2729              		.loc 1 1120 20 view .LVU826
 2730 01d0 4FF0FF30 		mov	r0, #-1
 2731 01d4 96E7     		b	.L166
 2732              	.L183:
1126:Modules/mpu6050/inv_mpu.c ****         data = 0;
 2733              		.loc 1 1126 20 view .LVU827
 2734 01d6 4FF0FF30 		mov	r0, #-1
 2735 01da 93E7     		b	.L166
 2736              	.L184:
1129:Modules/mpu6050/inv_mpu.c ****     } else {
ARM GAS  C:\Users\FASCIN~1\AppData\Local\Temp\ccNBUjvk.s 			page 96


 2737              		.loc 1 1129 20 view .LVU828
 2738 01dc 4FF0FF30 		mov	r0, #-1
 2739 01e0 90E7     		b	.L166
 2740              	.L185:
1133:Modules/mpu6050/inv_mpu.c ****         if (st.chip_cfg.bypass_mode || !(st.chip_cfg.sensors & INV_XYZ_COMPASS))
 2741              		.loc 1 1133 20 view .LVU829
 2742 01e2 4FF0FF30 		mov	r0, #-1
 2743 01e6 8DE7     		b	.L166
 2744              	.L186:
1139:Modules/mpu6050/inv_mpu.c ****         delay_ms(50);
 2745              		.loc 1 1139 20 view .LVU830
 2746 01e8 4FF0FF30 		mov	r0, #-1
 2747 01ec 8AE7     		b	.L166
 2748              	.L187:
1146:Modules/mpu6050/inv_mpu.c ****         if (i2c_write(st.hw->addr, st.reg->fifo_en, 1, &st.chip_cfg.fifo_enable))
 2749              		.loc 1 1146 20 view .LVU831
 2750 01ee 4FF0FF30 		mov	r0, #-1
 2751 01f2 87E7     		b	.L166
 2752              	.L194:
 2753              		.align	2
 2754              	.L193:
 2755 01f4 00000000 		.word	st
 2756              		.cfi_endproc
 2757              	.LFE77:
 2759              		.section	.text.mpu_get_gyro_fsr,"ax",%progbits
 2760              		.align	1
 2761              		.global	mpu_get_gyro_fsr
 2762              		.syntax unified
 2763              		.thumb
 2764              		.thumb_func
 2766              	mpu_get_gyro_fsr:
 2767              	.LVL186:
 2768              	.LFB78:
1159:Modules/mpu6050/inv_mpu.c ****     switch (st.chip_cfg.gyro_fsr) {
 2769              		.loc 1 1159 1 is_stmt 1 view -0
 2770              		.cfi_startproc
 2771              		@ args = 0, pretend = 0, frame = 0
 2772              		@ frame_needed = 0, uses_anonymous_args = 0
 2773              		@ link register save eliminated.
1160:Modules/mpu6050/inv_mpu.c ****     case INV_FSR_250DPS:
 2774              		.loc 1 1160 5 view .LVU833
1160:Modules/mpu6050/inv_mpu.c ****     case INV_FSR_250DPS:
 2775              		.loc 1 1160 24 is_stmt 0 view .LVU834
 2776 0000 0D4B     		ldr	r3, .L203
 2777 0002 1B7A     		ldrb	r3, [r3, #8]	@ zero_extendqisi2
1160:Modules/mpu6050/inv_mpu.c ****     case INV_FSR_250DPS:
 2778              		.loc 1 1160 5 view .LVU835
 2779 0004 032B     		cmp	r3, #3
 2780 0006 13D8     		bhi	.L196
 2781 0008 DFE803F0 		tbb	[pc, r3]
 2782              	.L198:
 2783 000c 02       		.byte	(.L201-.L198)/2
 2784 000d 06       		.byte	(.L200-.L198)/2
 2785 000e 0A       		.byte	(.L199-.L198)/2
 2786 000f 0E       		.byte	(.L197-.L198)/2
 2787              		.p2align 1
 2788              	.L201:
ARM GAS  C:\Users\FASCIN~1\AppData\Local\Temp\ccNBUjvk.s 			page 97


1162:Modules/mpu6050/inv_mpu.c ****         break;
 2789              		.loc 1 1162 9 is_stmt 1 view .LVU836
1162:Modules/mpu6050/inv_mpu.c ****         break;
 2790              		.loc 1 1162 16 is_stmt 0 view .LVU837
 2791 0010 FA23     		movs	r3, #250
 2792 0012 0380     		strh	r3, [r0]	@ movhi
1163:Modules/mpu6050/inv_mpu.c ****     case INV_FSR_500DPS:
 2793              		.loc 1 1163 9 is_stmt 1 view .LVU838
 2794              	.L202:
1177:Modules/mpu6050/inv_mpu.c **** }
 2795              		.loc 1 1177 5 view .LVU839
1178:Modules/mpu6050/inv_mpu.c **** 
 2796              		.loc 1 1178 1 is_stmt 0 view .LVU840
 2797 0014 0020     		movs	r0, #0
 2798              	.LVL187:
1178:Modules/mpu6050/inv_mpu.c **** 
 2799              		.loc 1 1178 1 view .LVU841
 2800 0016 7047     		bx	lr
 2801              	.LVL188:
 2802              	.L200:
1165:Modules/mpu6050/inv_mpu.c ****         break;
 2803              		.loc 1 1165 9 is_stmt 1 view .LVU842
1165:Modules/mpu6050/inv_mpu.c ****         break;
 2804              		.loc 1 1165 16 is_stmt 0 view .LVU843
 2805 0018 4FF4FA73 		mov	r3, #500
 2806 001c 0380     		strh	r3, [r0]	@ movhi
1166:Modules/mpu6050/inv_mpu.c ****     case INV_FSR_1000DPS:
 2807              		.loc 1 1166 9 is_stmt 1 view .LVU844
 2808 001e F9E7     		b	.L202
 2809              	.L199:
1168:Modules/mpu6050/inv_mpu.c ****         break;
 2810              		.loc 1 1168 9 view .LVU845
1168:Modules/mpu6050/inv_mpu.c ****         break;
 2811              		.loc 1 1168 16 is_stmt 0 view .LVU846
 2812 0020 4FF47A73 		mov	r3, #1000
 2813 0024 0380     		strh	r3, [r0]	@ movhi
1169:Modules/mpu6050/inv_mpu.c ****     case INV_FSR_2000DPS:
 2814              		.loc 1 1169 9 is_stmt 1 view .LVU847
 2815 0026 F5E7     		b	.L202
 2816              	.L197:
1171:Modules/mpu6050/inv_mpu.c ****         break;
 2817              		.loc 1 1171 9 view .LVU848
1171:Modules/mpu6050/inv_mpu.c ****         break;
 2818              		.loc 1 1171 16 is_stmt 0 view .LVU849
 2819 0028 4FF4FA63 		mov	r3, #2000
 2820 002c 0380     		strh	r3, [r0]	@ movhi
1172:Modules/mpu6050/inv_mpu.c ****     default:
 2821              		.loc 1 1172 9 is_stmt 1 view .LVU850
 2822 002e F1E7     		b	.L202
 2823              	.L196:
1174:Modules/mpu6050/inv_mpu.c ****         break;
 2824              		.loc 1 1174 9 view .LVU851
1174:Modules/mpu6050/inv_mpu.c ****         break;
 2825              		.loc 1 1174 16 is_stmt 0 view .LVU852
 2826 0030 0023     		movs	r3, #0
 2827 0032 0380     		strh	r3, [r0]	@ movhi
1175:Modules/mpu6050/inv_mpu.c ****     }
ARM GAS  C:\Users\FASCIN~1\AppData\Local\Temp\ccNBUjvk.s 			page 98


 2828              		.loc 1 1175 9 is_stmt 1 view .LVU853
 2829 0034 EEE7     		b	.L202
 2830              	.L204:
 2831 0036 00BF     		.align	2
 2832              	.L203:
 2833 0038 00000000 		.word	st
 2834              		.cfi_endproc
 2835              	.LFE78:
 2837              		.section	.text.mpu_set_gyro_fsr,"ax",%progbits
 2838              		.align	1
 2839              		.global	mpu_set_gyro_fsr
 2840              		.syntax unified
 2841              		.thumb
 2842              		.thumb_func
 2844              	mpu_set_gyro_fsr:
 2845              	.LVL189:
 2846              	.LFB79:
1186:Modules/mpu6050/inv_mpu.c ****     unsigned char data;
 2847              		.loc 1 1186 1 view -0
 2848              		.cfi_startproc
 2849              		@ args = 0, pretend = 0, frame = 8
 2850              		@ frame_needed = 0, uses_anonymous_args = 0
1187:Modules/mpu6050/inv_mpu.c **** 
 2851              		.loc 1 1187 5 view .LVU855
1189:Modules/mpu6050/inv_mpu.c ****         return -1;
 2852              		.loc 1 1189 5 view .LVU856
1189:Modules/mpu6050/inv_mpu.c ****         return -1;
 2853              		.loc 1 1189 22 is_stmt 0 view .LVU857
 2854 0000 244B     		ldr	r3, .L222
 2855 0002 9B7A     		ldrb	r3, [r3, #10]	@ zero_extendqisi2
1189:Modules/mpu6050/inv_mpu.c ****         return -1;
 2856              		.loc 1 1189 8 view .LVU858
 2857 0004 002B     		cmp	r3, #0
 2858 0006 3CD0     		beq	.L213
1186:Modules/mpu6050/inv_mpu.c ****     unsigned char data;
 2859              		.loc 1 1186 1 view .LVU859
 2860 0008 00B5     		push	{lr}
 2861              	.LCFI51:
 2862              		.cfi_def_cfa_offset 4
 2863              		.cfi_offset 14, -4
 2864 000a 83B0     		sub	sp, sp, #12
 2865              	.LCFI52:
 2866              		.cfi_def_cfa_offset 16
1192:Modules/mpu6050/inv_mpu.c ****     case 250:
 2867              		.loc 1 1192 5 is_stmt 1 view .LVU860
 2868 000c B0F57A7F 		cmp	r0, #1000
 2869 0010 33D0     		beq	.L207
 2870 0012 0BD8     		bhi	.L208
 2871 0014 FA28     		cmp	r0, #250
 2872 0016 13D0     		beq	.L209
 2873 0018 B0F5FA7F 		cmp	r0, #500
 2874 001c 03D1     		bne	.L220
1197:Modules/mpu6050/inv_mpu.c ****         break;
 2875              		.loc 1 1197 9 view .LVU861
1197:Modules/mpu6050/inv_mpu.c ****         break;
 2876              		.loc 1 1197 14 is_stmt 0 view .LVU862
 2877 001e 0823     		movs	r3, #8
ARM GAS  C:\Users\FASCIN~1\AppData\Local\Temp\ccNBUjvk.s 			page 99


 2878 0020 8DF80730 		strb	r3, [sp, #7]
1198:Modules/mpu6050/inv_mpu.c ****     case 1000:
 2879              		.loc 1 1198 9 is_stmt 1 view .LVU863
 2880 0024 0FE0     		b	.L212
 2881              	.L220:
1192:Modules/mpu6050/inv_mpu.c ****     case 250:
 2882              		.loc 1 1192 5 is_stmt 0 view .LVU864
 2883 0026 4FF0FF30 		mov	r0, #-1
 2884              	.LVL190:
1192:Modules/mpu6050/inv_mpu.c ****     case 250:
 2885              		.loc 1 1192 5 view .LVU865
 2886 002a 23E0     		b	.L205
 2887              	.LVL191:
 2888              	.L208:
1192:Modules/mpu6050/inv_mpu.c ****     case 250:
 2889              		.loc 1 1192 5 view .LVU866
 2890 002c B0F5FA6F 		cmp	r0, #2000
 2891 0030 03D1     		bne	.L221
1203:Modules/mpu6050/inv_mpu.c ****         break;
 2892              		.loc 1 1203 9 is_stmt 1 view .LVU867
1203:Modules/mpu6050/inv_mpu.c ****         break;
 2893              		.loc 1 1203 14 is_stmt 0 view .LVU868
 2894 0032 1823     		movs	r3, #24
 2895 0034 8DF80730 		strb	r3, [sp, #7]
1204:Modules/mpu6050/inv_mpu.c ****     default:
 2896              		.loc 1 1204 9 is_stmt 1 view .LVU869
 2897 0038 05E0     		b	.L212
 2898              	.L221:
1192:Modules/mpu6050/inv_mpu.c ****     case 250:
 2899              		.loc 1 1192 5 is_stmt 0 view .LVU870
 2900 003a 4FF0FF30 		mov	r0, #-1
 2901              	.LVL192:
1192:Modules/mpu6050/inv_mpu.c ****     case 250:
 2902              		.loc 1 1192 5 view .LVU871
 2903 003e 19E0     		b	.L205
 2904              	.LVL193:
 2905              	.L209:
1194:Modules/mpu6050/inv_mpu.c ****         break;
 2906              		.loc 1 1194 9 is_stmt 1 view .LVU872
1194:Modules/mpu6050/inv_mpu.c ****         break;
 2907              		.loc 1 1194 14 is_stmt 0 view .LVU873
 2908 0040 0023     		movs	r3, #0
 2909 0042 8DF80730 		strb	r3, [sp, #7]
1195:Modules/mpu6050/inv_mpu.c ****     case 500:
 2910              		.loc 1 1195 9 is_stmt 1 view .LVU874
 2911              	.L212:
1209:Modules/mpu6050/inv_mpu.c ****         return 0;
 2912              		.loc 1 1209 5 view .LVU875
1209:Modules/mpu6050/inv_mpu.c ****         return 0;
 2913              		.loc 1 1209 20 is_stmt 0 view .LVU876
 2914 0046 134B     		ldr	r3, .L222
 2915 0048 1B7A     		ldrb	r3, [r3, #8]	@ zero_extendqisi2
1209:Modules/mpu6050/inv_mpu.c ****         return 0;
 2916              		.loc 1 1209 30 view .LVU877
 2917 004a 9DF80720 		ldrb	r2, [sp, #7]	@ zero_extendqisi2
1209:Modules/mpu6050/inv_mpu.c ****         return 0;
 2918              		.loc 1 1209 8 view .LVU878
ARM GAS  C:\Users\FASCIN~1\AppData\Local\Temp\ccNBUjvk.s 			page 100


 2919 004e B3EBD20F 		cmp	r3, r2, lsr #3
 2920 0052 19D0     		beq	.L214
1211:Modules/mpu6050/inv_mpu.c ****         return -1;
 2921              		.loc 1 1211 5 is_stmt 1 view .LVU879
1211:Modules/mpu6050/inv_mpu.c ****         return -1;
 2922              		.loc 1 1211 21 is_stmt 0 view .LVU880
 2923 0054 0F4B     		ldr	r3, .L222
 2924 0056 5868     		ldr	r0, [r3, #4]
 2925              	.LVL194:
1211:Modules/mpu6050/inv_mpu.c ****         return -1;
 2926              		.loc 1 1211 34 view .LVU881
 2927 0058 1968     		ldr	r1, [r3]
1211:Modules/mpu6050/inv_mpu.c ****         return -1;
 2928              		.loc 1 1211 9 view .LVU882
 2929 005a 0DF10703 		add	r3, sp, #7
 2930 005e 0122     		movs	r2, #1
 2931 0060 8979     		ldrb	r1, [r1, #6]	@ zero_extendqisi2
 2932 0062 0078     		ldrb	r0, [r0]	@ zero_extendqisi2
 2933 0064 FFF7FEFF 		bl	MPU_Write_Len
 2934              	.LVL195:
1211:Modules/mpu6050/inv_mpu.c ****         return -1;
 2935              		.loc 1 1211 8 discriminator 1 view .LVU883
 2936 0068 80B9     		cbnz	r0, .L215
1213:Modules/mpu6050/inv_mpu.c ****     return 0;
 2937              		.loc 1 1213 5 is_stmt 1 view .LVU884
1213:Modules/mpu6050/inv_mpu.c ****     return 0;
 2938              		.loc 1 1213 26 is_stmt 0 view .LVU885
 2939 006a 9DF80730 		ldrb	r3, [sp, #7]	@ zero_extendqisi2
 2940 006e DB08     		lsrs	r3, r3, #3
 2941 0070 084A     		ldr	r2, .L222
 2942 0072 1372     		strb	r3, [r2, #8]
1214:Modules/mpu6050/inv_mpu.c **** }
 2943              		.loc 1 1214 5 is_stmt 1 view .LVU886
 2944              	.L205:
1215:Modules/mpu6050/inv_mpu.c **** 
 2945              		.loc 1 1215 1 is_stmt 0 view .LVU887
 2946 0074 03B0     		add	sp, sp, #12
 2947              	.LCFI53:
 2948              		.cfi_remember_state
 2949              		.cfi_def_cfa_offset 4
 2950              		@ sp needed
 2951 0076 5DF804FB 		ldr	pc, [sp], #4
 2952              	.LVL196:
 2953              	.L207:
 2954              	.LCFI54:
 2955              		.cfi_restore_state
1200:Modules/mpu6050/inv_mpu.c ****         break;
 2956              		.loc 1 1200 9 is_stmt 1 view .LVU888
1200:Modules/mpu6050/inv_mpu.c ****         break;
 2957              		.loc 1 1200 14 is_stmt 0 view .LVU889
 2958 007a 1023     		movs	r3, #16
 2959 007c 8DF80730 		strb	r3, [sp, #7]
1201:Modules/mpu6050/inv_mpu.c ****     case 2000:
 2960              		.loc 1 1201 9 is_stmt 1 view .LVU890
 2961 0080 E1E7     		b	.L212
 2962              	.L213:
 2963              	.LCFI55:
ARM GAS  C:\Users\FASCIN~1\AppData\Local\Temp\ccNBUjvk.s 			page 101


 2964              		.cfi_def_cfa_offset 0
 2965              		.cfi_restore 14
1190:Modules/mpu6050/inv_mpu.c **** 
 2966              		.loc 1 1190 16 is_stmt 0 view .LVU891
 2967 0082 4FF0FF30 		mov	r0, #-1
 2968              	.LVL197:
1215:Modules/mpu6050/inv_mpu.c **** 
 2969              		.loc 1 1215 1 view .LVU892
 2970 0086 7047     		bx	lr
 2971              	.LVL198:
 2972              	.L214:
 2973              	.LCFI56:
 2974              		.cfi_def_cfa_offset 16
 2975              		.cfi_offset 14, -4
1210:Modules/mpu6050/inv_mpu.c ****     if (i2c_write(st.hw->addr, st.reg->gyro_cfg, 1, &data))
 2976              		.loc 1 1210 16 view .LVU893
 2977 0088 0020     		movs	r0, #0
 2978              	.LVL199:
1210:Modules/mpu6050/inv_mpu.c ****     if (i2c_write(st.hw->addr, st.reg->gyro_cfg, 1, &data))
 2979              		.loc 1 1210 16 view .LVU894
 2980 008a F3E7     		b	.L205
 2981              	.L215:
1212:Modules/mpu6050/inv_mpu.c ****     st.chip_cfg.gyro_fsr = data >> 3;
 2982              		.loc 1 1212 16 view .LVU895
 2983 008c 4FF0FF30 		mov	r0, #-1
 2984 0090 F0E7     		b	.L205
 2985              	.L223:
 2986 0092 00BF     		.align	2
 2987              	.L222:
 2988 0094 00000000 		.word	st
 2989              		.cfi_endproc
 2990              	.LFE79:
 2992              		.section	.text.mpu_get_accel_fsr,"ax",%progbits
 2993              		.align	1
 2994              		.global	mpu_get_accel_fsr
 2995              		.syntax unified
 2996              		.thumb
 2997              		.thumb_func
 2999              	mpu_get_accel_fsr:
 3000              	.LVL200:
 3001              	.LFB80:
1223:Modules/mpu6050/inv_mpu.c ****     switch (st.chip_cfg.accel_fsr) {
 3002              		.loc 1 1223 1 is_stmt 1 view -0
 3003              		.cfi_startproc
 3004              		@ args = 0, pretend = 0, frame = 0
 3005              		@ frame_needed = 0, uses_anonymous_args = 0
 3006              		@ link register save eliminated.
1224:Modules/mpu6050/inv_mpu.c ****     case INV_FSR_2G:
 3007              		.loc 1 1224 5 view .LVU897
1224:Modules/mpu6050/inv_mpu.c ****     case INV_FSR_2G:
 3008              		.loc 1 1224 24 is_stmt 0 view .LVU898
 3009 0000 0F4B     		ldr	r3, .L234
 3010 0002 5B7A     		ldrb	r3, [r3, #9]	@ zero_extendqisi2
1224:Modules/mpu6050/inv_mpu.c ****     case INV_FSR_2G:
 3011              		.loc 1 1224 5 view .LVU899
 3012 0004 032B     		cmp	r3, #3
 3013 0006 16D8     		bhi	.L232
ARM GAS  C:\Users\FASCIN~1\AppData\Local\Temp\ccNBUjvk.s 			page 102


 3014 0008 DFE803F0 		tbb	[pc, r3]
 3015              	.L227:
 3016 000c 02       		.byte	(.L230-.L227)/2
 3017 000d 0C       		.byte	(.L229-.L227)/2
 3018 000e 0F       		.byte	(.L228-.L227)/2
 3019 000f 12       		.byte	(.L226-.L227)/2
 3020              		.p2align 1
 3021              	.L230:
1226:Modules/mpu6050/inv_mpu.c ****         break;
 3022              		.loc 1 1226 9 is_stmt 1 view .LVU900
1226:Modules/mpu6050/inv_mpu.c ****         break;
 3023              		.loc 1 1226 16 is_stmt 0 view .LVU901
 3024 0010 0223     		movs	r3, #2
 3025 0012 0370     		strb	r3, [r0]
1227:Modules/mpu6050/inv_mpu.c ****     case INV_FSR_4G:
 3026              		.loc 1 1227 9 is_stmt 1 view .LVU902
 3027              	.L231:
1240:Modules/mpu6050/inv_mpu.c ****         fsr[0] <<= 1;
 3028              		.loc 1 1240 5 view .LVU903
1240:Modules/mpu6050/inv_mpu.c ****         fsr[0] <<= 1;
 3029              		.loc 1 1240 20 is_stmt 0 view .LVU904
 3030 0014 0A4B     		ldr	r3, .L234
 3031 0016 DB7C     		ldrb	r3, [r3, #19]	@ zero_extendqisi2
1240:Modules/mpu6050/inv_mpu.c ****         fsr[0] <<= 1;
 3032              		.loc 1 1240 8 view .LVU905
 3033 0018 83B1     		cbz	r3, .L233
1241:Modules/mpu6050/inv_mpu.c ****     return 0;
 3034              		.loc 1 1241 9 is_stmt 1 view .LVU906
1241:Modules/mpu6050/inv_mpu.c ****     return 0;
 3035              		.loc 1 1241 12 is_stmt 0 view .LVU907
 3036 001a 0378     		ldrb	r3, [r0]	@ zero_extendqisi2
1241:Modules/mpu6050/inv_mpu.c ****     return 0;
 3037              		.loc 1 1241 16 view .LVU908
 3038 001c 5B00     		lsls	r3, r3, #1
 3039 001e 0370     		strb	r3, [r0]
1242:Modules/mpu6050/inv_mpu.c **** }
 3040              		.loc 1 1242 12 view .LVU909
 3041 0020 0020     		movs	r0, #0
 3042              	.LVL201:
1242:Modules/mpu6050/inv_mpu.c **** }
 3043              		.loc 1 1242 12 view .LVU910
 3044 0022 7047     		bx	lr
 3045              	.LVL202:
 3046              	.L229:
1229:Modules/mpu6050/inv_mpu.c ****         break;
 3047              		.loc 1 1229 9 is_stmt 1 view .LVU911
1229:Modules/mpu6050/inv_mpu.c ****         break;
 3048              		.loc 1 1229 16 is_stmt 0 view .LVU912
 3049 0024 0423     		movs	r3, #4
 3050 0026 0370     		strb	r3, [r0]
1230:Modules/mpu6050/inv_mpu.c ****     case INV_FSR_8G:
 3051              		.loc 1 1230 9 is_stmt 1 view .LVU913
 3052 0028 F4E7     		b	.L231
 3053              	.L228:
1232:Modules/mpu6050/inv_mpu.c ****         break;
 3054              		.loc 1 1232 9 view .LVU914
1232:Modules/mpu6050/inv_mpu.c ****         break;
ARM GAS  C:\Users\FASCIN~1\AppData\Local\Temp\ccNBUjvk.s 			page 103


 3055              		.loc 1 1232 16 is_stmt 0 view .LVU915
 3056 002a 0823     		movs	r3, #8
 3057 002c 0370     		strb	r3, [r0]
1233:Modules/mpu6050/inv_mpu.c ****     case INV_FSR_16G:
 3058              		.loc 1 1233 9 is_stmt 1 view .LVU916
 3059 002e F1E7     		b	.L231
 3060              	.L226:
1235:Modules/mpu6050/inv_mpu.c ****         break;
 3061              		.loc 1 1235 9 view .LVU917
1235:Modules/mpu6050/inv_mpu.c ****         break;
 3062              		.loc 1 1235 16 is_stmt 0 view .LVU918
 3063 0030 1023     		movs	r3, #16
 3064 0032 0370     		strb	r3, [r0]
1236:Modules/mpu6050/inv_mpu.c ****     default:
 3065              		.loc 1 1236 9 is_stmt 1 view .LVU919
 3066 0034 EEE7     		b	.L231
 3067              	.L232:
1224:Modules/mpu6050/inv_mpu.c ****     case INV_FSR_2G:
 3068              		.loc 1 1224 5 is_stmt 0 view .LVU920
 3069 0036 4FF0FF30 		mov	r0, #-1
 3070              	.LVL203:
1224:Modules/mpu6050/inv_mpu.c ****     case INV_FSR_2G:
 3071              		.loc 1 1224 5 view .LVU921
 3072 003a 7047     		bx	lr
 3073              	.LVL204:
 3074              	.L233:
1242:Modules/mpu6050/inv_mpu.c **** }
 3075              		.loc 1 1242 12 view .LVU922
 3076 003c 0020     		movs	r0, #0
 3077              	.LVL205:
1243:Modules/mpu6050/inv_mpu.c **** 
 3078              		.loc 1 1243 1 view .LVU923
 3079 003e 7047     		bx	lr
 3080              	.L235:
 3081              		.align	2
 3082              	.L234:
 3083 0040 00000000 		.word	st
 3084              		.cfi_endproc
 3085              	.LFE80:
 3087              		.section	.text.mpu_set_accel_fsr,"ax",%progbits
 3088              		.align	1
 3089              		.global	mpu_set_accel_fsr
 3090              		.syntax unified
 3091              		.thumb
 3092              		.thumb_func
 3094              	mpu_set_accel_fsr:
 3095              	.LVL206:
 3096              	.LFB81:
1251:Modules/mpu6050/inv_mpu.c ****     unsigned char data;
 3097              		.loc 1 1251 1 is_stmt 1 view -0
 3098              		.cfi_startproc
 3099              		@ args = 0, pretend = 0, frame = 8
 3100              		@ frame_needed = 0, uses_anonymous_args = 0
1252:Modules/mpu6050/inv_mpu.c **** 
 3101              		.loc 1 1252 5 view .LVU925
1254:Modules/mpu6050/inv_mpu.c ****         return -1;
 3102              		.loc 1 1254 5 view .LVU926
ARM GAS  C:\Users\FASCIN~1\AppData\Local\Temp\ccNBUjvk.s 			page 104


1254:Modules/mpu6050/inv_mpu.c ****         return -1;
 3103              		.loc 1 1254 22 is_stmt 0 view .LVU927
 3104 0000 234B     		ldr	r3, .L252
 3105 0002 9B7A     		ldrb	r3, [r3, #10]	@ zero_extendqisi2
1254:Modules/mpu6050/inv_mpu.c ****         return -1;
 3106              		.loc 1 1254 8 view .LVU928
 3107 0004 002B     		cmp	r3, #0
 3108 0006 35D0     		beq	.L244
1251:Modules/mpu6050/inv_mpu.c ****     unsigned char data;
 3109              		.loc 1 1251 1 view .LVU929
 3110 0008 00B5     		push	{lr}
 3111              	.LCFI57:
 3112              		.cfi_def_cfa_offset 4
 3113              		.cfi_offset 14, -4
 3114 000a 83B0     		sub	sp, sp, #12
 3115              	.LCFI58:
 3116              		.cfi_def_cfa_offset 16
1257:Modules/mpu6050/inv_mpu.c ****     case 2:
 3117              		.loc 1 1257 5 is_stmt 1 view .LVU930
 3118 000c 0238     		subs	r0, r0, #2
 3119              	.LVL207:
1257:Modules/mpu6050/inv_mpu.c ****     case 2:
 3120              		.loc 1 1257 5 is_stmt 0 view .LVU931
 3121 000e 0E28     		cmp	r0, #14
 3122 0010 33D8     		bhi	.L245
 3123 0012 DFE800F0 		tbb	[pc, r0]
 3124              	.L239:
 3125 0016 08       		.byte	(.L242-.L239)/2
 3126 0017 32       		.byte	(.L245-.L239)/2
 3127 0018 23       		.byte	(.L241-.L239)/2
 3128 0019 32       		.byte	(.L245-.L239)/2
 3129 001a 32       		.byte	(.L245-.L239)/2
 3130 001b 32       		.byte	(.L245-.L239)/2
 3131 001c 27       		.byte	(.L240-.L239)/2
 3132 001d 32       		.byte	(.L245-.L239)/2
 3133 001e 32       		.byte	(.L245-.L239)/2
 3134 001f 32       		.byte	(.L245-.L239)/2
 3135 0020 32       		.byte	(.L245-.L239)/2
 3136 0021 32       		.byte	(.L245-.L239)/2
 3137 0022 32       		.byte	(.L245-.L239)/2
 3138 0023 32       		.byte	(.L245-.L239)/2
 3139 0024 2B       		.byte	(.L238-.L239)/2
 3140 0025 00       		.p2align 1
 3141              	.L242:
1259:Modules/mpu6050/inv_mpu.c ****         break;
 3142              		.loc 1 1259 9 is_stmt 1 view .LVU932
1259:Modules/mpu6050/inv_mpu.c ****         break;
 3143              		.loc 1 1259 14 is_stmt 0 view .LVU933
 3144 0026 0023     		movs	r3, #0
 3145 0028 8DF80730 		strb	r3, [sp, #7]
1260:Modules/mpu6050/inv_mpu.c ****     case 4:
 3146              		.loc 1 1260 9 is_stmt 1 view .LVU934
 3147              	.L243:
1274:Modules/mpu6050/inv_mpu.c ****         return 0;
 3148              		.loc 1 1274 5 view .LVU935
1274:Modules/mpu6050/inv_mpu.c ****         return 0;
 3149              		.loc 1 1274 20 is_stmt 0 view .LVU936
ARM GAS  C:\Users\FASCIN~1\AppData\Local\Temp\ccNBUjvk.s 			page 105


 3150 002c 184B     		ldr	r3, .L252
 3151 002e 5B7A     		ldrb	r3, [r3, #9]	@ zero_extendqisi2
1274:Modules/mpu6050/inv_mpu.c ****         return 0;
 3152              		.loc 1 1274 31 view .LVU937
 3153 0030 9DF80720 		ldrb	r2, [sp, #7]	@ zero_extendqisi2
1274:Modules/mpu6050/inv_mpu.c ****         return 0;
 3154              		.loc 1 1274 8 view .LVU938
 3155 0034 B3EBD20F 		cmp	r3, r2, lsr #3
 3156 0038 24D0     		beq	.L246
1276:Modules/mpu6050/inv_mpu.c ****         return -1;
 3157              		.loc 1 1276 5 is_stmt 1 view .LVU939
1276:Modules/mpu6050/inv_mpu.c ****         return -1;
 3158              		.loc 1 1276 21 is_stmt 0 view .LVU940
 3159 003a 154B     		ldr	r3, .L252
 3160 003c 5868     		ldr	r0, [r3, #4]
 3161              	.LVL208:
1276:Modules/mpu6050/inv_mpu.c ****         return -1;
 3162              		.loc 1 1276 34 view .LVU941
 3163 003e 1968     		ldr	r1, [r3]
1276:Modules/mpu6050/inv_mpu.c ****         return -1;
 3164              		.loc 1 1276 9 view .LVU942
 3165 0040 0DF10703 		add	r3, sp, #7
 3166 0044 0122     		movs	r2, #1
 3167 0046 C979     		ldrb	r1, [r1, #7]	@ zero_extendqisi2
 3168 0048 0078     		ldrb	r0, [r0]	@ zero_extendqisi2
 3169 004a FFF7FEFF 		bl	MPU_Write_Len
 3170              	.LVL209:
1276:Modules/mpu6050/inv_mpu.c ****         return -1;
 3171              		.loc 1 1276 8 discriminator 1 view .LVU943
 3172 004e D8B9     		cbnz	r0, .L247
1278:Modules/mpu6050/inv_mpu.c ****     return 0;
 3173              		.loc 1 1278 5 is_stmt 1 view .LVU944
1278:Modules/mpu6050/inv_mpu.c ****     return 0;
 3174              		.loc 1 1278 27 is_stmt 0 view .LVU945
 3175 0050 9DF80730 		ldrb	r3, [sp, #7]	@ zero_extendqisi2
 3176 0054 DB08     		lsrs	r3, r3, #3
 3177 0056 0E4A     		ldr	r2, .L252
 3178 0058 5372     		strb	r3, [r2, #9]
1279:Modules/mpu6050/inv_mpu.c **** }
 3179              		.loc 1 1279 5 is_stmt 1 view .LVU946
1279:Modules/mpu6050/inv_mpu.c **** }
 3180              		.loc 1 1279 12 is_stmt 0 view .LVU947
 3181 005a 10E0     		b	.L236
 3182              	.L241:
1262:Modules/mpu6050/inv_mpu.c ****         break;
 3183              		.loc 1 1262 9 is_stmt 1 view .LVU948
1262:Modules/mpu6050/inv_mpu.c ****         break;
 3184              		.loc 1 1262 14 is_stmt 0 view .LVU949
 3185 005c 0823     		movs	r3, #8
 3186 005e 8DF80730 		strb	r3, [sp, #7]
1263:Modules/mpu6050/inv_mpu.c ****     case 8:
 3187              		.loc 1 1263 9 is_stmt 1 view .LVU950
 3188 0062 E3E7     		b	.L243
 3189              	.L240:
1265:Modules/mpu6050/inv_mpu.c ****         break;
 3190              		.loc 1 1265 9 view .LVU951
1265:Modules/mpu6050/inv_mpu.c ****         break;
ARM GAS  C:\Users\FASCIN~1\AppData\Local\Temp\ccNBUjvk.s 			page 106


 3191              		.loc 1 1265 14 is_stmt 0 view .LVU952
 3192 0064 1023     		movs	r3, #16
 3193 0066 8DF80730 		strb	r3, [sp, #7]
1266:Modules/mpu6050/inv_mpu.c ****     case 16:
 3194              		.loc 1 1266 9 is_stmt 1 view .LVU953
 3195 006a DFE7     		b	.L243
 3196              	.L238:
1268:Modules/mpu6050/inv_mpu.c ****         break;
 3197              		.loc 1 1268 9 view .LVU954
1268:Modules/mpu6050/inv_mpu.c ****         break;
 3198              		.loc 1 1268 14 is_stmt 0 view .LVU955
 3199 006c 1823     		movs	r3, #24
 3200 006e 8DF80730 		strb	r3, [sp, #7]
1269:Modules/mpu6050/inv_mpu.c ****     default:
 3201              		.loc 1 1269 9 is_stmt 1 view .LVU956
 3202 0072 DBE7     		b	.L243
 3203              	.LVL210:
 3204              	.L244:
 3205              	.LCFI59:
 3206              		.cfi_def_cfa_offset 0
 3207              		.cfi_restore 14
1255:Modules/mpu6050/inv_mpu.c **** 
 3208              		.loc 1 1255 16 is_stmt 0 view .LVU957
 3209 0074 4FF0FF30 		mov	r0, #-1
 3210              	.LVL211:
1280:Modules/mpu6050/inv_mpu.c **** 
 3211              		.loc 1 1280 1 view .LVU958
 3212 0078 7047     		bx	lr
 3213              	.L245:
 3214              	.LCFI60:
 3215              		.cfi_def_cfa_offset 16
 3216              		.cfi_offset 14, -4
1257:Modules/mpu6050/inv_mpu.c ****     case 2:
 3217              		.loc 1 1257 5 view .LVU959
 3218 007a 4FF0FF30 		mov	r0, #-1
 3219              	.L236:
1280:Modules/mpu6050/inv_mpu.c **** 
 3220              		.loc 1 1280 1 view .LVU960
 3221 007e 03B0     		add	sp, sp, #12
 3222              	.LCFI61:
 3223              		.cfi_remember_state
 3224              		.cfi_def_cfa_offset 4
 3225              		@ sp needed
 3226 0080 5DF804FB 		ldr	pc, [sp], #4
 3227              	.L246:
 3228              	.LCFI62:
 3229              		.cfi_restore_state
1275:Modules/mpu6050/inv_mpu.c ****     if (i2c_write(st.hw->addr, st.reg->accel_cfg, 1, &data))
 3230              		.loc 1 1275 16 view .LVU961
 3231 0084 0020     		movs	r0, #0
 3232 0086 FAE7     		b	.L236
 3233              	.L247:
1277:Modules/mpu6050/inv_mpu.c ****     st.chip_cfg.accel_fsr = data >> 3;
 3234              		.loc 1 1277 16 view .LVU962
 3235 0088 4FF0FF30 		mov	r0, #-1
 3236 008c F7E7     		b	.L236
 3237              	.L253:
ARM GAS  C:\Users\FASCIN~1\AppData\Local\Temp\ccNBUjvk.s 			page 107


 3238 008e 00BF     		.align	2
 3239              	.L252:
 3240 0090 00000000 		.word	st
 3241              		.cfi_endproc
 3242              	.LFE81:
 3244              		.section	.text.mpu_get_lpf,"ax",%progbits
 3245              		.align	1
 3246              		.global	mpu_get_lpf
 3247              		.syntax unified
 3248              		.thumb
 3249              		.thumb_func
 3251              	mpu_get_lpf:
 3252              	.LVL212:
 3253              	.LFB82:
1288:Modules/mpu6050/inv_mpu.c ****     switch (st.chip_cfg.lpf) {
 3254              		.loc 1 1288 1 is_stmt 1 view -0
 3255              		.cfi_startproc
 3256              		@ args = 0, pretend = 0, frame = 0
 3257              		@ frame_needed = 0, uses_anonymous_args = 0
 3258              		@ link register save eliminated.
1289:Modules/mpu6050/inv_mpu.c ****     case INV_FILTER_188HZ:
 3259              		.loc 1 1289 5 view .LVU964
1289:Modules/mpu6050/inv_mpu.c ****     case INV_FILTER_188HZ:
 3260              		.loc 1 1289 24 is_stmt 0 view .LVU965
 3261 0000 0F4B     		ldr	r3, .L264
 3262 0002 DB7A     		ldrb	r3, [r3, #11]	@ zero_extendqisi2
1289:Modules/mpu6050/inv_mpu.c ****     case INV_FILTER_188HZ:
 3263              		.loc 1 1289 5 view .LVU966
 3264 0004 013B     		subs	r3, r3, #1
 3265 0006 052B     		cmp	r3, #5
 3266 0008 17D8     		bhi	.L255
 3267 000a DFE803F0 		tbb	[pc, r3]
 3268              	.L257:
 3269 000e 03       		.byte	(.L262-.L257)/2
 3270 000f 07       		.byte	(.L261-.L257)/2
 3271 0010 0A       		.byte	(.L260-.L257)/2
 3272 0011 0D       		.byte	(.L259-.L257)/2
 3273 0012 10       		.byte	(.L258-.L257)/2
 3274 0013 13       		.byte	(.L256-.L257)/2
 3275              		.p2align 1
 3276              	.L262:
1291:Modules/mpu6050/inv_mpu.c ****         break;
 3277              		.loc 1 1291 9 is_stmt 1 view .LVU967
1291:Modules/mpu6050/inv_mpu.c ****         break;
 3278              		.loc 1 1291 16 is_stmt 0 view .LVU968
 3279 0014 BC23     		movs	r3, #188
 3280 0016 0380     		strh	r3, [r0]	@ movhi
1292:Modules/mpu6050/inv_mpu.c ****     case INV_FILTER_98HZ:
 3281              		.loc 1 1292 9 is_stmt 1 view .LVU969
 3282              	.L263:
1314:Modules/mpu6050/inv_mpu.c **** }
 3283              		.loc 1 1314 5 view .LVU970
1315:Modules/mpu6050/inv_mpu.c **** 
 3284              		.loc 1 1315 1 is_stmt 0 view .LVU971
 3285 0018 0020     		movs	r0, #0
 3286              	.LVL213:
1315:Modules/mpu6050/inv_mpu.c **** 
ARM GAS  C:\Users\FASCIN~1\AppData\Local\Temp\ccNBUjvk.s 			page 108


 3287              		.loc 1 1315 1 view .LVU972
 3288 001a 7047     		bx	lr
 3289              	.LVL214:
 3290              	.L261:
1294:Modules/mpu6050/inv_mpu.c ****         break;
 3291              		.loc 1 1294 9 is_stmt 1 view .LVU973
1294:Modules/mpu6050/inv_mpu.c ****         break;
 3292              		.loc 1 1294 16 is_stmt 0 view .LVU974
 3293 001c 6223     		movs	r3, #98
 3294 001e 0380     		strh	r3, [r0]	@ movhi
1295:Modules/mpu6050/inv_mpu.c ****     case INV_FILTER_42HZ:
 3295              		.loc 1 1295 9 is_stmt 1 view .LVU975
 3296 0020 FAE7     		b	.L263
 3297              	.L260:
1297:Modules/mpu6050/inv_mpu.c ****         break;
 3298              		.loc 1 1297 9 view .LVU976
1297:Modules/mpu6050/inv_mpu.c ****         break;
 3299              		.loc 1 1297 16 is_stmt 0 view .LVU977
 3300 0022 2A23     		movs	r3, #42
 3301 0024 0380     		strh	r3, [r0]	@ movhi
1298:Modules/mpu6050/inv_mpu.c ****     case INV_FILTER_20HZ:
 3302              		.loc 1 1298 9 is_stmt 1 view .LVU978
 3303 0026 F7E7     		b	.L263
 3304              	.L259:
1300:Modules/mpu6050/inv_mpu.c ****         break;
 3305              		.loc 1 1300 9 view .LVU979
1300:Modules/mpu6050/inv_mpu.c ****         break;
 3306              		.loc 1 1300 16 is_stmt 0 view .LVU980
 3307 0028 1423     		movs	r3, #20
 3308 002a 0380     		strh	r3, [r0]	@ movhi
1301:Modules/mpu6050/inv_mpu.c ****     case INV_FILTER_10HZ:
 3309              		.loc 1 1301 9 is_stmt 1 view .LVU981
 3310 002c F4E7     		b	.L263
 3311              	.L258:
1303:Modules/mpu6050/inv_mpu.c ****         break;
 3312              		.loc 1 1303 9 view .LVU982
1303:Modules/mpu6050/inv_mpu.c ****         break;
 3313              		.loc 1 1303 16 is_stmt 0 view .LVU983
 3314 002e 0A23     		movs	r3, #10
 3315 0030 0380     		strh	r3, [r0]	@ movhi
1304:Modules/mpu6050/inv_mpu.c ****     case INV_FILTER_5HZ:
 3316              		.loc 1 1304 9 is_stmt 1 view .LVU984
 3317 0032 F1E7     		b	.L263
 3318              	.L256:
1306:Modules/mpu6050/inv_mpu.c ****         break;
 3319              		.loc 1 1306 9 view .LVU985
1306:Modules/mpu6050/inv_mpu.c ****         break;
 3320              		.loc 1 1306 16 is_stmt 0 view .LVU986
 3321 0034 0523     		movs	r3, #5
 3322 0036 0380     		strh	r3, [r0]	@ movhi
1307:Modules/mpu6050/inv_mpu.c ****     case INV_FILTER_256HZ_NOLPF2:
 3323              		.loc 1 1307 9 is_stmt 1 view .LVU987
 3324 0038 EEE7     		b	.L263
 3325              	.L255:
1311:Modules/mpu6050/inv_mpu.c ****         break;
 3326              		.loc 1 1311 9 view .LVU988
1311:Modules/mpu6050/inv_mpu.c ****         break;
ARM GAS  C:\Users\FASCIN~1\AppData\Local\Temp\ccNBUjvk.s 			page 109


 3327              		.loc 1 1311 16 is_stmt 0 view .LVU989
 3328 003a 0023     		movs	r3, #0
 3329 003c 0380     		strh	r3, [r0]	@ movhi
1312:Modules/mpu6050/inv_mpu.c ****     }
 3330              		.loc 1 1312 9 is_stmt 1 view .LVU990
 3331 003e EBE7     		b	.L263
 3332              	.L265:
 3333              		.align	2
 3334              	.L264:
 3335 0040 00000000 		.word	st
 3336              		.cfi_endproc
 3337              	.LFE82:
 3339              		.section	.text.mpu_set_lpf,"ax",%progbits
 3340              		.align	1
 3341              		.global	mpu_set_lpf
 3342              		.syntax unified
 3343              		.thumb
 3344              		.thumb_func
 3346              	mpu_set_lpf:
 3347              	.LVL215:
 3348              	.LFB83:
1324:Modules/mpu6050/inv_mpu.c ****     unsigned char data;
 3349              		.loc 1 1324 1 view -0
 3350              		.cfi_startproc
 3351              		@ args = 0, pretend = 0, frame = 8
 3352              		@ frame_needed = 0, uses_anonymous_args = 0
1325:Modules/mpu6050/inv_mpu.c **** 
 3353              		.loc 1 1325 5 view .LVU992
1327:Modules/mpu6050/inv_mpu.c ****         return -1;
 3354              		.loc 1 1327 5 view .LVU993
1327:Modules/mpu6050/inv_mpu.c ****         return -1;
 3355              		.loc 1 1327 22 is_stmt 0 view .LVU994
 3356 0000 234B     		ldr	r3, .L281
 3357 0002 9B7A     		ldrb	r3, [r3, #10]	@ zero_extendqisi2
1327:Modules/mpu6050/inv_mpu.c ****         return -1;
 3358              		.loc 1 1327 8 view .LVU995
 3359 0004 002B     		cmp	r3, #0
 3360 0006 3AD0     		beq	.L274
1324:Modules/mpu6050/inv_mpu.c ****     unsigned char data;
 3361              		.loc 1 1324 1 view .LVU996
 3362 0008 00B5     		push	{lr}
 3363              	.LCFI63:
 3364              		.cfi_def_cfa_offset 4
 3365              		.cfi_offset 14, -4
 3366 000a 83B0     		sub	sp, sp, #12
 3367              	.LCFI64:
 3368              		.cfi_def_cfa_offset 16
1330:Modules/mpu6050/inv_mpu.c ****         data = INV_FILTER_188HZ;
 3369              		.loc 1 1330 5 is_stmt 1 view .LVU997
1330:Modules/mpu6050/inv_mpu.c ****         data = INV_FILTER_188HZ;
 3370              		.loc 1 1330 8 is_stmt 0 view .LVU998
 3371 000c BB28     		cmp	r0, #187
 3372 000e 1AD9     		bls	.L268
1331:Modules/mpu6050/inv_mpu.c ****     else if (lpf >= 98)
 3373              		.loc 1 1331 9 is_stmt 1 view .LVU999
1331:Modules/mpu6050/inv_mpu.c ****     else if (lpf >= 98)
 3374              		.loc 1 1331 14 is_stmt 0 view .LVU1000
ARM GAS  C:\Users\FASCIN~1\AppData\Local\Temp\ccNBUjvk.s 			page 110


 3375 0010 0123     		movs	r3, #1
 3376 0012 8DF80730 		strb	r3, [sp, #7]
 3377              	.L269:
1343:Modules/mpu6050/inv_mpu.c ****         return 0;
 3378              		.loc 1 1343 5 is_stmt 1 view .LVU1001
1343:Modules/mpu6050/inv_mpu.c ****         return 0;
 3379              		.loc 1 1343 20 is_stmt 0 view .LVU1002
 3380 0016 1E4B     		ldr	r3, .L281
 3381 0018 DA7A     		ldrb	r2, [r3, #11]	@ zero_extendqisi2
1343:Modules/mpu6050/inv_mpu.c ****         return 0;
 3382              		.loc 1 1343 25 view .LVU1003
 3383 001a 9DF80730 		ldrb	r3, [sp, #7]	@ zero_extendqisi2
1343:Modules/mpu6050/inv_mpu.c ****         return 0;
 3384              		.loc 1 1343 8 view .LVU1004
 3385 001e 9A42     		cmp	r2, r3
 3386 0020 30D0     		beq	.L275
1345:Modules/mpu6050/inv_mpu.c ****         return -1;
 3387              		.loc 1 1345 5 is_stmt 1 view .LVU1005
1345:Modules/mpu6050/inv_mpu.c ****         return -1;
 3388              		.loc 1 1345 21 is_stmt 0 view .LVU1006
 3389 0022 1B4B     		ldr	r3, .L281
 3390 0024 5868     		ldr	r0, [r3, #4]
 3391              	.LVL216:
1345:Modules/mpu6050/inv_mpu.c ****         return -1;
 3392              		.loc 1 1345 34 view .LVU1007
 3393 0026 1968     		ldr	r1, [r3]
1345:Modules/mpu6050/inv_mpu.c ****         return -1;
 3394              		.loc 1 1345 9 view .LVU1008
 3395 0028 0DF10703 		add	r3, sp, #7
 3396 002c 0122     		movs	r2, #1
 3397 002e 8978     		ldrb	r1, [r1, #2]	@ zero_extendqisi2
 3398 0030 0078     		ldrb	r0, [r0]	@ zero_extendqisi2
 3399 0032 FFF7FEFF 		bl	MPU_Write_Len
 3400              	.LVL217:
1345:Modules/mpu6050/inv_mpu.c ****         return -1;
 3401              		.loc 1 1345 8 discriminator 1 view .LVU1009
 3402 0036 38BB     		cbnz	r0, .L276
1347:Modules/mpu6050/inv_mpu.c ****     return 0;
 3403              		.loc 1 1347 5 is_stmt 1 view .LVU1010
1347:Modules/mpu6050/inv_mpu.c ****     return 0;
 3404              		.loc 1 1347 21 is_stmt 0 view .LVU1011
 3405 0038 9DF80720 		ldrb	r2, [sp, #7]	@ zero_extendqisi2
 3406 003c 144B     		ldr	r3, .L281
 3407 003e DA72     		strb	r2, [r3, #11]
1348:Modules/mpu6050/inv_mpu.c **** }
 3408              		.loc 1 1348 5 is_stmt 1 view .LVU1012
 3409              	.L266:
1349:Modules/mpu6050/inv_mpu.c **** 
 3410              		.loc 1 1349 1 is_stmt 0 view .LVU1013
 3411 0040 03B0     		add	sp, sp, #12
 3412              	.LCFI65:
 3413              		.cfi_remember_state
 3414              		.cfi_def_cfa_offset 4
 3415              		@ sp needed
 3416 0042 5DF804FB 		ldr	pc, [sp], #4
 3417              	.LVL218:
 3418              	.L268:
ARM GAS  C:\Users\FASCIN~1\AppData\Local\Temp\ccNBUjvk.s 			page 111


 3419              	.LCFI66:
 3420              		.cfi_restore_state
1332:Modules/mpu6050/inv_mpu.c ****         data = INV_FILTER_98HZ;
 3421              		.loc 1 1332 10 is_stmt 1 view .LVU1014
1332:Modules/mpu6050/inv_mpu.c ****         data = INV_FILTER_98HZ;
 3422              		.loc 1 1332 13 is_stmt 0 view .LVU1015
 3423 0046 6128     		cmp	r0, #97
 3424 0048 03D9     		bls	.L270
1333:Modules/mpu6050/inv_mpu.c ****     else if (lpf >= 42)
 3425              		.loc 1 1333 9 is_stmt 1 view .LVU1016
1333:Modules/mpu6050/inv_mpu.c ****     else if (lpf >= 42)
 3426              		.loc 1 1333 14 is_stmt 0 view .LVU1017
 3427 004a 0223     		movs	r3, #2
 3428 004c 8DF80730 		strb	r3, [sp, #7]
 3429 0050 E1E7     		b	.L269
 3430              	.L270:
1334:Modules/mpu6050/inv_mpu.c ****         data = INV_FILTER_42HZ;
 3431              		.loc 1 1334 10 is_stmt 1 view .LVU1018
1334:Modules/mpu6050/inv_mpu.c ****         data = INV_FILTER_42HZ;
 3432              		.loc 1 1334 13 is_stmt 0 view .LVU1019
 3433 0052 2928     		cmp	r0, #41
 3434 0054 03D9     		bls	.L271
1335:Modules/mpu6050/inv_mpu.c ****     else if (lpf >= 20)
 3435              		.loc 1 1335 9 is_stmt 1 view .LVU1020
1335:Modules/mpu6050/inv_mpu.c ****     else if (lpf >= 20)
 3436              		.loc 1 1335 14 is_stmt 0 view .LVU1021
 3437 0056 0323     		movs	r3, #3
 3438 0058 8DF80730 		strb	r3, [sp, #7]
 3439 005c DBE7     		b	.L269
 3440              	.L271:
1336:Modules/mpu6050/inv_mpu.c ****         data = INV_FILTER_20HZ;
 3441              		.loc 1 1336 10 is_stmt 1 view .LVU1022
1336:Modules/mpu6050/inv_mpu.c ****         data = INV_FILTER_20HZ;
 3442              		.loc 1 1336 13 is_stmt 0 view .LVU1023
 3443 005e 1328     		cmp	r0, #19
 3444 0060 03D9     		bls	.L272
1337:Modules/mpu6050/inv_mpu.c ****     else if (lpf >= 10)
 3445              		.loc 1 1337 9 is_stmt 1 view .LVU1024
1337:Modules/mpu6050/inv_mpu.c ****     else if (lpf >= 10)
 3446              		.loc 1 1337 14 is_stmt 0 view .LVU1025
 3447 0062 0423     		movs	r3, #4
 3448 0064 8DF80730 		strb	r3, [sp, #7]
 3449 0068 D5E7     		b	.L269
 3450              	.L272:
1338:Modules/mpu6050/inv_mpu.c ****         data = INV_FILTER_10HZ;
 3451              		.loc 1 1338 10 is_stmt 1 view .LVU1026
1338:Modules/mpu6050/inv_mpu.c ****         data = INV_FILTER_10HZ;
 3452              		.loc 1 1338 13 is_stmt 0 view .LVU1027
 3453 006a 0928     		cmp	r0, #9
 3454 006c 03D9     		bls	.L273
1339:Modules/mpu6050/inv_mpu.c ****     else
 3455              		.loc 1 1339 9 is_stmt 1 view .LVU1028
1339:Modules/mpu6050/inv_mpu.c ****     else
 3456              		.loc 1 1339 14 is_stmt 0 view .LVU1029
 3457 006e 0523     		movs	r3, #5
 3458 0070 8DF80730 		strb	r3, [sp, #7]
 3459 0074 CFE7     		b	.L269
ARM GAS  C:\Users\FASCIN~1\AppData\Local\Temp\ccNBUjvk.s 			page 112


 3460              	.L273:
1341:Modules/mpu6050/inv_mpu.c **** 
 3461              		.loc 1 1341 9 is_stmt 1 view .LVU1030
1341:Modules/mpu6050/inv_mpu.c **** 
 3462              		.loc 1 1341 14 is_stmt 0 view .LVU1031
 3463 0076 0623     		movs	r3, #6
 3464 0078 8DF80730 		strb	r3, [sp, #7]
 3465 007c CBE7     		b	.L269
 3466              	.L274:
 3467              	.LCFI67:
 3468              		.cfi_def_cfa_offset 0
 3469              		.cfi_restore 14
1328:Modules/mpu6050/inv_mpu.c **** 
 3470              		.loc 1 1328 16 view .LVU1032
 3471 007e 4FF0FF30 		mov	r0, #-1
 3472              	.LVL219:
1349:Modules/mpu6050/inv_mpu.c **** 
 3473              		.loc 1 1349 1 view .LVU1033
 3474 0082 7047     		bx	lr
 3475              	.LVL220:
 3476              	.L275:
 3477              	.LCFI68:
 3478              		.cfi_def_cfa_offset 16
 3479              		.cfi_offset 14, -4
1344:Modules/mpu6050/inv_mpu.c ****     if (i2c_write(st.hw->addr, st.reg->lpf, 1, &data))
 3480              		.loc 1 1344 16 view .LVU1034
 3481 0084 0020     		movs	r0, #0
 3482              	.LVL221:
1344:Modules/mpu6050/inv_mpu.c ****     if (i2c_write(st.hw->addr, st.reg->lpf, 1, &data))
 3483              		.loc 1 1344 16 view .LVU1035
 3484 0086 DBE7     		b	.L266
 3485              	.L276:
1346:Modules/mpu6050/inv_mpu.c ****     st.chip_cfg.lpf = data;
 3486              		.loc 1 1346 16 view .LVU1036
 3487 0088 4FF0FF30 		mov	r0, #-1
 3488 008c D8E7     		b	.L266
 3489              	.L282:
 3490 008e 00BF     		.align	2
 3491              	.L281:
 3492 0090 00000000 		.word	st
 3493              		.cfi_endproc
 3494              	.LFE83:
 3496              		.section	.text.mpu_get_sample_rate,"ax",%progbits
 3497              		.align	1
 3498              		.global	mpu_get_sample_rate
 3499              		.syntax unified
 3500              		.thumb
 3501              		.thumb_func
 3503              	mpu_get_sample_rate:
 3504              	.LVL222:
 3505              	.LFB84:
1357:Modules/mpu6050/inv_mpu.c ****     if (st.chip_cfg.dmp_on)
 3506              		.loc 1 1357 1 is_stmt 1 view -0
 3507              		.cfi_startproc
 3508              		@ args = 0, pretend = 0, frame = 0
 3509              		@ frame_needed = 0, uses_anonymous_args = 0
 3510              		@ link register save eliminated.
ARM GAS  C:\Users\FASCIN~1\AppData\Local\Temp\ccNBUjvk.s 			page 113


1358:Modules/mpu6050/inv_mpu.c ****         return -1;
 3511              		.loc 1 1358 5 view .LVU1038
1358:Modules/mpu6050/inv_mpu.c ****         return -1;
 3512              		.loc 1 1358 20 is_stmt 0 view .LVU1039
 3513 0000 054B     		ldr	r3, .L286
 3514 0002 93F82430 		ldrb	r3, [r3, #36]	@ zero_extendqisi2
1358:Modules/mpu6050/inv_mpu.c ****         return -1;
 3515              		.loc 1 1358 8 view .LVU1040
 3516 0006 23B9     		cbnz	r3, .L285
1361:Modules/mpu6050/inv_mpu.c ****     return 0;
 3517              		.loc 1 1361 9 is_stmt 1 view .LVU1041
1361:Modules/mpu6050/inv_mpu.c ****     return 0;
 3518              		.loc 1 1361 30 is_stmt 0 view .LVU1042
 3519 0008 034B     		ldr	r3, .L286
 3520 000a DB89     		ldrh	r3, [r3, #14]
1361:Modules/mpu6050/inv_mpu.c ****     return 0;
 3521              		.loc 1 1361 17 view .LVU1043
 3522 000c 0380     		strh	r3, [r0]	@ movhi
1362:Modules/mpu6050/inv_mpu.c **** }
 3523              		.loc 1 1362 5 is_stmt 1 view .LVU1044
1362:Modules/mpu6050/inv_mpu.c **** }
 3524              		.loc 1 1362 12 is_stmt 0 view .LVU1045
 3525 000e 0020     		movs	r0, #0
 3526              	.LVL223:
1362:Modules/mpu6050/inv_mpu.c **** }
 3527              		.loc 1 1362 12 view .LVU1046
 3528 0010 7047     		bx	lr
 3529              	.LVL224:
 3530              	.L285:
1359:Modules/mpu6050/inv_mpu.c ****     else
 3531              		.loc 1 1359 16 view .LVU1047
 3532 0012 4FF0FF30 		mov	r0, #-1
 3533              	.LVL225:
1363:Modules/mpu6050/inv_mpu.c **** 
 3534              		.loc 1 1363 1 view .LVU1048
 3535 0016 7047     		bx	lr
 3536              	.L287:
 3537              		.align	2
 3538              	.L286:
 3539 0018 00000000 		.word	st
 3540              		.cfi_endproc
 3541              	.LFE84:
 3543              		.section	.text.mpu_get_compass_sample_rate,"ax",%progbits
 3544              		.align	1
 3545              		.global	mpu_get_compass_sample_rate
 3546              		.syntax unified
 3547              		.thumb
 3548              		.thumb_func
 3550              	mpu_get_compass_sample_rate:
 3551              	.LVL226:
 3552              	.LFB86:
1419:Modules/mpu6050/inv_mpu.c **** #ifdef AK89xx_SECONDARY
 3553              		.loc 1 1419 1 is_stmt 1 view -0
 3554              		.cfi_startproc
 3555              		@ args = 0, pretend = 0, frame = 0
 3556              		@ frame_needed = 0, uses_anonymous_args = 0
 3557              		@ link register save eliminated.
ARM GAS  C:\Users\FASCIN~1\AppData\Local\Temp\ccNBUjvk.s 			page 114


1424:Modules/mpu6050/inv_mpu.c ****     return -1;
 3558              		.loc 1 1424 5 view .LVU1050
1424:Modules/mpu6050/inv_mpu.c ****     return -1;
 3559              		.loc 1 1424 13 is_stmt 0 view .LVU1051
 3560 0000 0023     		movs	r3, #0
 3561 0002 0380     		strh	r3, [r0]	@ movhi
1425:Modules/mpu6050/inv_mpu.c **** #endif
 3562              		.loc 1 1425 5 is_stmt 1 view .LVU1052
1427:Modules/mpu6050/inv_mpu.c **** 
 3563              		.loc 1 1427 1 is_stmt 0 view .LVU1053
 3564 0004 4FF0FF30 		mov	r0, #-1
 3565              	.LVL227:
1427:Modules/mpu6050/inv_mpu.c **** 
 3566              		.loc 1 1427 1 view .LVU1054
 3567 0008 7047     		bx	lr
 3568              		.cfi_endproc
 3569              	.LFE86:
 3571              		.section	.text.mpu_set_compass_sample_rate,"ax",%progbits
 3572              		.align	1
 3573              		.global	mpu_set_compass_sample_rate
 3574              		.syntax unified
 3575              		.thumb
 3576              		.thumb_func
 3578              	mpu_set_compass_sample_rate:
 3579              	.LVL228:
 3580              	.LFB87:
1441:Modules/mpu6050/inv_mpu.c **** #ifdef AK89xx_SECONDARY
 3581              		.loc 1 1441 1 is_stmt 1 view -0
 3582              		.cfi_startproc
 3583              		@ args = 0, pretend = 0, frame = 0
 3584              		@ frame_needed = 0, uses_anonymous_args = 0
 3585              		@ link register save eliminated.
1453:Modules/mpu6050/inv_mpu.c **** #endif
 3586              		.loc 1 1453 5 view .LVU1056
1455:Modules/mpu6050/inv_mpu.c **** 
 3587              		.loc 1 1455 1 is_stmt 0 view .LVU1057
 3588 0000 4FF0FF30 		mov	r0, #-1
 3589              	.LVL229:
1455:Modules/mpu6050/inv_mpu.c **** 
 3590              		.loc 1 1455 1 view .LVU1058
 3591 0004 7047     		bx	lr
 3592              		.cfi_endproc
 3593              	.LFE87:
 3595              		.section	.text.mpu_get_gyro_sens,"ax",%progbits
 3596              		.align	1
 3597              		.global	mpu_get_gyro_sens
 3598              		.syntax unified
 3599              		.thumb
 3600              		.thumb_func
 3602              	mpu_get_gyro_sens:
 3603              	.LVL230:
 3604              	.LFB88:
1463:Modules/mpu6050/inv_mpu.c ****     switch (st.chip_cfg.gyro_fsr) {
 3605              		.loc 1 1463 1 is_stmt 1 view -0
 3606              		.cfi_startproc
 3607              		@ args = 0, pretend = 0, frame = 0
 3608              		@ frame_needed = 0, uses_anonymous_args = 0
ARM GAS  C:\Users\FASCIN~1\AppData\Local\Temp\ccNBUjvk.s 			page 115


 3609              		@ link register save eliminated.
1464:Modules/mpu6050/inv_mpu.c ****     case INV_FSR_250DPS:
 3610              		.loc 1 1464 5 view .LVU1060
1464:Modules/mpu6050/inv_mpu.c ****     case INV_FSR_250DPS:
 3611              		.loc 1 1464 24 is_stmt 0 view .LVU1061
 3612 0000 0D4B     		ldr	r3, .L298
 3613 0002 1B7A     		ldrb	r3, [r3, #8]	@ zero_extendqisi2
1464:Modules/mpu6050/inv_mpu.c ****     case INV_FSR_250DPS:
 3614              		.loc 1 1464 5 view .LVU1062
 3615 0004 032B     		cmp	r3, #3
 3616 0006 13D8     		bhi	.L297
 3617 0008 DFE803F0 		tbb	[pc, r3]
 3618              	.L293:
 3619 000c 02       		.byte	(.L296-.L293)/2
 3620 000d 06       		.byte	(.L295-.L293)/2
 3621 000e 0A       		.byte	(.L294-.L293)/2
 3622 000f 0E       		.byte	(.L292-.L293)/2
 3623              		.p2align 1
 3624              	.L296:
1466:Modules/mpu6050/inv_mpu.c ****         break;
 3625              		.loc 1 1466 9 is_stmt 1 view .LVU1063
1466:Modules/mpu6050/inv_mpu.c ****         break;
 3626              		.loc 1 1466 17 is_stmt 0 view .LVU1064
 3627 0010 0A4B     		ldr	r3, .L298+4
 3628 0012 0360     		str	r3, [r0]	@ float
1467:Modules/mpu6050/inv_mpu.c ****     case INV_FSR_500DPS:
 3629              		.loc 1 1467 9 is_stmt 1 view .LVU1065
1480:Modules/mpu6050/inv_mpu.c **** }
 3630              		.loc 1 1480 12 is_stmt 0 view .LVU1066
 3631 0014 0020     		movs	r0, #0
 3632              	.LVL231:
1467:Modules/mpu6050/inv_mpu.c ****     case INV_FSR_500DPS:
 3633              		.loc 1 1467 9 view .LVU1067
 3634 0016 7047     		bx	lr
 3635              	.LVL232:
 3636              	.L295:
1469:Modules/mpu6050/inv_mpu.c ****         break;
 3637              		.loc 1 1469 9 is_stmt 1 view .LVU1068
1469:Modules/mpu6050/inv_mpu.c ****         break;
 3638              		.loc 1 1469 17 is_stmt 0 view .LVU1069
 3639 0018 094B     		ldr	r3, .L298+8
 3640 001a 0360     		str	r3, [r0]	@ float
1470:Modules/mpu6050/inv_mpu.c ****     case INV_FSR_1000DPS:
 3641              		.loc 1 1470 9 is_stmt 1 view .LVU1070
1480:Modules/mpu6050/inv_mpu.c **** }
 3642              		.loc 1 1480 12 is_stmt 0 view .LVU1071
 3643 001c 0020     		movs	r0, #0
 3644              	.LVL233:
1470:Modules/mpu6050/inv_mpu.c ****     case INV_FSR_1000DPS:
 3645              		.loc 1 1470 9 view .LVU1072
 3646 001e 7047     		bx	lr
 3647              	.LVL234:
 3648              	.L294:
1472:Modules/mpu6050/inv_mpu.c ****         break;
 3649              		.loc 1 1472 9 is_stmt 1 view .LVU1073
1472:Modules/mpu6050/inv_mpu.c ****         break;
 3650              		.loc 1 1472 17 is_stmt 0 view .LVU1074
ARM GAS  C:\Users\FASCIN~1\AppData\Local\Temp\ccNBUjvk.s 			page 116


 3651 0020 084B     		ldr	r3, .L298+12
 3652 0022 0360     		str	r3, [r0]	@ float
1473:Modules/mpu6050/inv_mpu.c ****     case INV_FSR_2000DPS:
 3653              		.loc 1 1473 9 is_stmt 1 view .LVU1075
1480:Modules/mpu6050/inv_mpu.c **** }
 3654              		.loc 1 1480 12 is_stmt 0 view .LVU1076
 3655 0024 0020     		movs	r0, #0
 3656              	.LVL235:
1473:Modules/mpu6050/inv_mpu.c ****     case INV_FSR_2000DPS:
 3657              		.loc 1 1473 9 view .LVU1077
 3658 0026 7047     		bx	lr
 3659              	.LVL236:
 3660              	.L292:
1475:Modules/mpu6050/inv_mpu.c ****         break;
 3661              		.loc 1 1475 9 is_stmt 1 view .LVU1078
1475:Modules/mpu6050/inv_mpu.c ****         break;
 3662              		.loc 1 1475 17 is_stmt 0 view .LVU1079
 3663 0028 074B     		ldr	r3, .L298+16
 3664 002a 0360     		str	r3, [r0]	@ float
1476:Modules/mpu6050/inv_mpu.c ****     default:
 3665              		.loc 1 1476 9 is_stmt 1 view .LVU1080
1480:Modules/mpu6050/inv_mpu.c **** }
 3666              		.loc 1 1480 12 is_stmt 0 view .LVU1081
 3667 002c 0020     		movs	r0, #0
 3668              	.LVL237:
1476:Modules/mpu6050/inv_mpu.c ****     default:
 3669              		.loc 1 1476 9 view .LVU1082
 3670 002e 7047     		bx	lr
 3671              	.LVL238:
 3672              	.L297:
1464:Modules/mpu6050/inv_mpu.c ****     case INV_FSR_250DPS:
 3673              		.loc 1 1464 5 view .LVU1083
 3674 0030 4FF0FF30 		mov	r0, #-1
 3675              	.LVL239:
1481:Modules/mpu6050/inv_mpu.c **** 
 3676              		.loc 1 1481 1 view .LVU1084
 3677 0034 7047     		bx	lr
 3678              	.L299:
 3679 0036 00BF     		.align	2
 3680              	.L298:
 3681 0038 00000000 		.word	st
 3682 003c 00000343 		.word	1124270080
 3683 0040 00008342 		.word	1115881472
 3684 0044 33330342 		.word	1107505971
 3685 0048 33338341 		.word	1099117363
 3686              		.cfi_endproc
 3687              	.LFE88:
 3689              		.section	.text.mpu_get_accel_sens,"ax",%progbits
 3690              		.align	1
 3691              		.global	mpu_get_accel_sens
 3692              		.syntax unified
 3693              		.thumb
 3694              		.thumb_func
 3696              	mpu_get_accel_sens:
 3697              	.LVL240:
 3698              	.LFB89:
1489:Modules/mpu6050/inv_mpu.c ****     switch (st.chip_cfg.accel_fsr) {
ARM GAS  C:\Users\FASCIN~1\AppData\Local\Temp\ccNBUjvk.s 			page 117


 3699              		.loc 1 1489 1 is_stmt 1 view -0
 3700              		.cfi_startproc
 3701              		@ args = 0, pretend = 0, frame = 0
 3702              		@ frame_needed = 0, uses_anonymous_args = 0
 3703              		@ link register save eliminated.
1490:Modules/mpu6050/inv_mpu.c ****     case INV_FSR_2G:
 3704              		.loc 1 1490 5 view .LVU1086
1490:Modules/mpu6050/inv_mpu.c ****     case INV_FSR_2G:
 3705              		.loc 1 1490 24 is_stmt 0 view .LVU1087
 3706 0000 114B     		ldr	r3, .L310
 3707 0002 5B7A     		ldrb	r3, [r3, #9]	@ zero_extendqisi2
1490:Modules/mpu6050/inv_mpu.c ****     case INV_FSR_2G:
 3708              		.loc 1 1490 5 view .LVU1088
 3709 0004 032B     		cmp	r3, #3
 3710 0006 1AD8     		bhi	.L308
 3711 0008 DFE803F0 		tbb	[pc, r3]
 3712              	.L303:
 3713 000c 02       		.byte	(.L306-.L303)/2
 3714 000d 0D       		.byte	(.L305-.L303)/2
 3715 000e 11       		.byte	(.L304-.L303)/2
 3716 000f 15       		.byte	(.L302-.L303)/2
 3717              		.p2align 1
 3718              	.L306:
1492:Modules/mpu6050/inv_mpu.c ****         break;
 3719              		.loc 1 1492 9 is_stmt 1 view .LVU1089
1492:Modules/mpu6050/inv_mpu.c ****         break;
 3720              		.loc 1 1492 17 is_stmt 0 view .LVU1090
 3721 0010 4FF48043 		mov	r3, #16384
 3722 0014 0380     		strh	r3, [r0]	@ movhi
1493:Modules/mpu6050/inv_mpu.c ****     case INV_FSR_4G:
 3723              		.loc 1 1493 9 is_stmt 1 view .LVU1091
 3724              	.L307:
1506:Modules/mpu6050/inv_mpu.c ****         sens[0] >>= 1;
 3725              		.loc 1 1506 5 view .LVU1092
1506:Modules/mpu6050/inv_mpu.c ****         sens[0] >>= 1;
 3726              		.loc 1 1506 20 is_stmt 0 view .LVU1093
 3727 0016 0C4B     		ldr	r3, .L310
 3728 0018 DB7C     		ldrb	r3, [r3, #19]	@ zero_extendqisi2
1506:Modules/mpu6050/inv_mpu.c ****         sens[0] >>= 1;
 3729              		.loc 1 1506 8 view .LVU1094
 3730 001a 9BB1     		cbz	r3, .L309
1507:Modules/mpu6050/inv_mpu.c ****     return 0;
 3731              		.loc 1 1507 9 is_stmt 1 view .LVU1095
1507:Modules/mpu6050/inv_mpu.c ****     return 0;
 3732              		.loc 1 1507 13 is_stmt 0 view .LVU1096
 3733 001c 0388     		ldrh	r3, [r0]
1507:Modules/mpu6050/inv_mpu.c ****     return 0;
 3734              		.loc 1 1507 17 view .LVU1097
 3735 001e 5B08     		lsrs	r3, r3, #1
 3736 0020 0380     		strh	r3, [r0]	@ movhi
1508:Modules/mpu6050/inv_mpu.c **** }
 3737              		.loc 1 1508 12 view .LVU1098
 3738 0022 0020     		movs	r0, #0
 3739              	.LVL241:
1508:Modules/mpu6050/inv_mpu.c **** }
 3740              		.loc 1 1508 12 view .LVU1099
 3741 0024 7047     		bx	lr
ARM GAS  C:\Users\FASCIN~1\AppData\Local\Temp\ccNBUjvk.s 			page 118


 3742              	.LVL242:
 3743              	.L305:
1495:Modules/mpu6050/inv_mpu.c ****         break;
 3744              		.loc 1 1495 9 is_stmt 1 view .LVU1100
1495:Modules/mpu6050/inv_mpu.c ****         break;
 3745              		.loc 1 1495 17 is_stmt 0 view .LVU1101
 3746 0026 41F69C73 		movw	r3, #8092
 3747 002a 0380     		strh	r3, [r0]	@ movhi
1496:Modules/mpu6050/inv_mpu.c ****     case INV_FSR_8G:
 3748              		.loc 1 1496 9 is_stmt 1 view .LVU1102
 3749 002c F3E7     		b	.L307
 3750              	.L304:
1498:Modules/mpu6050/inv_mpu.c ****         break;
 3751              		.loc 1 1498 9 view .LVU1103
1498:Modules/mpu6050/inv_mpu.c ****         break;
 3752              		.loc 1 1498 17 is_stmt 0 view .LVU1104
 3753 002e 4FF48053 		mov	r3, #4096
 3754 0032 0380     		strh	r3, [r0]	@ movhi
1499:Modules/mpu6050/inv_mpu.c ****     case INV_FSR_16G:
 3755              		.loc 1 1499 9 is_stmt 1 view .LVU1105
 3756 0034 EFE7     		b	.L307
 3757              	.L302:
1501:Modules/mpu6050/inv_mpu.c ****         break;
 3758              		.loc 1 1501 9 view .LVU1106
1501:Modules/mpu6050/inv_mpu.c ****         break;
 3759              		.loc 1 1501 17 is_stmt 0 view .LVU1107
 3760 0036 4FF40063 		mov	r3, #2048
 3761 003a 0380     		strh	r3, [r0]	@ movhi
1502:Modules/mpu6050/inv_mpu.c ****     default:
 3762              		.loc 1 1502 9 is_stmt 1 view .LVU1108
 3763 003c EBE7     		b	.L307
 3764              	.L308:
1490:Modules/mpu6050/inv_mpu.c ****     case INV_FSR_2G:
 3765              		.loc 1 1490 5 is_stmt 0 view .LVU1109
 3766 003e 4FF0FF30 		mov	r0, #-1
 3767              	.LVL243:
1490:Modules/mpu6050/inv_mpu.c ****     case INV_FSR_2G:
 3768              		.loc 1 1490 5 view .LVU1110
 3769 0042 7047     		bx	lr
 3770              	.LVL244:
 3771              	.L309:
1508:Modules/mpu6050/inv_mpu.c **** }
 3772              		.loc 1 1508 12 view .LVU1111
 3773 0044 0020     		movs	r0, #0
 3774              	.LVL245:
1509:Modules/mpu6050/inv_mpu.c **** 
 3775              		.loc 1 1509 1 view .LVU1112
 3776 0046 7047     		bx	lr
 3777              	.L311:
 3778              		.align	2
 3779              	.L310:
 3780 0048 00000000 		.word	st
 3781              		.cfi_endproc
 3782              	.LFE89:
 3784              		.section	.text.mpu_get_fifo_config,"ax",%progbits
 3785              		.align	1
 3786              		.global	mpu_get_fifo_config
ARM GAS  C:\Users\FASCIN~1\AppData\Local\Temp\ccNBUjvk.s 			page 119


 3787              		.syntax unified
 3788              		.thumb
 3789              		.thumb_func
 3791              	mpu_get_fifo_config:
 3792              	.LVL246:
 3793              	.LFB90:
1521:Modules/mpu6050/inv_mpu.c ****     sensors[0] = st.chip_cfg.fifo_enable;
 3794              		.loc 1 1521 1 is_stmt 1 view -0
 3795              		.cfi_startproc
 3796              		@ args = 0, pretend = 0, frame = 0
 3797              		@ frame_needed = 0, uses_anonymous_args = 0
 3798              		@ link register save eliminated.
1522:Modules/mpu6050/inv_mpu.c ****     return 0;
 3799              		.loc 1 1522 5 view .LVU1114
1522:Modules/mpu6050/inv_mpu.c ****     return 0;
 3800              		.loc 1 1522 29 is_stmt 0 view .LVU1115
 3801 0000 024B     		ldr	r3, .L313
 3802 0002 1B7C     		ldrb	r3, [r3, #16]	@ zero_extendqisi2
1522:Modules/mpu6050/inv_mpu.c ****     return 0;
 3803              		.loc 1 1522 16 view .LVU1116
 3804 0004 0370     		strb	r3, [r0]
1523:Modules/mpu6050/inv_mpu.c **** }
 3805              		.loc 1 1523 5 is_stmt 1 view .LVU1117
1524:Modules/mpu6050/inv_mpu.c **** 
 3806              		.loc 1 1524 1 is_stmt 0 view .LVU1118
 3807 0006 0020     		movs	r0, #0
 3808              	.LVL247:
1524:Modules/mpu6050/inv_mpu.c **** 
 3809              		.loc 1 1524 1 view .LVU1119
 3810 0008 7047     		bx	lr
 3811              	.L314:
 3812 000a 00BF     		.align	2
 3813              	.L313:
 3814 000c 00000000 		.word	st
 3815              		.cfi_endproc
 3816              	.LFE90:
 3818              		.section	.text.mpu_configure_fifo,"ax",%progbits
 3819              		.align	1
 3820              		.global	mpu_configure_fifo
 3821              		.syntax unified
 3822              		.thumb
 3823              		.thumb_func
 3825              	mpu_configure_fifo:
 3826              	.LVL248:
 3827              	.LFB91:
1536:Modules/mpu6050/inv_mpu.c ****     unsigned char prev;
 3828              		.loc 1 1536 1 is_stmt 1 view -0
 3829              		.cfi_startproc
 3830              		@ args = 0, pretend = 0, frame = 0
 3831              		@ frame_needed = 0, uses_anonymous_args = 0
1536:Modules/mpu6050/inv_mpu.c ****     unsigned char prev;
 3832              		.loc 1 1536 1 is_stmt 0 view .LVU1121
 3833 0000 70B5     		push	{r4, r5, r6, lr}
 3834              	.LCFI69:
 3835              		.cfi_def_cfa_offset 16
 3836              		.cfi_offset 4, -16
 3837              		.cfi_offset 5, -12
ARM GAS  C:\Users\FASCIN~1\AppData\Local\Temp\ccNBUjvk.s 			page 120


 3838              		.cfi_offset 6, -8
 3839              		.cfi_offset 14, -4
1537:Modules/mpu6050/inv_mpu.c ****     int result = 0;
 3840              		.loc 1 1537 5 is_stmt 1 view .LVU1122
1538:Modules/mpu6050/inv_mpu.c **** 
 3841              		.loc 1 1538 5 view .LVU1123
 3842              	.LVL249:
1541:Modules/mpu6050/inv_mpu.c **** 
 3843              		.loc 1 1541 5 view .LVU1124
1543:Modules/mpu6050/inv_mpu.c ****         return 0;
 3844              		.loc 1 1543 5 view .LVU1125
1543:Modules/mpu6050/inv_mpu.c ****         return 0;
 3845              		.loc 1 1543 20 is_stmt 0 view .LVU1126
 3846 0002 174B     		ldr	r3, .L326
 3847 0004 93F82430 		ldrb	r3, [r3, #36]	@ zero_extendqisi2
1543:Modules/mpu6050/inv_mpu.c ****         return 0;
 3848              		.loc 1 1543 8 view .LVU1127
 3849 0008 2BBB     		cbnz	r3, .L321
 3850 000a 00F0FE04 		and	r4, r0, #254
1546:Modules/mpu6050/inv_mpu.c ****             return -1;
 3851              		.loc 1 1546 9 is_stmt 1 view .LVU1128
1546:Modules/mpu6050/inv_mpu.c ****             return -1;
 3852              		.loc 1 1546 26 is_stmt 0 view .LVU1129
 3853 000e 144B     		ldr	r3, .L326
 3854 0010 9B7A     		ldrb	r3, [r3, #10]	@ zero_extendqisi2
1546:Modules/mpu6050/inv_mpu.c ****             return -1;
 3855              		.loc 1 1546 12 view .LVU1130
 3856 0012 13B3     		cbz	r3, .L322
1548:Modules/mpu6050/inv_mpu.c ****         st.chip_cfg.fifo_enable = sensors & st.chip_cfg.sensors;
 3857              		.loc 1 1548 9 is_stmt 1 view .LVU1131
1548:Modules/mpu6050/inv_mpu.c ****         st.chip_cfg.fifo_enable = sensors & st.chip_cfg.sensors;
 3858              		.loc 1 1548 14 is_stmt 0 view .LVU1132
 3859 0014 124A     		ldr	r2, .L326
 3860 0016 167C     		ldrb	r6, [r2, #16]	@ zero_extendqisi2
 3861              	.LVL250:
1549:Modules/mpu6050/inv_mpu.c ****         if (st.chip_cfg.fifo_enable != sensors)
 3862              		.loc 1 1549 9 is_stmt 1 view .LVU1133
1549:Modules/mpu6050/inv_mpu.c ****         if (st.chip_cfg.fifo_enable != sensors)
 3863              		.loc 1 1549 33 is_stmt 0 view .LVU1134
 3864 0018 2340     		ands	r3, r3, r4
 3865 001a 1374     		strb	r3, [r2, #16]
1550:Modules/mpu6050/inv_mpu.c ****             /* You're not getting what you asked for. Some sensors are
 3866              		.loc 1 1550 9 is_stmt 1 view .LVU1135
1550:Modules/mpu6050/inv_mpu.c ****             /* You're not getting what you asked for. Some sensors are
 3867              		.loc 1 1550 12 is_stmt 0 view .LVU1136
 3868 001c A342     		cmp	r3, r4
 3869 001e 0BD0     		beq	.L323
1554:Modules/mpu6050/inv_mpu.c ****         else
 3870              		.loc 1 1554 20 view .LVU1137
 3871 0020 4FF0FF35 		mov	r5, #-1
 3872              	.L317:
 3873              	.LVL251:
1557:Modules/mpu6050/inv_mpu.c ****             set_int_enable(1);
 3874              		.loc 1 1557 9 is_stmt 1 view .LVU1138
1557:Modules/mpu6050/inv_mpu.c ****             set_int_enable(1);
 3875              		.loc 1 1557 12 is_stmt 0 view .LVU1139
 3876 0024 14B9     		cbnz	r4, .L318
ARM GAS  C:\Users\FASCIN~1\AppData\Local\Temp\ccNBUjvk.s 			page 121


1557:Modules/mpu6050/inv_mpu.c ****             set_int_enable(1);
 3877              		.loc 1 1557 35 discriminator 1 view .LVU1140
 3878 0026 0E4B     		ldr	r3, .L326
 3879 0028 1B7D     		ldrb	r3, [r3, #20]	@ zero_extendqisi2
1557:Modules/mpu6050/inv_mpu.c ****             set_int_enable(1);
 3880              		.loc 1 1557 21 discriminator 1 view .LVU1141
 3881 002a 3BB1     		cbz	r3, .L319
 3882              	.L318:
1558:Modules/mpu6050/inv_mpu.c ****         else
 3883              		.loc 1 1558 13 is_stmt 1 view .LVU1142
 3884 002c 0120     		movs	r0, #1
 3885 002e FFF7FEFF 		bl	set_int_enable
 3886              	.LVL252:
 3887              	.L320:
1561:Modules/mpu6050/inv_mpu.c ****             if (mpu_reset_fifo()) {
 3888              		.loc 1 1561 9 view .LVU1143
1561:Modules/mpu6050/inv_mpu.c ****             if (mpu_reset_fifo()) {
 3889              		.loc 1 1561 12 is_stmt 0 view .LVU1144
 3890 0032 3CB9     		cbnz	r4, .L325
 3891              	.LVL253:
 3892              	.L315:
1570:Modules/mpu6050/inv_mpu.c **** 
 3893              		.loc 1 1570 1 view .LVU1145
 3894 0034 2846     		mov	r0, r5
 3895 0036 70BD     		pop	{r4, r5, r6, pc}
 3896              	.LVL254:
 3897              	.L323:
1556:Modules/mpu6050/inv_mpu.c ****         if (sensors || st.chip_cfg.lp_accel_mode)
 3898              		.loc 1 1556 20 view .LVU1146
 3899 0038 0025     		movs	r5, #0
 3900 003a F3E7     		b	.L317
 3901              	.LVL255:
 3902              	.L319:
1560:Modules/mpu6050/inv_mpu.c ****         if (sensors) {
 3903              		.loc 1 1560 13 is_stmt 1 view .LVU1147
 3904 003c 0020     		movs	r0, #0
 3905 003e FFF7FEFF 		bl	set_int_enable
 3906              	.LVL256:
 3907 0042 F6E7     		b	.L320
 3908              	.L325:
1562:Modules/mpu6050/inv_mpu.c ****                 st.chip_cfg.fifo_enable = prev;
 3909              		.loc 1 1562 13 view .LVU1148
1562:Modules/mpu6050/inv_mpu.c ****                 st.chip_cfg.fifo_enable = prev;
 3910              		.loc 1 1562 17 is_stmt 0 view .LVU1149
 3911 0044 FFF7FEFF 		bl	mpu_reset_fifo
 3912              	.LVL257:
1562:Modules/mpu6050/inv_mpu.c ****                 st.chip_cfg.fifo_enable = prev;
 3913              		.loc 1 1562 16 discriminator 1 view .LVU1150
 3914 0048 0028     		cmp	r0, #0
 3915 004a F3D0     		beq	.L315
1563:Modules/mpu6050/inv_mpu.c ****                 return -1;
 3916              		.loc 1 1563 17 is_stmt 1 view .LVU1151
1563:Modules/mpu6050/inv_mpu.c ****                 return -1;
 3917              		.loc 1 1563 41 is_stmt 0 view .LVU1152
 3918 004c 044B     		ldr	r3, .L326
 3919 004e 1E74     		strb	r6, [r3, #16]
1564:Modules/mpu6050/inv_mpu.c ****             }
ARM GAS  C:\Users\FASCIN~1\AppData\Local\Temp\ccNBUjvk.s 			page 122


 3920              		.loc 1 1564 17 is_stmt 1 view .LVU1153
1564:Modules/mpu6050/inv_mpu.c ****             }
 3921              		.loc 1 1564 24 is_stmt 0 view .LVU1154
 3922 0050 4FF0FF35 		mov	r5, #-1
 3923              	.LVL258:
1564:Modules/mpu6050/inv_mpu.c ****             }
 3924              		.loc 1 1564 24 view .LVU1155
 3925 0054 EEE7     		b	.L315
 3926              	.LVL259:
 3927              	.L321:
1544:Modules/mpu6050/inv_mpu.c ****     else {
 3928              		.loc 1 1544 16 view .LVU1156
 3929 0056 0025     		movs	r5, #0
 3930 0058 ECE7     		b	.L315
 3931              	.L322:
1547:Modules/mpu6050/inv_mpu.c ****         prev = st.chip_cfg.fifo_enable;
 3932              		.loc 1 1547 20 view .LVU1157
 3933 005a 4FF0FF35 		mov	r5, #-1
 3934 005e E9E7     		b	.L315
 3935              	.L327:
 3936              		.align	2
 3937              	.L326:
 3938 0060 00000000 		.word	st
 3939              		.cfi_endproc
 3940              	.LFE91:
 3942              		.section	.text.mpu_get_power_state,"ax",%progbits
 3943              		.align	1
 3944              		.global	mpu_get_power_state
 3945              		.syntax unified
 3946              		.thumb
 3947              		.thumb_func
 3949              	mpu_get_power_state:
 3950              	.LVL260:
 3951              	.LFB92:
1578:Modules/mpu6050/inv_mpu.c ****     if (st.chip_cfg.sensors)
 3952              		.loc 1 1578 1 is_stmt 1 view -0
 3953              		.cfi_startproc
 3954              		@ args = 0, pretend = 0, frame = 0
 3955              		@ frame_needed = 0, uses_anonymous_args = 0
 3956              		@ link register save eliminated.
1579:Modules/mpu6050/inv_mpu.c ****         power_on[0] = 1;
 3957              		.loc 1 1579 5 view .LVU1159
1579:Modules/mpu6050/inv_mpu.c ****         power_on[0] = 1;
 3958              		.loc 1 1579 20 is_stmt 0 view .LVU1160
 3959 0000 044B     		ldr	r3, .L331
 3960 0002 9B7A     		ldrb	r3, [r3, #10]	@ zero_extendqisi2
1579:Modules/mpu6050/inv_mpu.c ****         power_on[0] = 1;
 3961              		.loc 1 1579 8 view .LVU1161
 3962 0004 1BB1     		cbz	r3, .L329
1580:Modules/mpu6050/inv_mpu.c ****     else
 3963              		.loc 1 1580 9 is_stmt 1 view .LVU1162
1580:Modules/mpu6050/inv_mpu.c ****     else
 3964              		.loc 1 1580 21 is_stmt 0 view .LVU1163
 3965 0006 0123     		movs	r3, #1
 3966 0008 0370     		strb	r3, [r0]
 3967              	.L330:
1583:Modules/mpu6050/inv_mpu.c **** }
ARM GAS  C:\Users\FASCIN~1\AppData\Local\Temp\ccNBUjvk.s 			page 123


 3968              		.loc 1 1583 5 is_stmt 1 view .LVU1164
1584:Modules/mpu6050/inv_mpu.c **** 
 3969              		.loc 1 1584 1 is_stmt 0 view .LVU1165
 3970 000a 0020     		movs	r0, #0
 3971              	.LVL261:
1584:Modules/mpu6050/inv_mpu.c **** 
 3972              		.loc 1 1584 1 view .LVU1166
 3973 000c 7047     		bx	lr
 3974              	.LVL262:
 3975              	.L329:
1582:Modules/mpu6050/inv_mpu.c ****     return 0;
 3976              		.loc 1 1582 9 is_stmt 1 view .LVU1167
1582:Modules/mpu6050/inv_mpu.c ****     return 0;
 3977              		.loc 1 1582 21 is_stmt 0 view .LVU1168
 3978 000e 0023     		movs	r3, #0
 3979 0010 0370     		strb	r3, [r0]
 3980 0012 FAE7     		b	.L330
 3981              	.L332:
 3982              		.align	2
 3983              	.L331:
 3984 0014 00000000 		.word	st
 3985              		.cfi_endproc
 3986              	.LFE92:
 3988              		.section	.text.mpu_get_int_status,"ax",%progbits
 3989              		.align	1
 3990              		.global	mpu_get_int_status
 3991              		.syntax unified
 3992              		.thumb
 3993              		.thumb_func
 3995              	mpu_get_int_status:
 3996              	.LVL263:
 3997              	.LFB94:
1674:Modules/mpu6050/inv_mpu.c ****     unsigned char tmp[2];
 3998              		.loc 1 1674 1 is_stmt 1 view -0
 3999              		.cfi_startproc
 4000              		@ args = 0, pretend = 0, frame = 8
 4001              		@ frame_needed = 0, uses_anonymous_args = 0
1675:Modules/mpu6050/inv_mpu.c ****     if (!st.chip_cfg.sensors)
 4002              		.loc 1 1675 5 view .LVU1170
1676:Modules/mpu6050/inv_mpu.c ****         return -1;
 4003              		.loc 1 1676 5 view .LVU1171
1676:Modules/mpu6050/inv_mpu.c ****         return -1;
 4004              		.loc 1 1676 21 is_stmt 0 view .LVU1172
 4005 0000 0F4B     		ldr	r3, .L341
 4006 0002 9B7A     		ldrb	r3, [r3, #10]	@ zero_extendqisi2
1676:Modules/mpu6050/inv_mpu.c ****         return -1;
 4007              		.loc 1 1676 8 view .LVU1173
 4008 0004 ABB1     		cbz	r3, .L335
1674:Modules/mpu6050/inv_mpu.c ****     unsigned char tmp[2];
 4009              		.loc 1 1674 1 view .LVU1174
 4010 0006 10B5     		push	{r4, lr}
 4011              	.LCFI70:
 4012              		.cfi_def_cfa_offset 8
 4013              		.cfi_offset 4, -8
 4014              		.cfi_offset 14, -4
 4015 0008 82B0     		sub	sp, sp, #8
 4016              	.LCFI71:
ARM GAS  C:\Users\FASCIN~1\AppData\Local\Temp\ccNBUjvk.s 			page 124


 4017              		.cfi_def_cfa_offset 16
 4018 000a 0446     		mov	r4, r0
1678:Modules/mpu6050/inv_mpu.c ****         return -1;
 4019              		.loc 1 1678 5 is_stmt 1 view .LVU1175
1678:Modules/mpu6050/inv_mpu.c ****         return -1;
 4020              		.loc 1 1678 20 is_stmt 0 view .LVU1176
 4021 000c 0C4B     		ldr	r3, .L341
 4022 000e 5868     		ldr	r0, [r3, #4]
 4023              	.LVL264:
1678:Modules/mpu6050/inv_mpu.c ****         return -1;
 4024              		.loc 1 1678 33 view .LVU1177
 4025 0010 1968     		ldr	r1, [r3]
1678:Modules/mpu6050/inv_mpu.c ****         return -1;
 4026              		.loc 1 1678 9 view .LVU1178
 4027 0012 01AB     		add	r3, sp, #4
 4028 0014 0222     		movs	r2, #2
 4029 0016 097C     		ldrb	r1, [r1, #16]	@ zero_extendqisi2
 4030 0018 0078     		ldrb	r0, [r0]	@ zero_extendqisi2
 4031 001a FFF7FEFF 		bl	MPU_Read_Len
 4032              	.LVL265:
1678:Modules/mpu6050/inv_mpu.c ****         return -1;
 4033              		.loc 1 1678 8 discriminator 1 view .LVU1179
 4034 001e 58B9     		cbnz	r0, .L336
1680:Modules/mpu6050/inv_mpu.c ****     return 0;
 4035              		.loc 1 1680 5 is_stmt 1 view .LVU1180
1680:Modules/mpu6050/inv_mpu.c ****     return 0;
 4036              		.loc 1 1680 21 is_stmt 0 view .LVU1181
 4037 0020 9DF80420 		ldrb	r2, [sp, #4]	@ zero_extendqisi2
1680:Modules/mpu6050/inv_mpu.c ****     return 0;
 4038              		.loc 1 1680 36 view .LVU1182
 4039 0024 9DF80530 		ldrb	r3, [sp, #5]	@ zero_extendqisi2
1680:Modules/mpu6050/inv_mpu.c ****     return 0;
 4040              		.loc 1 1680 31 view .LVU1183
 4041 0028 43EA0223 		orr	r3, r3, r2, lsl #8
1680:Modules/mpu6050/inv_mpu.c ****     return 0;
 4042              		.loc 1 1680 15 view .LVU1184
 4043 002c 2380     		strh	r3, [r4]	@ movhi
1681:Modules/mpu6050/inv_mpu.c **** }
 4044              		.loc 1 1681 5 is_stmt 1 view .LVU1185
 4045              	.L333:
1682:Modules/mpu6050/inv_mpu.c **** 
 4046              		.loc 1 1682 1 is_stmt 0 view .LVU1186
 4047 002e 02B0     		add	sp, sp, #8
 4048              	.LCFI72:
 4049              		.cfi_def_cfa_offset 8
 4050              		@ sp needed
 4051 0030 10BD     		pop	{r4, pc}
 4052              	.LVL266:
 4053              	.L335:
 4054              	.LCFI73:
 4055              		.cfi_def_cfa_offset 0
 4056              		.cfi_restore 4
 4057              		.cfi_restore 14
1677:Modules/mpu6050/inv_mpu.c ****     if (i2c_read(st.hw->addr, st.reg->dmp_int_status, 2, tmp))
 4058              		.loc 1 1677 16 view .LVU1187
 4059 0032 4FF0FF30 		mov	r0, #-1
 4060              	.LVL267:
ARM GAS  C:\Users\FASCIN~1\AppData\Local\Temp\ccNBUjvk.s 			page 125


1682:Modules/mpu6050/inv_mpu.c **** 
 4061              		.loc 1 1682 1 view .LVU1188
 4062 0036 7047     		bx	lr
 4063              	.LVL268:
 4064              	.L336:
 4065              	.LCFI74:
 4066              		.cfi_def_cfa_offset 16
 4067              		.cfi_offset 4, -8
 4068              		.cfi_offset 14, -4
1679:Modules/mpu6050/inv_mpu.c ****     status[0] = (tmp[0] << 8) | tmp[1];
 4069              		.loc 1 1679 16 view .LVU1189
 4070 0038 4FF0FF30 		mov	r0, #-1
 4071 003c F7E7     		b	.L333
 4072              	.L342:
 4073 003e 00BF     		.align	2
 4074              	.L341:
 4075 0040 00000000 		.word	st
 4076              		.cfi_endproc
 4077              	.LFE94:
 4079              		.section	.text.mpu_read_fifo,"ax",%progbits
 4080              		.align	1
 4081              		.global	mpu_read_fifo
 4082              		.syntax unified
 4083              		.thumb
 4084              		.thumb_func
 4086              	mpu_read_fifo:
 4087              	.LVL269:
 4088              	.LFB95:
1704:Modules/mpu6050/inv_mpu.c ****     /* Assumes maximum packet size is gyro (6) + accel (6). */
 4089              		.loc 1 1704 1 is_stmt 1 view -0
 4090              		.cfi_startproc
 4091              		@ args = 4, pretend = 0, frame = 16
 4092              		@ frame_needed = 0, uses_anonymous_args = 0
1704:Modules/mpu6050/inv_mpu.c ****     /* Assumes maximum packet size is gyro (6) + accel (6). */
 4093              		.loc 1 1704 1 is_stmt 0 view .LVU1191
 4094 0000 2DE9F043 		push	{r4, r5, r6, r7, r8, r9, lr}
 4095              	.LCFI75:
 4096              		.cfi_def_cfa_offset 28
 4097              		.cfi_offset 4, -28
 4098              		.cfi_offset 5, -24
 4099              		.cfi_offset 6, -20
 4100              		.cfi_offset 7, -16
 4101              		.cfi_offset 8, -12
 4102              		.cfi_offset 9, -8
 4103              		.cfi_offset 14, -4
 4104 0004 85B0     		sub	sp, sp, #20
 4105              	.LCFI76:
 4106              		.cfi_def_cfa_offset 48
 4107 0006 1E46     		mov	r6, r3
1706:Modules/mpu6050/inv_mpu.c ****     unsigned char packet_size = 0;
 4108              		.loc 1 1706 5 is_stmt 1 view .LVU1192
1707:Modules/mpu6050/inv_mpu.c ****     unsigned short fifo_count, index = 0;
 4109              		.loc 1 1707 5 view .LVU1193
 4110              	.LVL270:
1708:Modules/mpu6050/inv_mpu.c **** 
 4111              		.loc 1 1708 5 view .LVU1194
1710:Modules/mpu6050/inv_mpu.c ****         return -1;
ARM GAS  C:\Users\FASCIN~1\AppData\Local\Temp\ccNBUjvk.s 			page 126


 4112              		.loc 1 1710 5 view .LVU1195
1710:Modules/mpu6050/inv_mpu.c ****         return -1;
 4113              		.loc 1 1710 20 is_stmt 0 view .LVU1196
 4114 0008 7C4B     		ldr	r3, .L367
 4115              	.LVL271:
1710:Modules/mpu6050/inv_mpu.c ****         return -1;
 4116              		.loc 1 1710 20 view .LVU1197
 4117 000a 93F82430 		ldrb	r3, [r3, #36]	@ zero_extendqisi2
1710:Modules/mpu6050/inv_mpu.c ****         return -1;
 4118              		.loc 1 1710 8 view .LVU1198
 4119 000e 002B     		cmp	r3, #0
 4120 0010 40F0D980 		bne	.L353
 4121 0014 0746     		mov	r7, r0
 4122 0016 8846     		mov	r8, r1
1713:Modules/mpu6050/inv_mpu.c ****     if (!st.chip_cfg.sensors)
 4123              		.loc 1 1713 5 is_stmt 1 view .LVU1199
1713:Modules/mpu6050/inv_mpu.c ****     if (!st.chip_cfg.sensors)
 4124              		.loc 1 1713 16 is_stmt 0 view .LVU1200
 4125 0018 3370     		strb	r3, [r6]
1714:Modules/mpu6050/inv_mpu.c ****         return -1;
 4126              		.loc 1 1714 5 is_stmt 1 view .LVU1201
1714:Modules/mpu6050/inv_mpu.c ****         return -1;
 4127              		.loc 1 1714 21 is_stmt 0 view .LVU1202
 4128 001a 784B     		ldr	r3, .L367
 4129 001c 9B7A     		ldrb	r3, [r3, #10]	@ zero_extendqisi2
1714:Modules/mpu6050/inv_mpu.c ****         return -1;
 4130              		.loc 1 1714 8 view .LVU1203
 4131 001e 002B     		cmp	r3, #0
 4132 0020 00F0D480 		beq	.L354
1716:Modules/mpu6050/inv_mpu.c ****         return -1;
 4133              		.loc 1 1716 5 is_stmt 1 view .LVU1204
1716:Modules/mpu6050/inv_mpu.c ****         return -1;
 4134              		.loc 1 1716 21 is_stmt 0 view .LVU1205
 4135 0024 754B     		ldr	r3, .L367
 4136 0026 1A7C     		ldrb	r2, [r3, #16]	@ zero_extendqisi2
 4137              	.LVL272:
1716:Modules/mpu6050/inv_mpu.c ****         return -1;
 4138              		.loc 1 1716 8 view .LVU1206
 4139 0028 002A     		cmp	r2, #0
 4140 002a 00F0D280 		beq	.L355
1719:Modules/mpu6050/inv_mpu.c ****         packet_size += 2;
 4141              		.loc 1 1719 5 is_stmt 1 view .LVU1207
1719:Modules/mpu6050/inv_mpu.c ****         packet_size += 2;
 4142              		.loc 1 1719 8 is_stmt 0 view .LVU1208
 4143 002e 12F04004 		ands	r4, r2, #64
 4144 0032 00D0     		beq	.L345
1720:Modules/mpu6050/inv_mpu.c ****     if (st.chip_cfg.fifo_enable & INV_Y_GYRO)
 4145              		.loc 1 1720 21 view .LVU1209
 4146 0034 0224     		movs	r4, #2
 4147              	.L345:
 4148              	.LVL273:
1721:Modules/mpu6050/inv_mpu.c ****         packet_size += 2;
 4149              		.loc 1 1721 5 is_stmt 1 view .LVU1210
1721:Modules/mpu6050/inv_mpu.c ****         packet_size += 2;
 4150              		.loc 1 1721 8 is_stmt 0 view .LVU1211
 4151 0036 12F0200F 		tst	r2, #32
 4152 003a 01D0     		beq	.L346
ARM GAS  C:\Users\FASCIN~1\AppData\Local\Temp\ccNBUjvk.s 			page 127


1722:Modules/mpu6050/inv_mpu.c ****     if (st.chip_cfg.fifo_enable & INV_Z_GYRO)
 4153              		.loc 1 1722 9 is_stmt 1 view .LVU1212
1722:Modules/mpu6050/inv_mpu.c ****     if (st.chip_cfg.fifo_enable & INV_Z_GYRO)
 4154              		.loc 1 1722 21 is_stmt 0 view .LVU1213
 4155 003c 0234     		adds	r4, r4, #2
 4156              	.LVL274:
1722:Modules/mpu6050/inv_mpu.c ****     if (st.chip_cfg.fifo_enable & INV_Z_GYRO)
 4157              		.loc 1 1722 21 view .LVU1214
 4158 003e E4B2     		uxtb	r4, r4
 4159              	.LVL275:
 4160              	.L346:
1723:Modules/mpu6050/inv_mpu.c ****         packet_size += 2;
 4161              		.loc 1 1723 5 is_stmt 1 view .LVU1215
1723:Modules/mpu6050/inv_mpu.c ****         packet_size += 2;
 4162              		.loc 1 1723 8 is_stmt 0 view .LVU1216
 4163 0040 12F0100F 		tst	r2, #16
 4164 0044 01D0     		beq	.L347
1724:Modules/mpu6050/inv_mpu.c ****     if (st.chip_cfg.fifo_enable & INV_XYZ_ACCEL)
 4165              		.loc 1 1724 9 is_stmt 1 view .LVU1217
1724:Modules/mpu6050/inv_mpu.c ****     if (st.chip_cfg.fifo_enable & INV_XYZ_ACCEL)
 4166              		.loc 1 1724 21 is_stmt 0 view .LVU1218
 4167 0046 0234     		adds	r4, r4, #2
 4168              	.LVL276:
1724:Modules/mpu6050/inv_mpu.c ****     if (st.chip_cfg.fifo_enable & INV_XYZ_ACCEL)
 4169              		.loc 1 1724 21 view .LVU1219
 4170 0048 E4B2     		uxtb	r4, r4
 4171              	.LVL277:
 4172              	.L347:
1725:Modules/mpu6050/inv_mpu.c ****         packet_size += 6;
 4173              		.loc 1 1725 5 is_stmt 1 view .LVU1220
1725:Modules/mpu6050/inv_mpu.c ****         packet_size += 6;
 4174              		.loc 1 1725 8 is_stmt 0 view .LVU1221
 4175 004a 12F0080F 		tst	r2, #8
 4176 004e 01D0     		beq	.L348
1726:Modules/mpu6050/inv_mpu.c **** 
 4177              		.loc 1 1726 9 is_stmt 1 view .LVU1222
1726:Modules/mpu6050/inv_mpu.c **** 
 4178              		.loc 1 1726 21 is_stmt 0 view .LVU1223
 4179 0050 0634     		adds	r4, r4, #6
 4180              	.LVL278:
1726:Modules/mpu6050/inv_mpu.c **** 
 4181              		.loc 1 1726 21 view .LVU1224
 4182 0052 E4B2     		uxtb	r4, r4
 4183              	.LVL279:
 4184              	.L348:
1728:Modules/mpu6050/inv_mpu.c ****         return -1;
 4185              		.loc 1 1728 5 is_stmt 1 view .LVU1225
1728:Modules/mpu6050/inv_mpu.c ****         return -1;
 4186              		.loc 1 1728 20 is_stmt 0 view .LVU1226
 4187 0054 694B     		ldr	r3, .L367
 4188 0056 5868     		ldr	r0, [r3, #4]
 4189              	.LVL280:
1728:Modules/mpu6050/inv_mpu.c ****         return -1;
 4190              		.loc 1 1728 33 view .LVU1227
 4191 0058 1968     		ldr	r1, [r3]
 4192              	.LVL281:
1728:Modules/mpu6050/inv_mpu.c ****         return -1;
ARM GAS  C:\Users\FASCIN~1\AppData\Local\Temp\ccNBUjvk.s 			page 128


 4193              		.loc 1 1728 9 view .LVU1228
 4194 005a 01AB     		add	r3, sp, #4
 4195 005c 0222     		movs	r2, #2
 4196 005e 897A     		ldrb	r1, [r1, #10]	@ zero_extendqisi2
 4197 0060 0078     		ldrb	r0, [r0]	@ zero_extendqisi2
 4198 0062 FFF7FEFF 		bl	MPU_Read_Len
 4199              	.LVL282:
1728:Modules/mpu6050/inv_mpu.c ****         return -1;
 4200              		.loc 1 1728 8 discriminator 1 view .LVU1229
 4201 0066 0028     		cmp	r0, #0
 4202 0068 40F0B680 		bne	.L357
1730:Modules/mpu6050/inv_mpu.c ****     if (fifo_count < packet_size)
 4203              		.loc 1 1730 5 is_stmt 1 view .LVU1230
1730:Modules/mpu6050/inv_mpu.c ****     if (fifo_count < packet_size)
 4204              		.loc 1 1730 23 is_stmt 0 view .LVU1231
 4205 006c 9DF80430 		ldrb	r3, [sp, #4]	@ zero_extendqisi2
1730:Modules/mpu6050/inv_mpu.c ****     if (fifo_count < packet_size)
 4206              		.loc 1 1730 39 view .LVU1232
 4207 0070 9DF80550 		ldrb	r5, [sp, #5]	@ zero_extendqisi2
1730:Modules/mpu6050/inv_mpu.c ****     if (fifo_count < packet_size)
 4208              		.loc 1 1730 16 view .LVU1233
 4209 0074 45EA0325 		orr	r5, r5, r3, lsl #8
 4210              	.LVL283:
1731:Modules/mpu6050/inv_mpu.c ****         return 0;
 4211              		.loc 1 1731 5 is_stmt 1 view .LVU1234
1731:Modules/mpu6050/inv_mpu.c ****         return 0;
 4212              		.loc 1 1731 20 is_stmt 0 view .LVU1235
 4213 0078 A146     		mov	r9, r4
1731:Modules/mpu6050/inv_mpu.c ****         return 0;
 4214              		.loc 1 1731 8 view .LVU1236
 4215 007a AC42     		cmp	r4, r5
 4216 007c 00F2AF80 		bhi	.L358
1734:Modules/mpu6050/inv_mpu.c ****         /* FIFO is 50% full, better check overflow bit. */
 4217              		.loc 1 1734 5 is_stmt 1 view .LVU1237
1734:Modules/mpu6050/inv_mpu.c ****         /* FIFO is 50% full, better check overflow bit. */
 4218              		.loc 1 1734 25 is_stmt 0 view .LVU1238
 4219 0080 5E4B     		ldr	r3, .L367
 4220 0082 5868     		ldr	r0, [r3, #4]
1734:Modules/mpu6050/inv_mpu.c ****         /* FIFO is 50% full, better check overflow bit. */
 4221              		.loc 1 1734 28 view .LVU1239
 4222 0084 4388     		ldrh	r3, [r0, #2]
1734:Modules/mpu6050/inv_mpu.c ****         /* FIFO is 50% full, better check overflow bit. */
 4223              		.loc 1 1734 8 view .LVU1240
 4224 0086 B5EB530F 		cmp	r5, r3, lsr #1
 4225 008a 0FD9     		bls	.L349
1736:Modules/mpu6050/inv_mpu.c ****             return -1;
 4226              		.loc 1 1736 9 is_stmt 1 view .LVU1241
1736:Modules/mpu6050/inv_mpu.c ****             return -1;
 4227              		.loc 1 1736 37 is_stmt 0 view .LVU1242
 4228 008c 5B4B     		ldr	r3, .L367
 4229 008e 1968     		ldr	r1, [r3]
1736:Modules/mpu6050/inv_mpu.c ****             return -1;
 4230              		.loc 1 1736 13 view .LVU1243
 4231 0090 01AB     		add	r3, sp, #4
 4232 0092 0122     		movs	r2, #1
 4233 0094 497C     		ldrb	r1, [r1, #17]	@ zero_extendqisi2
 4234 0096 0078     		ldrb	r0, [r0]	@ zero_extendqisi2
ARM GAS  C:\Users\FASCIN~1\AppData\Local\Temp\ccNBUjvk.s 			page 129


 4235 0098 FFF7FEFF 		bl	MPU_Read_Len
 4236              	.LVL284:
1736:Modules/mpu6050/inv_mpu.c ****             return -1;
 4237              		.loc 1 1736 12 discriminator 1 view .LVU1244
 4238 009c 0028     		cmp	r0, #0
 4239 009e 40F0A280 		bne	.L359
1738:Modules/mpu6050/inv_mpu.c ****             mpu_reset_fifo();
 4240              		.loc 1 1738 9 is_stmt 1 view .LVU1245
1738:Modules/mpu6050/inv_mpu.c ****             mpu_reset_fifo();
 4241              		.loc 1 1738 17 is_stmt 0 view .LVU1246
 4242 00a2 9DF80430 		ldrb	r3, [sp, #4]	@ zero_extendqisi2
1738:Modules/mpu6050/inv_mpu.c ****             mpu_reset_fifo();
 4243              		.loc 1 1738 12 view .LVU1247
 4244 00a6 13F0100F 		tst	r3, #16
 4245 00aa 37D1     		bne	.L366
 4246              	.L349:
1743:Modules/mpu6050/inv_mpu.c **** 
 4247              		.loc 1 1743 5 is_stmt 1 view .LVU1248
1745:Modules/mpu6050/inv_mpu.c ****         return -1;
 4248              		.loc 1 1745 5 view .LVU1249
1745:Modules/mpu6050/inv_mpu.c ****         return -1;
 4249              		.loc 1 1745 20 is_stmt 0 view .LVU1250
 4250 00ac 534B     		ldr	r3, .L367
 4251 00ae 5868     		ldr	r0, [r3, #4]
1745:Modules/mpu6050/inv_mpu.c ****         return -1;
 4252              		.loc 1 1745 33 view .LVU1251
 4253 00b0 1968     		ldr	r1, [r3]
1745:Modules/mpu6050/inv_mpu.c ****         return -1;
 4254              		.loc 1 1745 9 view .LVU1252
 4255 00b2 01AB     		add	r3, sp, #4
 4256 00b4 2246     		mov	r2, r4
 4257 00b6 C97A     		ldrb	r1, [r1, #11]	@ zero_extendqisi2
 4258 00b8 0078     		ldrb	r0, [r0]	@ zero_extendqisi2
 4259 00ba FFF7FEFF 		bl	MPU_Read_Len
 4260              	.LVL285:
1745:Modules/mpu6050/inv_mpu.c ****         return -1;
 4261              		.loc 1 1745 8 discriminator 1 view .LVU1253
 4262 00be 0028     		cmp	r0, #0
 4263 00c0 40F09480 		bne	.L360
1747:Modules/mpu6050/inv_mpu.c ****     sensors[0] = 0;
 4264              		.loc 1 1747 5 is_stmt 1 view .LVU1254
1747:Modules/mpu6050/inv_mpu.c ****     sensors[0] = 0;
 4265              		.loc 1 1747 26 is_stmt 0 view .LVU1255
 4266 00c4 95FBF4F5 		sdiv	r5, r5, r4
 4267              	.LVL286:
1747:Modules/mpu6050/inv_mpu.c ****     sensors[0] = 0;
 4268              		.loc 1 1747 40 view .LVU1256
 4269 00c8 013D     		subs	r5, r5, #1
1747:Modules/mpu6050/inv_mpu.c ****     sensors[0] = 0;
 4270              		.loc 1 1747 13 view .LVU1257
 4271 00ca 0C9B     		ldr	r3, [sp, #48]
 4272 00cc 1D70     		strb	r5, [r3]
1748:Modules/mpu6050/inv_mpu.c **** 
 4273              		.loc 1 1748 5 is_stmt 1 view .LVU1258
1748:Modules/mpu6050/inv_mpu.c **** 
 4274              		.loc 1 1748 16 is_stmt 0 view .LVU1259
 4275 00ce 0023     		movs	r3, #0
ARM GAS  C:\Users\FASCIN~1\AppData\Local\Temp\ccNBUjvk.s 			page 130


 4276 00d0 3370     		strb	r3, [r6]
1750:Modules/mpu6050/inv_mpu.c ****         accel[0] = (data[index+0] << 8) | data[index+1];
 4277              		.loc 1 1750 5 is_stmt 1 view .LVU1260
1750:Modules/mpu6050/inv_mpu.c ****         accel[0] = (data[index+0] << 8) | data[index+1];
 4278              		.loc 1 1750 8 is_stmt 0 view .LVU1261
 4279 00d2 002C     		cmp	r4, #0
 4280 00d4 43D0     		beq	.L361
1750:Modules/mpu6050/inv_mpu.c ****         accel[0] = (data[index+0] << 8) | data[index+1];
 4281              		.loc 1 1750 46 discriminator 1 view .LVU1262
 4282 00d6 494B     		ldr	r3, .L367
 4283 00d8 1B7C     		ldrb	r3, [r3, #16]	@ zero_extendqisi2
1750:Modules/mpu6050/inv_mpu.c ****         accel[0] = (data[index+0] << 8) | data[index+1];
 4284              		.loc 1 1750 32 discriminator 1 view .LVU1263
 4285 00da 13F0080F 		tst	r3, #8
 4286 00de 22D0     		beq	.L362
1751:Modules/mpu6050/inv_mpu.c ****         accel[1] = (data[index+2] << 8) | data[index+3];
 4287              		.loc 1 1751 9 is_stmt 1 view .LVU1264
1751:Modules/mpu6050/inv_mpu.c ****         accel[1] = (data[index+2] << 8) | data[index+3];
 4288              		.loc 1 1751 25 is_stmt 0 view .LVU1265
 4289 00e0 9DF80420 		ldrb	r2, [sp, #4]	@ zero_extendqisi2
1751:Modules/mpu6050/inv_mpu.c ****         accel[1] = (data[index+2] << 8) | data[index+3];
 4290              		.loc 1 1751 47 view .LVU1266
 4291 00e4 9DF80530 		ldrb	r3, [sp, #5]	@ zero_extendqisi2
1751:Modules/mpu6050/inv_mpu.c ****         accel[1] = (data[index+2] << 8) | data[index+3];
 4292              		.loc 1 1751 41 view .LVU1267
 4293 00e8 43EA0223 		orr	r3, r3, r2, lsl #8
1751:Modules/mpu6050/inv_mpu.c ****         accel[1] = (data[index+2] << 8) | data[index+3];
 4294              		.loc 1 1751 18 view .LVU1268
 4295 00ec A8F80030 		strh	r3, [r8]	@ movhi
1752:Modules/mpu6050/inv_mpu.c ****         accel[2] = (data[index+4] << 8) | data[index+5];
 4296              		.loc 1 1752 9 is_stmt 1 view .LVU1269
1752:Modules/mpu6050/inv_mpu.c ****         accel[2] = (data[index+4] << 8) | data[index+5];
 4297              		.loc 1 1752 25 is_stmt 0 view .LVU1270
 4298 00f0 9DF80620 		ldrb	r2, [sp, #6]	@ zero_extendqisi2
1752:Modules/mpu6050/inv_mpu.c ****         accel[2] = (data[index+4] << 8) | data[index+5];
 4299              		.loc 1 1752 47 view .LVU1271
 4300 00f4 9DF80730 		ldrb	r3, [sp, #7]	@ zero_extendqisi2
1752:Modules/mpu6050/inv_mpu.c ****         accel[2] = (data[index+4] << 8) | data[index+5];
 4301              		.loc 1 1752 41 view .LVU1272
 4302 00f8 43EA0223 		orr	r3, r3, r2, lsl #8
1752:Modules/mpu6050/inv_mpu.c ****         accel[2] = (data[index+4] << 8) | data[index+5];
 4303              		.loc 1 1752 18 view .LVU1273
 4304 00fc A8F80230 		strh	r3, [r8, #2]	@ movhi
1753:Modules/mpu6050/inv_mpu.c ****         sensors[0] |= INV_XYZ_ACCEL;
 4305              		.loc 1 1753 9 is_stmt 1 view .LVU1274
1753:Modules/mpu6050/inv_mpu.c ****         sensors[0] |= INV_XYZ_ACCEL;
 4306              		.loc 1 1753 25 is_stmt 0 view .LVU1275
 4307 0100 9DF80820 		ldrb	r2, [sp, #8]	@ zero_extendqisi2
1753:Modules/mpu6050/inv_mpu.c ****         sensors[0] |= INV_XYZ_ACCEL;
 4308              		.loc 1 1753 47 view .LVU1276
 4309 0104 9DF80930 		ldrb	r3, [sp, #9]	@ zero_extendqisi2
1753:Modules/mpu6050/inv_mpu.c ****         sensors[0] |= INV_XYZ_ACCEL;
 4310              		.loc 1 1753 41 view .LVU1277
 4311 0108 43EA0223 		orr	r3, r3, r2, lsl #8
1753:Modules/mpu6050/inv_mpu.c ****         sensors[0] |= INV_XYZ_ACCEL;
 4312              		.loc 1 1753 18 view .LVU1278
 4313 010c A8F80430 		strh	r3, [r8, #4]	@ movhi
ARM GAS  C:\Users\FASCIN~1\AppData\Local\Temp\ccNBUjvk.s 			page 131


1754:Modules/mpu6050/inv_mpu.c ****         index += 6;
 4314              		.loc 1 1754 9 is_stmt 1 view .LVU1279
1754:Modules/mpu6050/inv_mpu.c ****         index += 6;
 4315              		.loc 1 1754 16 is_stmt 0 view .LVU1280
 4316 0110 3378     		ldrb	r3, [r6]	@ zero_extendqisi2
1754:Modules/mpu6050/inv_mpu.c ****         index += 6;
 4317              		.loc 1 1754 20 view .LVU1281
 4318 0112 43F00803 		orr	r3, r3, #8
 4319 0116 3370     		strb	r3, [r6]
1755:Modules/mpu6050/inv_mpu.c ****     }
 4320              		.loc 1 1755 9 is_stmt 1 view .LVU1282
 4321              	.LVL287:
1755:Modules/mpu6050/inv_mpu.c ****     }
 4322              		.loc 1 1755 15 is_stmt 0 view .LVU1283
 4323 0118 0623     		movs	r3, #6
 4324 011a 05E0     		b	.L351
 4325              	.LVL288:
 4326              	.L366:
1739:Modules/mpu6050/inv_mpu.c ****             return -2;
 4327              		.loc 1 1739 13 is_stmt 1 view .LVU1284
 4328 011c FFF7FEFF 		bl	mpu_reset_fifo
 4329              	.LVL289:
1740:Modules/mpu6050/inv_mpu.c ****         }
 4330              		.loc 1 1740 13 view .LVU1285
1740:Modules/mpu6050/inv_mpu.c ****         }
 4331              		.loc 1 1740 20 is_stmt 0 view .LVU1286
 4332 0120 6FF00100 		mvn	r0, #1
 4333 0124 5CE0     		b	.L343
 4334              	.LVL290:
 4335              	.L362:
1708:Modules/mpu6050/inv_mpu.c **** 
 4336              		.loc 1 1708 32 view .LVU1287
 4337 0126 0023     		movs	r3, #0
 4338              	.LVL291:
 4339              	.L351:
1757:Modules/mpu6050/inv_mpu.c ****         gyro[0] = (data[index+0] << 8) | data[index+1];
 4340              		.loc 1 1757 5 is_stmt 1 view .LVU1288
1757:Modules/mpu6050/inv_mpu.c ****         gyro[0] = (data[index+0] << 8) | data[index+1];
 4341              		.loc 1 1757 8 is_stmt 0 view .LVU1289
 4342 0128 9945     		cmp	r9, r3
 4343 012a 19D0     		beq	.L350
1757:Modules/mpu6050/inv_mpu.c ****         gyro[0] = (data[index+0] << 8) | data[index+1];
 4344              		.loc 1 1757 46 discriminator 1 view .LVU1290
 4345 012c 334A     		ldr	r2, .L367
 4346 012e 127C     		ldrb	r2, [r2, #16]	@ zero_extendqisi2
1757:Modules/mpu6050/inv_mpu.c ****         gyro[0] = (data[index+0] << 8) | data[index+1];
 4347              		.loc 1 1757 32 discriminator 1 view .LVU1291
 4348 0130 12F0400F 		tst	r2, #64
 4349 0134 14D0     		beq	.L350
1758:Modules/mpu6050/inv_mpu.c ****         sensors[0] |= INV_X_GYRO;
 4350              		.loc 1 1758 9 is_stmt 1 view .LVU1292
1758:Modules/mpu6050/inv_mpu.c ****         sensors[0] |= INV_X_GYRO;
 4351              		.loc 1 1758 24 is_stmt 0 view .LVU1293
 4352 0136 03F11002 		add	r2, r3, #16
 4353 013a 6A44     		add	r2, sp, r2
 4354 013c 12F80C1C 		ldrb	r1, [r2, #-12]	@ zero_extendqisi2
1758:Modules/mpu6050/inv_mpu.c ****         sensors[0] |= INV_X_GYRO;
ARM GAS  C:\Users\FASCIN~1\AppData\Local\Temp\ccNBUjvk.s 			page 132


 4355              		.loc 1 1758 46 view .LVU1294
 4356 0140 03F11102 		add	r2, r3, #17
 4357 0144 6A44     		add	r2, sp, r2
 4358 0146 12F80C2C 		ldrb	r2, [r2, #-12]	@ zero_extendqisi2
1758:Modules/mpu6050/inv_mpu.c ****         sensors[0] |= INV_X_GYRO;
 4359              		.loc 1 1758 40 view .LVU1295
 4360 014a 42EA0122 		orr	r2, r2, r1, lsl #8
1758:Modules/mpu6050/inv_mpu.c ****         sensors[0] |= INV_X_GYRO;
 4361              		.loc 1 1758 17 view .LVU1296
 4362 014e 3A80     		strh	r2, [r7]	@ movhi
1759:Modules/mpu6050/inv_mpu.c ****         index += 2;
 4363              		.loc 1 1759 9 is_stmt 1 view .LVU1297
1759:Modules/mpu6050/inv_mpu.c ****         index += 2;
 4364              		.loc 1 1759 16 is_stmt 0 view .LVU1298
 4365 0150 3278     		ldrb	r2, [r6]	@ zero_extendqisi2
1759:Modules/mpu6050/inv_mpu.c ****         index += 2;
 4366              		.loc 1 1759 20 view .LVU1299
 4367 0152 42F04002 		orr	r2, r2, #64
 4368 0156 3270     		strb	r2, [r6]
1760:Modules/mpu6050/inv_mpu.c ****     }
 4369              		.loc 1 1760 9 is_stmt 1 view .LVU1300
1760:Modules/mpu6050/inv_mpu.c ****     }
 4370              		.loc 1 1760 15 is_stmt 0 view .LVU1301
 4371 0158 0233     		adds	r3, r3, #2
 4372              	.LVL292:
1760:Modules/mpu6050/inv_mpu.c ****     }
 4373              		.loc 1 1760 15 view .LVU1302
 4374 015a 9BB2     		uxth	r3, r3
1760:Modules/mpu6050/inv_mpu.c ****     }
 4375              		.loc 1 1760 15 view .LVU1303
 4376 015c 00E0     		b	.L350
 4377              	.LVL293:
 4378              	.L361:
1708:Modules/mpu6050/inv_mpu.c **** 
 4379              		.loc 1 1708 32 view .LVU1304
 4380 015e 0023     		movs	r3, #0
 4381              	.LVL294:
 4382              	.L350:
1762:Modules/mpu6050/inv_mpu.c ****         gyro[1] = (data[index+0] << 8) | data[index+1];
 4383              		.loc 1 1762 5 is_stmt 1 view .LVU1305
1762:Modules/mpu6050/inv_mpu.c ****         gyro[1] = (data[index+0] << 8) | data[index+1];
 4384              		.loc 1 1762 8 is_stmt 0 view .LVU1306
 4385 0160 9945     		cmp	r9, r3
 4386 0162 17D0     		beq	.L352
1762:Modules/mpu6050/inv_mpu.c ****         gyro[1] = (data[index+0] << 8) | data[index+1];
 4387              		.loc 1 1762 46 discriminator 1 view .LVU1307
 4388 0164 254A     		ldr	r2, .L367
 4389 0166 127C     		ldrb	r2, [r2, #16]	@ zero_extendqisi2
1762:Modules/mpu6050/inv_mpu.c ****         gyro[1] = (data[index+0] << 8) | data[index+1];
 4390              		.loc 1 1762 32 discriminator 1 view .LVU1308
 4391 0168 12F0200F 		tst	r2, #32
 4392 016c 12D0     		beq	.L352
1763:Modules/mpu6050/inv_mpu.c ****         sensors[0] |= INV_Y_GYRO;
 4393              		.loc 1 1763 9 is_stmt 1 view .LVU1309
1763:Modules/mpu6050/inv_mpu.c ****         sensors[0] |= INV_Y_GYRO;
 4394              		.loc 1 1763 24 is_stmt 0 view .LVU1310
 4395 016e 03F11002 		add	r2, r3, #16
ARM GAS  C:\Users\FASCIN~1\AppData\Local\Temp\ccNBUjvk.s 			page 133


 4396 0172 6A44     		add	r2, sp, r2
 4397 0174 12F80C1C 		ldrb	r1, [r2, #-12]	@ zero_extendqisi2
1763:Modules/mpu6050/inv_mpu.c ****         sensors[0] |= INV_Y_GYRO;
 4398              		.loc 1 1763 46 view .LVU1311
 4399 0178 03F11102 		add	r2, r3, #17
 4400 017c 6A44     		add	r2, sp, r2
 4401 017e 12F80C2C 		ldrb	r2, [r2, #-12]	@ zero_extendqisi2
1763:Modules/mpu6050/inv_mpu.c ****         sensors[0] |= INV_Y_GYRO;
 4402              		.loc 1 1763 40 view .LVU1312
 4403 0182 42EA0122 		orr	r2, r2, r1, lsl #8
1763:Modules/mpu6050/inv_mpu.c ****         sensors[0] |= INV_Y_GYRO;
 4404              		.loc 1 1763 17 view .LVU1313
 4405 0186 7A80     		strh	r2, [r7, #2]	@ movhi
1764:Modules/mpu6050/inv_mpu.c ****         index += 2;
 4406              		.loc 1 1764 9 is_stmt 1 view .LVU1314
1764:Modules/mpu6050/inv_mpu.c ****         index += 2;
 4407              		.loc 1 1764 16 is_stmt 0 view .LVU1315
 4408 0188 3278     		ldrb	r2, [r6]	@ zero_extendqisi2
1764:Modules/mpu6050/inv_mpu.c ****         index += 2;
 4409              		.loc 1 1764 20 view .LVU1316
 4410 018a 42F02002 		orr	r2, r2, #32
 4411 018e 3270     		strb	r2, [r6]
1765:Modules/mpu6050/inv_mpu.c ****     }
 4412              		.loc 1 1765 9 is_stmt 1 view .LVU1317
1765:Modules/mpu6050/inv_mpu.c ****     }
 4413              		.loc 1 1765 15 is_stmt 0 view .LVU1318
 4414 0190 0233     		adds	r3, r3, #2
 4415              	.LVL295:
1765:Modules/mpu6050/inv_mpu.c ****     }
 4416              		.loc 1 1765 15 view .LVU1319
 4417 0192 9BB2     		uxth	r3, r3
 4418              	.LVL296:
 4419              	.L352:
1767:Modules/mpu6050/inv_mpu.c ****         gyro[2] = (data[index+0] << 8) | data[index+1];
 4420              		.loc 1 1767 5 is_stmt 1 view .LVU1320
1767:Modules/mpu6050/inv_mpu.c ****         gyro[2] = (data[index+0] << 8) | data[index+1];
 4421              		.loc 1 1767 8 is_stmt 0 view .LVU1321
 4422 0194 9945     		cmp	r9, r3
 4423 0196 2CD0     		beq	.L363
1767:Modules/mpu6050/inv_mpu.c ****         gyro[2] = (data[index+0] << 8) | data[index+1];
 4424              		.loc 1 1767 46 discriminator 1 view .LVU1322
 4425 0198 184A     		ldr	r2, .L367
 4426 019a 127C     		ldrb	r2, [r2, #16]	@ zero_extendqisi2
1767:Modules/mpu6050/inv_mpu.c ****         gyro[2] = (data[index+0] << 8) | data[index+1];
 4427              		.loc 1 1767 32 discriminator 1 view .LVU1323
 4428 019c 12F0100F 		tst	r2, #16
 4429 01a0 29D0     		beq	.L364
1768:Modules/mpu6050/inv_mpu.c ****         sensors[0] |= INV_Z_GYRO;
 4430              		.loc 1 1768 9 is_stmt 1 view .LVU1324
1768:Modules/mpu6050/inv_mpu.c ****         sensors[0] |= INV_Z_GYRO;
 4431              		.loc 1 1768 24 is_stmt 0 view .LVU1325
 4432 01a2 03F11002 		add	r2, r3, #16
 4433 01a6 6A44     		add	r2, sp, r2
 4434 01a8 12F80C2C 		ldrb	r2, [r2, #-12]	@ zero_extendqisi2
1768:Modules/mpu6050/inv_mpu.c ****         sensors[0] |= INV_Z_GYRO;
 4435              		.loc 1 1768 46 view .LVU1326
 4436 01ac 1133     		adds	r3, r3, #17
ARM GAS  C:\Users\FASCIN~1\AppData\Local\Temp\ccNBUjvk.s 			page 134


 4437 01ae 6B44     		add	r3, sp, r3
 4438 01b0 13F80C3C 		ldrb	r3, [r3, #-12]	@ zero_extendqisi2
1768:Modules/mpu6050/inv_mpu.c ****         sensors[0] |= INV_Z_GYRO;
 4439              		.loc 1 1768 40 view .LVU1327
 4440 01b4 43EA0223 		orr	r3, r3, r2, lsl #8
1768:Modules/mpu6050/inv_mpu.c ****         sensors[0] |= INV_Z_GYRO;
 4441              		.loc 1 1768 17 view .LVU1328
 4442 01b8 BB80     		strh	r3, [r7, #4]	@ movhi
1769:Modules/mpu6050/inv_mpu.c ****         index += 2;
 4443              		.loc 1 1769 9 is_stmt 1 view .LVU1329
1769:Modules/mpu6050/inv_mpu.c ****         index += 2;
 4444              		.loc 1 1769 16 is_stmt 0 view .LVU1330
 4445 01ba 3378     		ldrb	r3, [r6]	@ zero_extendqisi2
1769:Modules/mpu6050/inv_mpu.c ****         index += 2;
 4446              		.loc 1 1769 20 view .LVU1331
 4447 01bc 43F01003 		orr	r3, r3, #16
 4448 01c0 3370     		strb	r3, [r6]
1770:Modules/mpu6050/inv_mpu.c ****     }
 4449              		.loc 1 1770 9 is_stmt 1 view .LVU1332
1773:Modules/mpu6050/inv_mpu.c **** }
 4450              		.loc 1 1773 12 is_stmt 0 view .LVU1333
 4451 01c2 0020     		movs	r0, #0
 4452 01c4 0CE0     		b	.L343
 4453              	.LVL297:
 4454              	.L353:
1711:Modules/mpu6050/inv_mpu.c **** 
 4455              		.loc 1 1711 16 view .LVU1334
 4456 01c6 4FF0FF30 		mov	r0, #-1
 4457              	.LVL298:
1711:Modules/mpu6050/inv_mpu.c **** 
 4458              		.loc 1 1711 16 view .LVU1335
 4459 01ca 09E0     		b	.L343
 4460              	.LVL299:
 4461              	.L354:
1715:Modules/mpu6050/inv_mpu.c ****     if (!st.chip_cfg.fifo_enable)
 4462              		.loc 1 1715 16 view .LVU1336
 4463 01cc 4FF0FF30 		mov	r0, #-1
 4464              	.LVL300:
1715:Modules/mpu6050/inv_mpu.c ****     if (!st.chip_cfg.fifo_enable)
 4465              		.loc 1 1715 16 view .LVU1337
 4466 01d0 06E0     		b	.L343
 4467              	.LVL301:
 4468              	.L355:
1717:Modules/mpu6050/inv_mpu.c **** 
 4469              		.loc 1 1717 16 view .LVU1338
 4470 01d2 4FF0FF30 		mov	r0, #-1
 4471              	.LVL302:
1717:Modules/mpu6050/inv_mpu.c **** 
 4472              		.loc 1 1717 16 view .LVU1339
 4473 01d6 03E0     		b	.L343
 4474              	.LVL303:
 4475              	.L357:
1729:Modules/mpu6050/inv_mpu.c ****     fifo_count = (data[0] << 8) | data[1];
 4476              		.loc 1 1729 16 view .LVU1340
 4477 01d8 4FF0FF30 		mov	r0, #-1
 4478 01dc 00E0     		b	.L343
 4479              	.LVL304:
ARM GAS  C:\Users\FASCIN~1\AppData\Local\Temp\ccNBUjvk.s 			page 135


 4480              	.L358:
1732:Modules/mpu6050/inv_mpu.c **** //    log_i("FIFO count: %hd\n", fifo_count);
 4481              		.loc 1 1732 16 view .LVU1341
 4482 01de 0020     		movs	r0, #0
 4483              	.LVL305:
 4484              	.L343:
1774:Modules/mpu6050/inv_mpu.c **** 
 4485              		.loc 1 1774 1 view .LVU1342
 4486 01e0 05B0     		add	sp, sp, #20
 4487              	.LCFI77:
 4488              		.cfi_remember_state
 4489              		.cfi_def_cfa_offset 28
 4490              		@ sp needed
 4491 01e2 BDE8F083 		pop	{r4, r5, r6, r7, r8, r9, pc}
 4492              	.LVL306:
 4493              	.L359:
 4494              	.LCFI78:
 4495              		.cfi_restore_state
1737:Modules/mpu6050/inv_mpu.c ****         if (data[0] & BIT_FIFO_OVERFLOW) {
 4496              		.loc 1 1737 20 view .LVU1343
 4497 01e6 4FF0FF30 		mov	r0, #-1
 4498 01ea F9E7     		b	.L343
 4499              	.L360:
1746:Modules/mpu6050/inv_mpu.c ****     more[0] = fifo_count / packet_size - 1;
 4500              		.loc 1 1746 16 view .LVU1344
 4501 01ec 4FF0FF30 		mov	r0, #-1
 4502 01f0 F6E7     		b	.L343
 4503              	.LVL307:
 4504              	.L363:
1773:Modules/mpu6050/inv_mpu.c **** }
 4505              		.loc 1 1773 12 view .LVU1345
 4506 01f2 0020     		movs	r0, #0
 4507 01f4 F4E7     		b	.L343
 4508              	.L364:
 4509 01f6 0020     		movs	r0, #0
 4510 01f8 F2E7     		b	.L343
 4511              	.L368:
 4512 01fa 00BF     		.align	2
 4513              	.L367:
 4514 01fc 00000000 		.word	st
 4515              		.cfi_endproc
 4516              	.LFE95:
 4518              		.section	.text.mpu_read_fifo_stream,"ax",%progbits
 4519              		.align	1
 4520              		.global	mpu_read_fifo_stream
 4521              		.syntax unified
 4522              		.thumb
 4523              		.thumb_func
 4525              	mpu_read_fifo_stream:
 4526              	.LVL308:
 4527              	.LFB96:
1785:Modules/mpu6050/inv_mpu.c ****     unsigned char tmp[2];
 4528              		.loc 1 1785 1 is_stmt 1 view -0
 4529              		.cfi_startproc
 4530              		@ args = 0, pretend = 0, frame = 8
 4531              		@ frame_needed = 0, uses_anonymous_args = 0
1786:Modules/mpu6050/inv_mpu.c ****     unsigned short fifo_count;
ARM GAS  C:\Users\FASCIN~1\AppData\Local\Temp\ccNBUjvk.s 			page 136


 4532              		.loc 1 1786 5 view .LVU1347
1787:Modules/mpu6050/inv_mpu.c ****     if (!st.chip_cfg.dmp_on)
 4533              		.loc 1 1787 5 view .LVU1348
1788:Modules/mpu6050/inv_mpu.c ****         return -1;
 4534              		.loc 1 1788 5 view .LVU1349
1788:Modules/mpu6050/inv_mpu.c ****         return -1;
 4535              		.loc 1 1788 21 is_stmt 0 view .LVU1350
 4536 0000 2E4B     		ldr	r3, .L384
 4537 0002 93F82430 		ldrb	r3, [r3, #36]	@ zero_extendqisi2
1788:Modules/mpu6050/inv_mpu.c ****         return -1;
 4538              		.loc 1 1788 8 view .LVU1351
 4539 0006 002B     		cmp	r3, #0
 4540 0008 49D0     		beq	.L373
1785:Modules/mpu6050/inv_mpu.c ****     unsigned char tmp[2];
 4541              		.loc 1 1785 1 view .LVU1352
 4542 000a F0B5     		push	{r4, r5, r6, r7, lr}
 4543              	.LCFI79:
 4544              		.cfi_def_cfa_offset 20
 4545              		.cfi_offset 4, -20
 4546              		.cfi_offset 5, -16
 4547              		.cfi_offset 6, -12
 4548              		.cfi_offset 7, -8
 4549              		.cfi_offset 14, -4
 4550 000c 83B0     		sub	sp, sp, #12
 4551              	.LCFI80:
 4552              		.cfi_def_cfa_offset 32
 4553 000e 0546     		mov	r5, r0
 4554 0010 0F46     		mov	r7, r1
 4555 0012 1646     		mov	r6, r2
1790:Modules/mpu6050/inv_mpu.c ****         return -1;
 4556              		.loc 1 1790 5 is_stmt 1 view .LVU1353
1790:Modules/mpu6050/inv_mpu.c ****         return -1;
 4557              		.loc 1 1790 21 is_stmt 0 view .LVU1354
 4558 0014 294B     		ldr	r3, .L384
 4559 0016 9B7A     		ldrb	r3, [r3, #10]	@ zero_extendqisi2
1790:Modules/mpu6050/inv_mpu.c ****         return -1;
 4560              		.loc 1 1790 8 view .LVU1355
 4561 0018 002B     		cmp	r3, #0
 4562 001a 43D0     		beq	.L374
1793:Modules/mpu6050/inv_mpu.c ****         return -1;
 4563              		.loc 1 1793 5 is_stmt 1 view .LVU1356
1793:Modules/mpu6050/inv_mpu.c ****         return -1;
 4564              		.loc 1 1793 20 is_stmt 0 view .LVU1357
 4565 001c 274B     		ldr	r3, .L384
 4566 001e 5868     		ldr	r0, [r3, #4]
 4567              	.LVL309:
1793:Modules/mpu6050/inv_mpu.c ****         return -1;
 4568              		.loc 1 1793 33 view .LVU1358
 4569 0020 1968     		ldr	r1, [r3]
 4570              	.LVL310:
1793:Modules/mpu6050/inv_mpu.c ****         return -1;
 4571              		.loc 1 1793 9 view .LVU1359
 4572 0022 01AB     		add	r3, sp, #4
 4573 0024 0222     		movs	r2, #2
 4574              	.LVL311:
1793:Modules/mpu6050/inv_mpu.c ****         return -1;
 4575              		.loc 1 1793 9 view .LVU1360
ARM GAS  C:\Users\FASCIN~1\AppData\Local\Temp\ccNBUjvk.s 			page 137


 4576 0026 897A     		ldrb	r1, [r1, #10]	@ zero_extendqisi2
 4577 0028 0078     		ldrb	r0, [r0]	@ zero_extendqisi2
 4578 002a FFF7FEFF 		bl	MPU_Read_Len
 4579              	.LVL312:
1793:Modules/mpu6050/inv_mpu.c ****         return -1;
 4580              		.loc 1 1793 8 discriminator 1 view .LVU1361
 4581 002e 0028     		cmp	r0, #0
 4582 0030 3BD1     		bne	.L375
1795:Modules/mpu6050/inv_mpu.c ****     if (fifo_count < length) {
 4583              		.loc 1 1795 5 is_stmt 1 view .LVU1362
1795:Modules/mpu6050/inv_mpu.c ****     if (fifo_count < length) {
 4584              		.loc 1 1795 22 is_stmt 0 view .LVU1363
 4585 0032 9DF80430 		ldrb	r3, [sp, #4]	@ zero_extendqisi2
1795:Modules/mpu6050/inv_mpu.c ****     if (fifo_count < length) {
 4586              		.loc 1 1795 37 view .LVU1364
 4587 0036 9DF80540 		ldrb	r4, [sp, #5]	@ zero_extendqisi2
1795:Modules/mpu6050/inv_mpu.c ****     if (fifo_count < length) {
 4588              		.loc 1 1795 16 view .LVU1365
 4589 003a 44EA0324 		orr	r4, r4, r3, lsl #8
 4590              	.LVL313:
1796:Modules/mpu6050/inv_mpu.c ****         more[0] = 0;
 4591              		.loc 1 1796 5 is_stmt 1 view .LVU1366
1796:Modules/mpu6050/inv_mpu.c ****         more[0] = 0;
 4592              		.loc 1 1796 8 is_stmt 0 view .LVU1367
 4593 003e AC42     		cmp	r4, r5
 4594 0040 23D3     		bcc	.L382
1800:Modules/mpu6050/inv_mpu.c ****         /* FIFO is 50% full, better check overflow bit. */
 4595              		.loc 1 1800 5 is_stmt 1 view .LVU1368
1800:Modules/mpu6050/inv_mpu.c ****         /* FIFO is 50% full, better check overflow bit. */
 4596              		.loc 1 1800 25 is_stmt 0 view .LVU1369
 4597 0042 1E4B     		ldr	r3, .L384
 4598 0044 5868     		ldr	r0, [r3, #4]
1800:Modules/mpu6050/inv_mpu.c ****         /* FIFO is 50% full, better check overflow bit. */
 4599              		.loc 1 1800 28 view .LVU1370
 4600 0046 4388     		ldrh	r3, [r0, #2]
1800:Modules/mpu6050/inv_mpu.c ****         /* FIFO is 50% full, better check overflow bit. */
 4601              		.loc 1 1800 8 view .LVU1371
 4602 0048 B4EB530F 		cmp	r4, r3, lsr #1
 4603 004c 0DD9     		bls	.L372
1802:Modules/mpu6050/inv_mpu.c ****             return -1;
 4604              		.loc 1 1802 9 is_stmt 1 view .LVU1372
1802:Modules/mpu6050/inv_mpu.c ****             return -1;
 4605              		.loc 1 1802 37 is_stmt 0 view .LVU1373
 4606 004e 1B4B     		ldr	r3, .L384
 4607 0050 1968     		ldr	r1, [r3]
1802:Modules/mpu6050/inv_mpu.c ****             return -1;
 4608              		.loc 1 1802 13 view .LVU1374
 4609 0052 01AB     		add	r3, sp, #4
 4610 0054 0122     		movs	r2, #1
 4611 0056 497C     		ldrb	r1, [r1, #17]	@ zero_extendqisi2
 4612 0058 0078     		ldrb	r0, [r0]	@ zero_extendqisi2
 4613 005a FFF7FEFF 		bl	MPU_Read_Len
 4614              	.LVL314:
1802:Modules/mpu6050/inv_mpu.c ****             return -1;
 4615              		.loc 1 1802 12 discriminator 1 view .LVU1375
 4616 005e 38BB     		cbnz	r0, .L376
1804:Modules/mpu6050/inv_mpu.c ****             mpu_reset_fifo();
ARM GAS  C:\Users\FASCIN~1\AppData\Local\Temp\ccNBUjvk.s 			page 138


 4617              		.loc 1 1804 9 is_stmt 1 view .LVU1376
1804:Modules/mpu6050/inv_mpu.c ****             mpu_reset_fifo();
 4618              		.loc 1 1804 16 is_stmt 0 view .LVU1377
 4619 0060 9DF80430 		ldrb	r3, [sp, #4]	@ zero_extendqisi2
1804:Modules/mpu6050/inv_mpu.c ****             mpu_reset_fifo();
 4620              		.loc 1 1804 12 view .LVU1378
 4621 0064 13F0100F 		tst	r3, #16
 4622 0068 14D1     		bne	.L383
 4623              	.L372:
1810:Modules/mpu6050/inv_mpu.c ****         return -1;
 4624              		.loc 1 1810 5 is_stmt 1 view .LVU1379
1810:Modules/mpu6050/inv_mpu.c ****         return -1;
 4625              		.loc 1 1810 20 is_stmt 0 view .LVU1380
 4626 006a 144B     		ldr	r3, .L384
 4627 006c 5868     		ldr	r0, [r3, #4]
1810:Modules/mpu6050/inv_mpu.c ****         return -1;
 4628              		.loc 1 1810 33 view .LVU1381
 4629 006e 1968     		ldr	r1, [r3]
1810:Modules/mpu6050/inv_mpu.c ****         return -1;
 4630              		.loc 1 1810 9 view .LVU1382
 4631 0070 3B46     		mov	r3, r7
 4632 0072 EAB2     		uxtb	r2, r5
 4633 0074 C97A     		ldrb	r1, [r1, #11]	@ zero_extendqisi2
 4634 0076 0078     		ldrb	r0, [r0]	@ zero_extendqisi2
 4635 0078 FFF7FEFF 		bl	MPU_Read_Len
 4636              	.LVL315:
1810:Modules/mpu6050/inv_mpu.c ****         return -1;
 4637              		.loc 1 1810 8 discriminator 1 view .LVU1383
 4638 007c D8B9     		cbnz	r0, .L377
1812:Modules/mpu6050/inv_mpu.c ****     return 0;
 4639              		.loc 1 1812 5 is_stmt 1 view .LVU1384
1812:Modules/mpu6050/inv_mpu.c ****     return 0;
 4640              		.loc 1 1812 35 is_stmt 0 view .LVU1385
 4641 007e B4FBF5F4 		udiv	r4, r4, r5
 4642              	.LVL316:
1812:Modules/mpu6050/inv_mpu.c ****     return 0;
 4643              		.loc 1 1812 35 view .LVU1386
 4644 0082 013C     		subs	r4, r4, #1
1812:Modules/mpu6050/inv_mpu.c ****     return 0;
 4645              		.loc 1 1812 13 view .LVU1387
 4646 0084 3470     		strb	r4, [r6]
1813:Modules/mpu6050/inv_mpu.c **** }
 4647              		.loc 1 1813 5 is_stmt 1 view .LVU1388
 4648              	.LVL317:
 4649              	.L369:
1814:Modules/mpu6050/inv_mpu.c **** 
 4650              		.loc 1 1814 1 is_stmt 0 view .LVU1389
 4651 0086 03B0     		add	sp, sp, #12
 4652              	.LCFI81:
 4653              		.cfi_remember_state
 4654              		.cfi_def_cfa_offset 20
 4655              		@ sp needed
 4656 0088 F0BD     		pop	{r4, r5, r6, r7, pc}
 4657              	.LVL318:
 4658              	.L382:
 4659              	.LCFI82:
 4660              		.cfi_restore_state
ARM GAS  C:\Users\FASCIN~1\AppData\Local\Temp\ccNBUjvk.s 			page 139


1797:Modules/mpu6050/inv_mpu.c ****         return -1;
 4661              		.loc 1 1797 9 is_stmt 1 view .LVU1390
1797:Modules/mpu6050/inv_mpu.c ****         return -1;
 4662              		.loc 1 1797 17 is_stmt 0 view .LVU1391
 4663 008a 0023     		movs	r3, #0
 4664 008c 3370     		strb	r3, [r6]
1798:Modules/mpu6050/inv_mpu.c ****     }
 4665              		.loc 1 1798 9 is_stmt 1 view .LVU1392
1798:Modules/mpu6050/inv_mpu.c ****     }
 4666              		.loc 1 1798 16 is_stmt 0 view .LVU1393
 4667 008e 4FF0FF30 		mov	r0, #-1
 4668 0092 F8E7     		b	.L369
 4669              	.L383:
1805:Modules/mpu6050/inv_mpu.c ****             return -2;
 4670              		.loc 1 1805 13 is_stmt 1 view .LVU1394
 4671 0094 FFF7FEFF 		bl	mpu_reset_fifo
 4672              	.LVL319:
1806:Modules/mpu6050/inv_mpu.c ****         }
 4673              		.loc 1 1806 13 view .LVU1395
1806:Modules/mpu6050/inv_mpu.c ****         }
 4674              		.loc 1 1806 20 is_stmt 0 view .LVU1396
 4675 0098 6FF00100 		mvn	r0, #1
 4676 009c F3E7     		b	.L369
 4677              	.LVL320:
 4678              	.L373:
 4679              	.LCFI83:
 4680              		.cfi_def_cfa_offset 0
 4681              		.cfi_restore 4
 4682              		.cfi_restore 5
 4683              		.cfi_restore 6
 4684              		.cfi_restore 7
 4685              		.cfi_restore 14
1789:Modules/mpu6050/inv_mpu.c ****     if (!st.chip_cfg.sensors)
 4686              		.loc 1 1789 16 view .LVU1397
 4687 009e 4FF0FF30 		mov	r0, #-1
 4688              	.LVL321:
1814:Modules/mpu6050/inv_mpu.c **** 
 4689              		.loc 1 1814 1 view .LVU1398
 4690 00a2 7047     		bx	lr
 4691              	.LVL322:
 4692              	.L374:
 4693              	.LCFI84:
 4694              		.cfi_def_cfa_offset 32
 4695              		.cfi_offset 4, -20
 4696              		.cfi_offset 5, -16
 4697              		.cfi_offset 6, -12
 4698              		.cfi_offset 7, -8
 4699              		.cfi_offset 14, -4
1791:Modules/mpu6050/inv_mpu.c **** 
 4700              		.loc 1 1791 16 view .LVU1399
 4701 00a4 4FF0FF30 		mov	r0, #-1
 4702              	.LVL323:
1791:Modules/mpu6050/inv_mpu.c **** 
 4703              		.loc 1 1791 16 view .LVU1400
 4704 00a8 EDE7     		b	.L369
 4705              	.LVL324:
 4706              	.L375:
ARM GAS  C:\Users\FASCIN~1\AppData\Local\Temp\ccNBUjvk.s 			page 140


1794:Modules/mpu6050/inv_mpu.c ****     fifo_count = (tmp[0] << 8) | tmp[1];
 4707              		.loc 1 1794 16 view .LVU1401
 4708 00aa 4FF0FF30 		mov	r0, #-1
 4709 00ae EAE7     		b	.L369
 4710              	.LVL325:
 4711              	.L376:
1803:Modules/mpu6050/inv_mpu.c ****         if (tmp[0] & BIT_FIFO_OVERFLOW) {
 4712              		.loc 1 1803 20 view .LVU1402
 4713 00b0 4FF0FF30 		mov	r0, #-1
 4714 00b4 E7E7     		b	.L369
 4715              	.L377:
1811:Modules/mpu6050/inv_mpu.c ****     more[0] = fifo_count / length - 1;
 4716              		.loc 1 1811 16 view .LVU1403
 4717 00b6 4FF0FF30 		mov	r0, #-1
 4718 00ba E4E7     		b	.L369
 4719              	.L385:
 4720              		.align	2
 4721              	.L384:
 4722 00bc 00000000 		.word	st
 4723              		.cfi_endproc
 4724              	.LFE96:
 4726              		.section	.text.mpu_set_bypass,"ax",%progbits
 4727              		.align	1
 4728              		.global	mpu_set_bypass
 4729              		.syntax unified
 4730              		.thumb
 4731              		.thumb_func
 4733              	mpu_set_bypass:
 4734              	.LVL326:
 4735              	.LFB97:
1822:Modules/mpu6050/inv_mpu.c ****     unsigned char tmp;
 4736              		.loc 1 1822 1 is_stmt 1 view -0
 4737              		.cfi_startproc
 4738              		@ args = 0, pretend = 0, frame = 8
 4739              		@ frame_needed = 0, uses_anonymous_args = 0
1823:Modules/mpu6050/inv_mpu.c **** 
 4740              		.loc 1 1823 5 view .LVU1405
1825:Modules/mpu6050/inv_mpu.c ****         return 0;
 4741              		.loc 1 1825 5 view .LVU1406
1825:Modules/mpu6050/inv_mpu.c ****         return 0;
 4742              		.loc 1 1825 20 is_stmt 0 view .LVU1407
 4743 0000 584B     		ldr	r3, .L408
 4744 0002 9B7C     		ldrb	r3, [r3, #18]	@ zero_extendqisi2
1825:Modules/mpu6050/inv_mpu.c ****         return 0;
 4745              		.loc 1 1825 8 view .LVU1408
 4746 0004 8342     		cmp	r3, r0
 4747 0006 00F09C80 		beq	.L397
1822:Modules/mpu6050/inv_mpu.c ****     unsigned char tmp;
 4748              		.loc 1 1822 1 view .LVU1409
 4749 000a 10B5     		push	{r4, lr}
 4750              	.LCFI85:
 4751              		.cfi_def_cfa_offset 8
 4752              		.cfi_offset 4, -8
 4753              		.cfi_offset 14, -4
 4754 000c 82B0     		sub	sp, sp, #8
 4755              	.LCFI86:
 4756              		.cfi_def_cfa_offset 16
ARM GAS  C:\Users\FASCIN~1\AppData\Local\Temp\ccNBUjvk.s 			page 141


 4757 000e 0446     		mov	r4, r0
1828:Modules/mpu6050/inv_mpu.c ****         if (i2c_read(st.hw->addr, st.reg->user_ctrl, 1, &tmp))
 4758              		.loc 1 1828 5 is_stmt 1 view .LVU1410
1828:Modules/mpu6050/inv_mpu.c ****         if (i2c_read(st.hw->addr, st.reg->user_ctrl, 1, &tmp))
 4759              		.loc 1 1828 8 is_stmt 0 view .LVU1411
 4760 0010 0028     		cmp	r0, #0
 4761 0012 44D0     		beq	.L388
1829:Modules/mpu6050/inv_mpu.c ****             return -1;
 4762              		.loc 1 1829 9 is_stmt 1 view .LVU1412
1829:Modules/mpu6050/inv_mpu.c ****             return -1;
 4763              		.loc 1 1829 24 is_stmt 0 view .LVU1413
 4764 0014 534B     		ldr	r3, .L408
 4765 0016 5868     		ldr	r0, [r3, #4]
 4766              	.LVL327:
1829:Modules/mpu6050/inv_mpu.c ****             return -1;
 4767              		.loc 1 1829 37 view .LVU1414
 4768 0018 1968     		ldr	r1, [r3]
1829:Modules/mpu6050/inv_mpu.c ****             return -1;
 4769              		.loc 1 1829 13 view .LVU1415
 4770 001a 0DF10703 		add	r3, sp, #7
 4771 001e 0122     		movs	r2, #1
 4772 0020 0979     		ldrb	r1, [r1, #4]	@ zero_extendqisi2
 4773 0022 0078     		ldrb	r0, [r0]	@ zero_extendqisi2
 4774 0024 FFF7FEFF 		bl	MPU_Read_Len
 4775              	.LVL328:
1829:Modules/mpu6050/inv_mpu.c ****             return -1;
 4776              		.loc 1 1829 12 discriminator 1 view .LVU1416
 4777 0028 0028     		cmp	r0, #0
 4778 002a 40F08C80 		bne	.L398
1831:Modules/mpu6050/inv_mpu.c ****         if (i2c_write(st.hw->addr, st.reg->user_ctrl, 1, &tmp))
 4779              		.loc 1 1831 9 is_stmt 1 view .LVU1417
1831:Modules/mpu6050/inv_mpu.c ****         if (i2c_write(st.hw->addr, st.reg->user_ctrl, 1, &tmp))
 4780              		.loc 1 1831 13 is_stmt 0 view .LVU1418
 4781 002e 9DF80730 		ldrb	r3, [sp, #7]	@ zero_extendqisi2
 4782 0032 23F02003 		bic	r3, r3, #32
 4783 0036 8DF80730 		strb	r3, [sp, #7]
1832:Modules/mpu6050/inv_mpu.c ****             return -1;
 4784              		.loc 1 1832 9 is_stmt 1 view .LVU1419
1832:Modules/mpu6050/inv_mpu.c ****             return -1;
 4785              		.loc 1 1832 25 is_stmt 0 view .LVU1420
 4786 003a 4A4B     		ldr	r3, .L408
 4787 003c 5868     		ldr	r0, [r3, #4]
1832:Modules/mpu6050/inv_mpu.c ****             return -1;
 4788              		.loc 1 1832 38 view .LVU1421
 4789 003e 1968     		ldr	r1, [r3]
1832:Modules/mpu6050/inv_mpu.c ****             return -1;
 4790              		.loc 1 1832 13 view .LVU1422
 4791 0040 0DF10703 		add	r3, sp, #7
 4792 0044 0122     		movs	r2, #1
 4793 0046 0979     		ldrb	r1, [r1, #4]	@ zero_extendqisi2
 4794 0048 0078     		ldrb	r0, [r0]	@ zero_extendqisi2
 4795 004a FFF7FEFF 		bl	MPU_Write_Len
 4796              	.LVL329:
1832:Modules/mpu6050/inv_mpu.c ****             return -1;
 4797              		.loc 1 1832 12 discriminator 1 view .LVU1423
 4798 004e 0028     		cmp	r0, #0
 4799 0050 7CD1     		bne	.L399
ARM GAS  C:\Users\FASCIN~1\AppData\Local\Temp\ccNBUjvk.s 			page 142


1834:Modules/mpu6050/inv_mpu.c ****         tmp = BIT_BYPASS_EN;
 4800              		.loc 1 1834 9 is_stmt 1 view .LVU1424
 4801 0052 0320     		movs	r0, #3
 4802 0054 FFF7FEFF 		bl	HAL_Delay
 4803              	.LVL330:
1835:Modules/mpu6050/inv_mpu.c ****         if (st.chip_cfg.active_low_int)
 4804              		.loc 1 1835 9 view .LVU1425
1835:Modules/mpu6050/inv_mpu.c ****         if (st.chip_cfg.active_low_int)
 4805              		.loc 1 1835 13 is_stmt 0 view .LVU1426
 4806 0058 0223     		movs	r3, #2
 4807 005a 8DF80730 		strb	r3, [sp, #7]
1836:Modules/mpu6050/inv_mpu.c ****             tmp |= BIT_ACTL;
 4808              		.loc 1 1836 9 is_stmt 1 view .LVU1427
1836:Modules/mpu6050/inv_mpu.c ****             tmp |= BIT_ACTL;
 4809              		.loc 1 1836 24 is_stmt 0 view .LVU1428
 4810 005e 414B     		ldr	r3, .L408
 4811 0060 93F82230 		ldrb	r3, [r3, #34]	@ zero_extendqisi2
1836:Modules/mpu6050/inv_mpu.c ****             tmp |= BIT_ACTL;
 4812              		.loc 1 1836 12 view .LVU1429
 4813 0064 13B1     		cbz	r3, .L389
1837:Modules/mpu6050/inv_mpu.c ****         if (st.chip_cfg.latched_int)
 4814              		.loc 1 1837 13 is_stmt 1 view .LVU1430
1837:Modules/mpu6050/inv_mpu.c ****         if (st.chip_cfg.latched_int)
 4815              		.loc 1 1837 17 is_stmt 0 view .LVU1431
 4816 0066 8223     		movs	r3, #130
 4817 0068 8DF80730 		strb	r3, [sp, #7]
 4818              	.L389:
1838:Modules/mpu6050/inv_mpu.c ****             tmp |= BIT_LATCH_EN | BIT_ANY_RD_CLR;
 4819              		.loc 1 1838 9 is_stmt 1 view .LVU1432
1838:Modules/mpu6050/inv_mpu.c ****             tmp |= BIT_LATCH_EN | BIT_ANY_RD_CLR;
 4820              		.loc 1 1838 24 is_stmt 0 view .LVU1433
 4821 006c 3D4B     		ldr	r3, .L408
 4822 006e 93F82330 		ldrb	r3, [r3, #35]	@ zero_extendqisi2
1838:Modules/mpu6050/inv_mpu.c ****             tmp |= BIT_LATCH_EN | BIT_ANY_RD_CLR;
 4823              		.loc 1 1838 12 view .LVU1434
 4824 0072 2BB1     		cbz	r3, .L390
1839:Modules/mpu6050/inv_mpu.c ****         if (i2c_write(st.hw->addr, st.reg->int_pin_cfg, 1, &tmp))
 4825              		.loc 1 1839 13 is_stmt 1 view .LVU1435
1839:Modules/mpu6050/inv_mpu.c ****         if (i2c_write(st.hw->addr, st.reg->int_pin_cfg, 1, &tmp))
 4826              		.loc 1 1839 17 is_stmt 0 view .LVU1436
 4827 0074 9DF80730 		ldrb	r3, [sp, #7]	@ zero_extendqisi2
 4828 0078 43F03003 		orr	r3, r3, #48
 4829 007c 8DF80730 		strb	r3, [sp, #7]
 4830              	.L390:
1840:Modules/mpu6050/inv_mpu.c ****             return -1;
 4831              		.loc 1 1840 9 is_stmt 1 view .LVU1437
1840:Modules/mpu6050/inv_mpu.c ****             return -1;
 4832              		.loc 1 1840 25 is_stmt 0 view .LVU1438
 4833 0080 384B     		ldr	r3, .L408
 4834 0082 5868     		ldr	r0, [r3, #4]
1840:Modules/mpu6050/inv_mpu.c ****             return -1;
 4835              		.loc 1 1840 38 view .LVU1439
 4836 0084 1968     		ldr	r1, [r3]
1840:Modules/mpu6050/inv_mpu.c ****             return -1;
 4837              		.loc 1 1840 13 view .LVU1440
 4838 0086 0DF10703 		add	r3, sp, #7
 4839 008a 0122     		movs	r2, #1
ARM GAS  C:\Users\FASCIN~1\AppData\Local\Temp\ccNBUjvk.s 			page 143


 4840 008c 097D     		ldrb	r1, [r1, #20]	@ zero_extendqisi2
 4841 008e 0078     		ldrb	r0, [r0]	@ zero_extendqisi2
 4842 0090 FFF7FEFF 		bl	MPU_Write_Len
 4843              	.LVL331:
1840:Modules/mpu6050/inv_mpu.c ****             return -1;
 4844              		.loc 1 1840 12 discriminator 1 view .LVU1441
 4845 0094 0028     		cmp	r0, #0
 4846 0096 44D0     		beq	.L391
1841:Modules/mpu6050/inv_mpu.c ****     } else {
 4847              		.loc 1 1841 20 view .LVU1442
 4848 0098 4FF0FF30 		mov	r0, #-1
 4849 009c 44E0     		b	.L386
 4850              	.LVL332:
 4851              	.L388:
1844:Modules/mpu6050/inv_mpu.c ****             return -1;
 4852              		.loc 1 1844 9 is_stmt 1 view .LVU1443
1844:Modules/mpu6050/inv_mpu.c ****             return -1;
 4853              		.loc 1 1844 24 is_stmt 0 view .LVU1444
 4854 009e 314B     		ldr	r3, .L408
 4855 00a0 5868     		ldr	r0, [r3, #4]
 4856              	.LVL333:
1844:Modules/mpu6050/inv_mpu.c ****             return -1;
 4857              		.loc 1 1844 37 view .LVU1445
 4858 00a2 1968     		ldr	r1, [r3]
1844:Modules/mpu6050/inv_mpu.c ****             return -1;
 4859              		.loc 1 1844 13 view .LVU1446
 4860 00a4 0DF10703 		add	r3, sp, #7
 4861 00a8 0122     		movs	r2, #1
 4862 00aa 0979     		ldrb	r1, [r1, #4]	@ zero_extendqisi2
 4863 00ac 0078     		ldrb	r0, [r0]	@ zero_extendqisi2
 4864 00ae FFF7FEFF 		bl	MPU_Read_Len
 4865              	.LVL334:
1844:Modules/mpu6050/inv_mpu.c ****             return -1;
 4866              		.loc 1 1844 12 discriminator 1 view .LVU1447
 4867 00b2 0028     		cmp	r0, #0
 4868 00b4 4DD1     		bne	.L401
1846:Modules/mpu6050/inv_mpu.c ****             tmp |= BIT_AUX_IF_EN;
 4869              		.loc 1 1846 9 is_stmt 1 view .LVU1448
1846:Modules/mpu6050/inv_mpu.c ****             tmp |= BIT_AUX_IF_EN;
 4870              		.loc 1 1846 24 is_stmt 0 view .LVU1449
 4871 00b6 2B4B     		ldr	r3, .L408
 4872 00b8 9B7A     		ldrb	r3, [r3, #10]	@ zero_extendqisi2
1846:Modules/mpu6050/inv_mpu.c ****             tmp |= BIT_AUX_IF_EN;
 4873              		.loc 1 1846 12 view .LVU1450
 4874 00ba 13F0010F 		tst	r3, #1
 4875 00be 35D0     		beq	.L392
1847:Modules/mpu6050/inv_mpu.c ****         else
 4876              		.loc 1 1847 13 is_stmt 1 view .LVU1451
1847:Modules/mpu6050/inv_mpu.c ****         else
 4877              		.loc 1 1847 17 is_stmt 0 view .LVU1452
 4878 00c0 9DF80730 		ldrb	r3, [sp, #7]	@ zero_extendqisi2
 4879 00c4 43F02003 		orr	r3, r3, #32
 4880 00c8 8DF80730 		strb	r3, [sp, #7]
 4881              	.L393:
1850:Modules/mpu6050/inv_mpu.c ****             return -1;
 4882              		.loc 1 1850 9 is_stmt 1 view .LVU1453
1850:Modules/mpu6050/inv_mpu.c ****             return -1;
ARM GAS  C:\Users\FASCIN~1\AppData\Local\Temp\ccNBUjvk.s 			page 144


 4883              		.loc 1 1850 25 is_stmt 0 view .LVU1454
 4884 00cc 254B     		ldr	r3, .L408
 4885 00ce 5868     		ldr	r0, [r3, #4]
1850:Modules/mpu6050/inv_mpu.c ****             return -1;
 4886              		.loc 1 1850 38 view .LVU1455
 4887 00d0 1968     		ldr	r1, [r3]
1850:Modules/mpu6050/inv_mpu.c ****             return -1;
 4888              		.loc 1 1850 13 view .LVU1456
 4889 00d2 0DF10703 		add	r3, sp, #7
 4890 00d6 0122     		movs	r2, #1
 4891 00d8 0979     		ldrb	r1, [r1, #4]	@ zero_extendqisi2
 4892 00da 0078     		ldrb	r0, [r0]	@ zero_extendqisi2
 4893 00dc FFF7FEFF 		bl	MPU_Write_Len
 4894              	.LVL335:
1850:Modules/mpu6050/inv_mpu.c ****             return -1;
 4895              		.loc 1 1850 12 discriminator 1 view .LVU1457
 4896 00e0 0028     		cmp	r0, #0
 4897 00e2 39D1     		bne	.L402
1852:Modules/mpu6050/inv_mpu.c ****         if (st.chip_cfg.active_low_int)
 4898              		.loc 1 1852 9 is_stmt 1 view .LVU1458
 4899 00e4 0320     		movs	r0, #3
 4900 00e6 FFF7FEFF 		bl	HAL_Delay
 4901              	.LVL336:
1853:Modules/mpu6050/inv_mpu.c ****             tmp = BIT_ACTL;
 4902              		.loc 1 1853 9 view .LVU1459
1853:Modules/mpu6050/inv_mpu.c ****             tmp = BIT_ACTL;
 4903              		.loc 1 1853 24 is_stmt 0 view .LVU1460
 4904 00ea 1E4B     		ldr	r3, .L408
 4905 00ec 93F82230 		ldrb	r3, [r3, #34]	@ zero_extendqisi2
1853:Modules/mpu6050/inv_mpu.c ****             tmp = BIT_ACTL;
 4906              		.loc 1 1853 12 view .LVU1461
 4907 00f0 1BB3     		cbz	r3, .L394
1854:Modules/mpu6050/inv_mpu.c ****         else
 4908              		.loc 1 1854 13 is_stmt 1 view .LVU1462
1854:Modules/mpu6050/inv_mpu.c ****         else
 4909              		.loc 1 1854 17 is_stmt 0 view .LVU1463
 4910 00f2 8023     		movs	r3, #128
 4911 00f4 8DF80730 		strb	r3, [sp, #7]
 4912              	.L395:
1857:Modules/mpu6050/inv_mpu.c ****             tmp |= BIT_LATCH_EN | BIT_ANY_RD_CLR;
 4913              		.loc 1 1857 9 is_stmt 1 view .LVU1464
1857:Modules/mpu6050/inv_mpu.c ****             tmp |= BIT_LATCH_EN | BIT_ANY_RD_CLR;
 4914              		.loc 1 1857 24 is_stmt 0 view .LVU1465
 4915 00f8 1A4B     		ldr	r3, .L408
 4916 00fa 93F82330 		ldrb	r3, [r3, #35]	@ zero_extendqisi2
1857:Modules/mpu6050/inv_mpu.c ****             tmp |= BIT_LATCH_EN | BIT_ANY_RD_CLR;
 4917              		.loc 1 1857 12 view .LVU1466
 4918 00fe 2BB1     		cbz	r3, .L396
1858:Modules/mpu6050/inv_mpu.c ****         if (i2c_write(st.hw->addr, st.reg->int_pin_cfg, 1, &tmp))
 4919              		.loc 1 1858 13 is_stmt 1 view .LVU1467
1858:Modules/mpu6050/inv_mpu.c ****         if (i2c_write(st.hw->addr, st.reg->int_pin_cfg, 1, &tmp))
 4920              		.loc 1 1858 17 is_stmt 0 view .LVU1468
 4921 0100 9DF80730 		ldrb	r3, [sp, #7]	@ zero_extendqisi2
 4922 0104 43F03003 		orr	r3, r3, #48
 4923 0108 8DF80730 		strb	r3, [sp, #7]
 4924              	.L396:
1859:Modules/mpu6050/inv_mpu.c ****             return -1;
ARM GAS  C:\Users\FASCIN~1\AppData\Local\Temp\ccNBUjvk.s 			page 145


 4925              		.loc 1 1859 9 is_stmt 1 view .LVU1469
1859:Modules/mpu6050/inv_mpu.c ****             return -1;
 4926              		.loc 1 1859 25 is_stmt 0 view .LVU1470
 4927 010c 154B     		ldr	r3, .L408
 4928 010e 5868     		ldr	r0, [r3, #4]
1859:Modules/mpu6050/inv_mpu.c ****             return -1;
 4929              		.loc 1 1859 38 view .LVU1471
 4930 0110 1968     		ldr	r1, [r3]
1859:Modules/mpu6050/inv_mpu.c ****             return -1;
 4931              		.loc 1 1859 13 view .LVU1472
 4932 0112 0DF10703 		add	r3, sp, #7
 4933 0116 0122     		movs	r2, #1
 4934 0118 097D     		ldrb	r1, [r1, #20]	@ zero_extendqisi2
 4935 011a 0078     		ldrb	r0, [r0]	@ zero_extendqisi2
 4936 011c FFF7FEFF 		bl	MPU_Write_Len
 4937              	.LVL337:
1859:Modules/mpu6050/inv_mpu.c ****             return -1;
 4938              		.loc 1 1859 12 discriminator 1 view .LVU1473
 4939 0120 E8B9     		cbnz	r0, .L403
 4940              	.L391:
1862:Modules/mpu6050/inv_mpu.c ****     return 0;
 4941              		.loc 1 1862 5 is_stmt 1 view .LVU1474
1862:Modules/mpu6050/inv_mpu.c ****     return 0;
 4942              		.loc 1 1862 29 is_stmt 0 view .LVU1475
 4943 0122 104B     		ldr	r3, .L408
 4944 0124 9C74     		strb	r4, [r3, #18]
1863:Modules/mpu6050/inv_mpu.c **** }
 4945              		.loc 1 1863 5 is_stmt 1 view .LVU1476
1863:Modules/mpu6050/inv_mpu.c **** }
 4946              		.loc 1 1863 12 is_stmt 0 view .LVU1477
 4947 0126 0020     		movs	r0, #0
 4948              	.L386:
1864:Modules/mpu6050/inv_mpu.c **** 
 4949              		.loc 1 1864 1 view .LVU1478
 4950 0128 02B0     		add	sp, sp, #8
 4951              	.LCFI87:
 4952              		.cfi_remember_state
 4953              		.cfi_def_cfa_offset 8
 4954              		@ sp needed
 4955 012a 10BD     		pop	{r4, pc}
 4956              	.LVL338:
 4957              	.L392:
 4958              	.LCFI88:
 4959              		.cfi_restore_state
1849:Modules/mpu6050/inv_mpu.c ****         if (i2c_write(st.hw->addr, st.reg->user_ctrl, 1, &tmp))
 4960              		.loc 1 1849 13 is_stmt 1 view .LVU1479
1849:Modules/mpu6050/inv_mpu.c ****         if (i2c_write(st.hw->addr, st.reg->user_ctrl, 1, &tmp))
 4961              		.loc 1 1849 17 is_stmt 0 view .LVU1480
 4962 012c 9DF80730 		ldrb	r3, [sp, #7]	@ zero_extendqisi2
 4963 0130 23F02003 		bic	r3, r3, #32
 4964 0134 8DF80730 		strb	r3, [sp, #7]
 4965 0138 C8E7     		b	.L393
 4966              	.L394:
1856:Modules/mpu6050/inv_mpu.c ****         if (st.chip_cfg.latched_int)
 4967              		.loc 1 1856 13 is_stmt 1 view .LVU1481
1856:Modules/mpu6050/inv_mpu.c ****         if (st.chip_cfg.latched_int)
 4968              		.loc 1 1856 17 is_stmt 0 view .LVU1482
ARM GAS  C:\Users\FASCIN~1\AppData\Local\Temp\ccNBUjvk.s 			page 146


 4969 013a 0023     		movs	r3, #0
 4970 013c 8DF80730 		strb	r3, [sp, #7]
 4971 0140 DAE7     		b	.L395
 4972              	.LVL339:
 4973              	.L397:
 4974              	.LCFI89:
 4975              		.cfi_def_cfa_offset 0
 4976              		.cfi_restore 4
 4977              		.cfi_restore 14
1826:Modules/mpu6050/inv_mpu.c **** 
 4978              		.loc 1 1826 16 view .LVU1483
 4979 0142 0020     		movs	r0, #0
 4980              	.LVL340:
1864:Modules/mpu6050/inv_mpu.c **** 
 4981              		.loc 1 1864 1 view .LVU1484
 4982 0144 7047     		bx	lr
 4983              	.L398:
 4984              	.LCFI90:
 4985              		.cfi_def_cfa_offset 16
 4986              		.cfi_offset 4, -8
 4987              		.cfi_offset 14, -4
1830:Modules/mpu6050/inv_mpu.c ****         tmp &= ~BIT_AUX_IF_EN;
 4988              		.loc 1 1830 20 view .LVU1485
 4989 0146 4FF0FF30 		mov	r0, #-1
 4990 014a EDE7     		b	.L386
 4991              	.L399:
1833:Modules/mpu6050/inv_mpu.c ****         delay_ms(3);
 4992              		.loc 1 1833 20 view .LVU1486
 4993 014c 4FF0FF30 		mov	r0, #-1
 4994 0150 EAE7     		b	.L386
 4995              	.L401:
1845:Modules/mpu6050/inv_mpu.c ****         if (st.chip_cfg.sensors & INV_XYZ_COMPASS)
 4996              		.loc 1 1845 20 view .LVU1487
 4997 0152 4FF0FF30 		mov	r0, #-1
 4998 0156 E7E7     		b	.L386
 4999              	.L402:
1851:Modules/mpu6050/inv_mpu.c ****         delay_ms(3);
 5000              		.loc 1 1851 20 view .LVU1488
 5001 0158 4FF0FF30 		mov	r0, #-1
 5002 015c E4E7     		b	.L386
 5003              	.L403:
1860:Modules/mpu6050/inv_mpu.c ****     }
 5004              		.loc 1 1860 20 view .LVU1489
 5005 015e 4FF0FF30 		mov	r0, #-1
 5006 0162 E1E7     		b	.L386
 5007              	.L409:
 5008              		.align	2
 5009              	.L408:
 5010 0164 00000000 		.word	st
 5011              		.cfi_endproc
 5012              	.LFE97:
 5014              		.section	.text.mpu_set_int_level,"ax",%progbits
 5015              		.align	1
 5016              		.global	mpu_set_int_level
 5017              		.syntax unified
 5018              		.thumb
 5019              		.thumb_func
ARM GAS  C:\Users\FASCIN~1\AppData\Local\Temp\ccNBUjvk.s 			page 147


 5021              	mpu_set_int_level:
 5022              	.LVL341:
 5023              	.LFB98:
1872:Modules/mpu6050/inv_mpu.c ****     st.chip_cfg.active_low_int = active_low;
 5024              		.loc 1 1872 1 is_stmt 1 view -0
 5025              		.cfi_startproc
 5026              		@ args = 0, pretend = 0, frame = 0
 5027              		@ frame_needed = 0, uses_anonymous_args = 0
 5028              		@ link register save eliminated.
1873:Modules/mpu6050/inv_mpu.c ****     return 0;
 5029              		.loc 1 1873 5 view .LVU1491
1873:Modules/mpu6050/inv_mpu.c ****     return 0;
 5030              		.loc 1 1873 32 is_stmt 0 view .LVU1492
 5031 0000 024B     		ldr	r3, .L411
 5032 0002 83F82200 		strb	r0, [r3, #34]
1874:Modules/mpu6050/inv_mpu.c **** }
 5033              		.loc 1 1874 5 is_stmt 1 view .LVU1493
1875:Modules/mpu6050/inv_mpu.c **** 
 5034              		.loc 1 1875 1 is_stmt 0 view .LVU1494
 5035 0006 0020     		movs	r0, #0
 5036              	.LVL342:
1875:Modules/mpu6050/inv_mpu.c **** 
 5037              		.loc 1 1875 1 view .LVU1495
 5038 0008 7047     		bx	lr
 5039              	.L412:
 5040 000a 00BF     		.align	2
 5041              	.L411:
 5042 000c 00000000 		.word	st
 5043              		.cfi_endproc
 5044              	.LFE98:
 5046              		.section	.text.mpu_set_int_latched,"ax",%progbits
 5047              		.align	1
 5048              		.global	mpu_set_int_latched
 5049              		.syntax unified
 5050              		.thumb
 5051              		.thumb_func
 5053              	mpu_set_int_latched:
 5054              	.LVL343:
 5055              	.LFB99:
1884:Modules/mpu6050/inv_mpu.c ****     unsigned char tmp;
 5056              		.loc 1 1884 1 is_stmt 1 view -0
 5057              		.cfi_startproc
 5058              		@ args = 0, pretend = 0, frame = 8
 5059              		@ frame_needed = 0, uses_anonymous_args = 0
1885:Modules/mpu6050/inv_mpu.c ****     if (st.chip_cfg.latched_int == enable)
 5060              		.loc 1 1885 5 view .LVU1497
1886:Modules/mpu6050/inv_mpu.c ****         return 0;
 5061              		.loc 1 1886 5 view .LVU1498
1886:Modules/mpu6050/inv_mpu.c ****         return 0;
 5062              		.loc 1 1886 20 is_stmt 0 view .LVU1499
 5063 0000 1B4B     		ldr	r3, .L425
 5064 0002 93F82330 		ldrb	r3, [r3, #35]	@ zero_extendqisi2
1886:Modules/mpu6050/inv_mpu.c ****         return 0;
 5065              		.loc 1 1886 8 view .LVU1500
 5066 0006 8342     		cmp	r3, r0
 5067 0008 2DD0     		beq	.L419
1884:Modules/mpu6050/inv_mpu.c ****     unsigned char tmp;
ARM GAS  C:\Users\FASCIN~1\AppData\Local\Temp\ccNBUjvk.s 			page 148


 5068              		.loc 1 1884 1 view .LVU1501
 5069 000a 10B5     		push	{r4, lr}
 5070              	.LCFI91:
 5071              		.cfi_def_cfa_offset 8
 5072              		.cfi_offset 4, -8
 5073              		.cfi_offset 14, -4
 5074 000c 82B0     		sub	sp, sp, #8
 5075              	.LCFI92:
 5076              		.cfi_def_cfa_offset 16
 5077 000e 0446     		mov	r4, r0
1889:Modules/mpu6050/inv_mpu.c ****         tmp = BIT_LATCH_EN | BIT_ANY_RD_CLR;
 5078              		.loc 1 1889 5 is_stmt 1 view .LVU1502
1889:Modules/mpu6050/inv_mpu.c ****         tmp = BIT_LATCH_EN | BIT_ANY_RD_CLR;
 5079              		.loc 1 1889 8 is_stmt 0 view .LVU1503
 5080 0010 28B3     		cbz	r0, .L415
1890:Modules/mpu6050/inv_mpu.c ****     else
 5081              		.loc 1 1890 9 is_stmt 1 view .LVU1504
1890:Modules/mpu6050/inv_mpu.c ****     else
 5082              		.loc 1 1890 13 is_stmt 0 view .LVU1505
 5083 0012 3023     		movs	r3, #48
 5084 0014 8DF80730 		strb	r3, [sp, #7]
 5085              	.L416:
1893:Modules/mpu6050/inv_mpu.c ****         tmp |= BIT_BYPASS_EN;
 5086              		.loc 1 1893 5 is_stmt 1 view .LVU1506
1893:Modules/mpu6050/inv_mpu.c ****         tmp |= BIT_BYPASS_EN;
 5087              		.loc 1 1893 20 is_stmt 0 view .LVU1507
 5088 0018 154B     		ldr	r3, .L425
 5089 001a 9B7C     		ldrb	r3, [r3, #18]	@ zero_extendqisi2
1893:Modules/mpu6050/inv_mpu.c ****         tmp |= BIT_BYPASS_EN;
 5090              		.loc 1 1893 8 view .LVU1508
 5091 001c 2BB1     		cbz	r3, .L417
1894:Modules/mpu6050/inv_mpu.c ****     if (st.chip_cfg.active_low_int)
 5092              		.loc 1 1894 9 is_stmt 1 view .LVU1509
1894:Modules/mpu6050/inv_mpu.c ****     if (st.chip_cfg.active_low_int)
 5093              		.loc 1 1894 13 is_stmt 0 view .LVU1510
 5094 001e 9DF80730 		ldrb	r3, [sp, #7]	@ zero_extendqisi2
 5095 0022 43F00203 		orr	r3, r3, #2
 5096 0026 8DF80730 		strb	r3, [sp, #7]
 5097              	.L417:
1895:Modules/mpu6050/inv_mpu.c ****         tmp |= BIT_ACTL;
 5098              		.loc 1 1895 5 is_stmt 1 view .LVU1511
1895:Modules/mpu6050/inv_mpu.c ****         tmp |= BIT_ACTL;
 5099              		.loc 1 1895 20 is_stmt 0 view .LVU1512
 5100 002a 114B     		ldr	r3, .L425
 5101 002c 93F82230 		ldrb	r3, [r3, #34]	@ zero_extendqisi2
1895:Modules/mpu6050/inv_mpu.c ****         tmp |= BIT_ACTL;
 5102              		.loc 1 1895 8 view .LVU1513
 5103 0030 2BB1     		cbz	r3, .L418
1896:Modules/mpu6050/inv_mpu.c ****     if (i2c_write(st.hw->addr, st.reg->int_pin_cfg, 1, &tmp))
 5104              		.loc 1 1896 9 is_stmt 1 view .LVU1514
1896:Modules/mpu6050/inv_mpu.c ****     if (i2c_write(st.hw->addr, st.reg->int_pin_cfg, 1, &tmp))
 5105              		.loc 1 1896 13 is_stmt 0 view .LVU1515
 5106 0032 9DF80730 		ldrb	r3, [sp, #7]	@ zero_extendqisi2
 5107 0036 63F07F03 		orn	r3, r3, #127
 5108 003a 8DF80730 		strb	r3, [sp, #7]
 5109              	.L418:
1897:Modules/mpu6050/inv_mpu.c ****         return -1;
ARM GAS  C:\Users\FASCIN~1\AppData\Local\Temp\ccNBUjvk.s 			page 149


 5110              		.loc 1 1897 5 is_stmt 1 view .LVU1516
1897:Modules/mpu6050/inv_mpu.c ****         return -1;
 5111              		.loc 1 1897 21 is_stmt 0 view .LVU1517
 5112 003e 0C4B     		ldr	r3, .L425
 5113 0040 5868     		ldr	r0, [r3, #4]
 5114              	.LVL344:
1897:Modules/mpu6050/inv_mpu.c ****         return -1;
 5115              		.loc 1 1897 34 view .LVU1518
 5116 0042 1968     		ldr	r1, [r3]
1897:Modules/mpu6050/inv_mpu.c ****         return -1;
 5117              		.loc 1 1897 9 view .LVU1519
 5118 0044 0DF10703 		add	r3, sp, #7
 5119 0048 0122     		movs	r2, #1
 5120 004a 097D     		ldrb	r1, [r1, #20]	@ zero_extendqisi2
 5121 004c 0078     		ldrb	r0, [r0]	@ zero_extendqisi2
 5122 004e FFF7FEFF 		bl	MPU_Write_Len
 5123              	.LVL345:
1897:Modules/mpu6050/inv_mpu.c ****         return -1;
 5124              		.loc 1 1897 8 discriminator 1 view .LVU1520
 5125 0052 50B9     		cbnz	r0, .L420
1899:Modules/mpu6050/inv_mpu.c ****     return 0;
 5126              		.loc 1 1899 5 is_stmt 1 view .LVU1521
1899:Modules/mpu6050/inv_mpu.c ****     return 0;
 5127              		.loc 1 1899 29 is_stmt 0 view .LVU1522
 5128 0054 064B     		ldr	r3, .L425
 5129 0056 83F82340 		strb	r4, [r3, #35]
1900:Modules/mpu6050/inv_mpu.c **** }
 5130              		.loc 1 1900 5 is_stmt 1 view .LVU1523
 5131              	.L413:
1901:Modules/mpu6050/inv_mpu.c **** 
 5132              		.loc 1 1901 1 is_stmt 0 view .LVU1524
 5133 005a 02B0     		add	sp, sp, #8
 5134              	.LCFI93:
 5135              		.cfi_remember_state
 5136              		.cfi_def_cfa_offset 8
 5137              		@ sp needed
 5138 005c 10BD     		pop	{r4, pc}
 5139              	.LVL346:
 5140              	.L415:
 5141              	.LCFI94:
 5142              		.cfi_restore_state
1892:Modules/mpu6050/inv_mpu.c ****     if (st.chip_cfg.bypass_mode)
 5143              		.loc 1 1892 9 is_stmt 1 view .LVU1525
1892:Modules/mpu6050/inv_mpu.c ****     if (st.chip_cfg.bypass_mode)
 5144              		.loc 1 1892 13 is_stmt 0 view .LVU1526
 5145 005e 0023     		movs	r3, #0
 5146 0060 8DF80730 		strb	r3, [sp, #7]
 5147 0064 D8E7     		b	.L416
 5148              	.L419:
 5149              	.LCFI95:
 5150              		.cfi_def_cfa_offset 0
 5151              		.cfi_restore 4
 5152              		.cfi_restore 14
1887:Modules/mpu6050/inv_mpu.c **** 
 5153              		.loc 1 1887 16 view .LVU1527
 5154 0066 0020     		movs	r0, #0
 5155              	.LVL347:
ARM GAS  C:\Users\FASCIN~1\AppData\Local\Temp\ccNBUjvk.s 			page 150


1901:Modules/mpu6050/inv_mpu.c **** 
 5156              		.loc 1 1901 1 view .LVU1528
 5157 0068 7047     		bx	lr
 5158              	.L420:
 5159              	.LCFI96:
 5160              		.cfi_def_cfa_offset 16
 5161              		.cfi_offset 4, -8
 5162              		.cfi_offset 14, -4
1898:Modules/mpu6050/inv_mpu.c ****     st.chip_cfg.latched_int = enable;
 5163              		.loc 1 1898 16 view .LVU1529
 5164 006a 4FF0FF30 		mov	r0, #-1
 5165 006e F4E7     		b	.L413
 5166              	.L426:
 5167              		.align	2
 5168              	.L425:
 5169 0070 00000000 		.word	st
 5170              		.cfi_endproc
 5171              	.LFE99:
 5173              		.section	.text.mpu_lp_accel_mode,"ax",%progbits
 5174              		.align	1
 5175              		.global	mpu_lp_accel_mode
 5176              		.syntax unified
 5177              		.thumb
 5178              		.thumb_func
 5180              	mpu_lp_accel_mode:
 5181              	.LVL348:
 5182              	.LFB72:
 893:Modules/mpu6050/inv_mpu.c ****     unsigned char tmp[2];
 5183              		.loc 1 893 1 is_stmt 1 view -0
 5184              		.cfi_startproc
 5185              		@ args = 0, pretend = 0, frame = 8
 5186              		@ frame_needed = 0, uses_anonymous_args = 0
 894:Modules/mpu6050/inv_mpu.c **** 
 5187              		.loc 1 894 5 view .LVU1531
 896:Modules/mpu6050/inv_mpu.c ****         return -1;
 5188              		.loc 1 896 5 view .LVU1532
 896:Modules/mpu6050/inv_mpu.c ****         return -1;
 5189              		.loc 1 896 8 is_stmt 0 view .LVU1533
 5190 0000 2828     		cmp	r0, #40
 5191 0002 5FD8     		bhi	.L434
 893:Modules/mpu6050/inv_mpu.c ****     unsigned char tmp[2];
 5192              		.loc 1 893 1 view .LVU1534
 5193 0004 10B5     		push	{r4, lr}
 5194              	.LCFI97:
 5195              		.cfi_def_cfa_offset 8
 5196              		.cfi_offset 4, -8
 5197              		.cfi_offset 14, -4
 5198 0006 82B0     		sub	sp, sp, #8
 5199              	.LCFI98:
 5200              		.cfi_def_cfa_offset 16
 5201 0008 0446     		mov	r4, r0
 899:Modules/mpu6050/inv_mpu.c ****         mpu_set_int_latched(0);
 5202              		.loc 1 899 5 is_stmt 1 view .LVU1535
 899:Modules/mpu6050/inv_mpu.c ****         mpu_set_int_latched(0);
 5203              		.loc 1 899 8 is_stmt 0 view .LVU1536
 5204 000a B8B9     		cbnz	r0, .L429
 900:Modules/mpu6050/inv_mpu.c ****         tmp[0] = 0;
ARM GAS  C:\Users\FASCIN~1\AppData\Local\Temp\ccNBUjvk.s 			page 151


 5205              		.loc 1 900 9 is_stmt 1 view .LVU1537
 5206 000c 0020     		movs	r0, #0
 5207              	.LVL349:
 900:Modules/mpu6050/inv_mpu.c ****         tmp[0] = 0;
 5208              		.loc 1 900 9 is_stmt 0 view .LVU1538
 5209 000e FFF7FEFF 		bl	mpu_set_int_latched
 5210              	.LVL350:
 901:Modules/mpu6050/inv_mpu.c ****         tmp[1] = BIT_STBY_XYZG;
 5211              		.loc 1 901 9 is_stmt 1 view .LVU1539
 901:Modules/mpu6050/inv_mpu.c ****         tmp[1] = BIT_STBY_XYZG;
 5212              		.loc 1 901 16 is_stmt 0 view .LVU1540
 5213 0012 0023     		movs	r3, #0
 5214 0014 8DF80430 		strb	r3, [sp, #4]
 902:Modules/mpu6050/inv_mpu.c ****         if (i2c_write(st.hw->addr, st.reg->pwr_mgmt_1, 2, tmp))
 5215              		.loc 1 902 9 is_stmt 1 view .LVU1541
 902:Modules/mpu6050/inv_mpu.c ****         if (i2c_write(st.hw->addr, st.reg->pwr_mgmt_1, 2, tmp))
 5216              		.loc 1 902 16 is_stmt 0 view .LVU1542
 5217 0018 0723     		movs	r3, #7
 5218 001a 8DF80530 		strb	r3, [sp, #5]
 903:Modules/mpu6050/inv_mpu.c ****             return -1;
 5219              		.loc 1 903 9 is_stmt 1 view .LVU1543
 903:Modules/mpu6050/inv_mpu.c ****             return -1;
 5220              		.loc 1 903 25 is_stmt 0 view .LVU1544
 5221 001e 2E4B     		ldr	r3, .L443
 5222 0020 5868     		ldr	r0, [r3, #4]
 903:Modules/mpu6050/inv_mpu.c ****             return -1;
 5223              		.loc 1 903 38 view .LVU1545
 5224 0022 1968     		ldr	r1, [r3]
 903:Modules/mpu6050/inv_mpu.c ****             return -1;
 5225              		.loc 1 903 13 view .LVU1546
 5226 0024 01AB     		add	r3, sp, #4
 5227 0026 0222     		movs	r2, #2
 5228 0028 897C     		ldrb	r1, [r1, #18]	@ zero_extendqisi2
 5229 002a 0078     		ldrb	r0, [r0]	@ zero_extendqisi2
 5230 002c FFF7FEFF 		bl	MPU_Write_Len
 5231              	.LVL351:
 903:Modules/mpu6050/inv_mpu.c ****             return -1;
 5232              		.loc 1 903 12 discriminator 1 view .LVU1547
 5233 0030 0028     		cmp	r0, #0
 5234 0032 4AD1     		bne	.L435
 905:Modules/mpu6050/inv_mpu.c ****         return 0;
 5235              		.loc 1 905 9 is_stmt 1 view .LVU1548
 905:Modules/mpu6050/inv_mpu.c ****         return 0;
 5236              		.loc 1 905 35 is_stmt 0 view .LVU1549
 5237 0034 284B     		ldr	r3, .L443
 5238 0036 1875     		strb	r0, [r3, #20]
 906:Modules/mpu6050/inv_mpu.c ****     }
 5239              		.loc 1 906 9 is_stmt 1 view .LVU1550
 5240              	.LVL352:
 5241              	.L427:
 968:Modules/mpu6050/inv_mpu.c **** 
 5242              		.loc 1 968 1 is_stmt 0 view .LVU1551
 5243 0038 02B0     		add	sp, sp, #8
 5244              	.LCFI99:
 5245              		.cfi_remember_state
 5246              		.cfi_def_cfa_offset 8
 5247              		@ sp needed
ARM GAS  C:\Users\FASCIN~1\AppData\Local\Temp\ccNBUjvk.s 			page 152


 5248 003a 10BD     		pop	{r4, pc}
 5249              	.LVL353:
 5250              	.L429:
 5251              	.LCFI100:
 5252              		.cfi_restore_state
 915:Modules/mpu6050/inv_mpu.c **** #if defined MPU6050
 5253              		.loc 1 915 5 is_stmt 1 view .LVU1552
 5254 003c 0120     		movs	r0, #1
 5255              	.LVL354:
 915:Modules/mpu6050/inv_mpu.c **** #if defined MPU6050
 5256              		.loc 1 915 5 is_stmt 0 view .LVU1553
 5257 003e FFF7FEFF 		bl	mpu_set_int_latched
 5258              	.LVL355:
 917:Modules/mpu6050/inv_mpu.c ****     if (rate == 1) {
 5259              		.loc 1 917 5 is_stmt 1 view .LVU1554
 917:Modules/mpu6050/inv_mpu.c ****     if (rate == 1) {
 5260              		.loc 1 917 12 is_stmt 0 view .LVU1555
 5261 0042 2023     		movs	r3, #32
 5262 0044 8DF80430 		strb	r3, [sp, #4]
 918:Modules/mpu6050/inv_mpu.c ****         tmp[1] = INV_LPA_1_25HZ;
 5263              		.loc 1 918 5 is_stmt 1 view .LVU1556
 918:Modules/mpu6050/inv_mpu.c ****         tmp[1] = INV_LPA_1_25HZ;
 5264              		.loc 1 918 8 is_stmt 0 view .LVU1557
 5265 0048 012C     		cmp	r4, #1
 5266 004a 26D0     		beq	.L441
 921:Modules/mpu6050/inv_mpu.c ****         tmp[1] = INV_LPA_5HZ;
 5267              		.loc 1 921 12 is_stmt 1 view .LVU1558
 921:Modules/mpu6050/inv_mpu.c ****         tmp[1] = INV_LPA_5HZ;
 5268              		.loc 1 921 15 is_stmt 0 view .LVU1559
 5269 004c 052C     		cmp	r4, #5
 5270 004e 2BD9     		bls	.L442
 924:Modules/mpu6050/inv_mpu.c ****         tmp[1] = INV_LPA_20HZ;
 5271              		.loc 1 924 12 is_stmt 1 view .LVU1560
 924:Modules/mpu6050/inv_mpu.c ****         tmp[1] = INV_LPA_20HZ;
 5272              		.loc 1 924 15 is_stmt 0 view .LVU1561
 5273 0050 142C     		cmp	r4, #20
 5274 0052 30D8     		bhi	.L433
 925:Modules/mpu6050/inv_mpu.c ****         mpu_set_lpf(10);
 5275              		.loc 1 925 9 is_stmt 1 view .LVU1562
 925:Modules/mpu6050/inv_mpu.c ****         mpu_set_lpf(10);
 5276              		.loc 1 925 16 is_stmt 0 view .LVU1563
 5277 0054 0223     		movs	r3, #2
 5278 0056 8DF80530 		strb	r3, [sp, #5]
 926:Modules/mpu6050/inv_mpu.c ****     } else {
 5279              		.loc 1 926 9 is_stmt 1 view .LVU1564
 5280 005a 0A20     		movs	r0, #10
 5281 005c FFF7FEFF 		bl	mpu_set_lpf
 5282              	.LVL356:
 5283              	.L431:
 931:Modules/mpu6050/inv_mpu.c ****     if (i2c_write(st.hw->addr, st.reg->pwr_mgmt_1, 2, tmp))
 5284              		.loc 1 931 5 view .LVU1565
 931:Modules/mpu6050/inv_mpu.c ****     if (i2c_write(st.hw->addr, st.reg->pwr_mgmt_1, 2, tmp))
 5285              		.loc 1 931 18 is_stmt 0 view .LVU1566
 5286 0060 9DF80530 		ldrb	r3, [sp, #5]	@ zero_extendqisi2
 931:Modules/mpu6050/inv_mpu.c ****     if (i2c_write(st.hw->addr, st.reg->pwr_mgmt_1, 2, tmp))
 5287              		.loc 1 931 28 view .LVU1567
 5288 0064 9B01     		lsls	r3, r3, #6
ARM GAS  C:\Users\FASCIN~1\AppData\Local\Temp\ccNBUjvk.s 			page 153


 5289 0066 43F00703 		orr	r3, r3, #7
 931:Modules/mpu6050/inv_mpu.c ****     if (i2c_write(st.hw->addr, st.reg->pwr_mgmt_1, 2, tmp))
 5290              		.loc 1 931 12 view .LVU1568
 5291 006a 8DF80530 		strb	r3, [sp, #5]
 932:Modules/mpu6050/inv_mpu.c ****         return -1;
 5292              		.loc 1 932 5 is_stmt 1 view .LVU1569
 932:Modules/mpu6050/inv_mpu.c ****         return -1;
 5293              		.loc 1 932 21 is_stmt 0 view .LVU1570
 5294 006e 1A4B     		ldr	r3, .L443
 5295 0070 5868     		ldr	r0, [r3, #4]
 932:Modules/mpu6050/inv_mpu.c ****         return -1;
 5296              		.loc 1 932 34 view .LVU1571
 5297 0072 1968     		ldr	r1, [r3]
 932:Modules/mpu6050/inv_mpu.c ****         return -1;
 5298              		.loc 1 932 9 view .LVU1572
 5299 0074 01AB     		add	r3, sp, #4
 5300 0076 0222     		movs	r2, #2
 5301 0078 897C     		ldrb	r1, [r1, #18]	@ zero_extendqisi2
 5302 007a 0078     		ldrb	r0, [r0]	@ zero_extendqisi2
 5303 007c FFF7FEFF 		bl	MPU_Write_Len
 5304              	.LVL357:
 932:Modules/mpu6050/inv_mpu.c ****         return -1;
 5305              		.loc 1 932 8 discriminator 1 view .LVU1573
 5306 0080 30BB     		cbnz	r0, .L436
 962:Modules/mpu6050/inv_mpu.c ****     st.chip_cfg.clk_src = 0;
 5307              		.loc 1 962 5 is_stmt 1 view .LVU1574
 962:Modules/mpu6050/inv_mpu.c ****     st.chip_cfg.clk_src = 0;
 5308              		.loc 1 962 25 is_stmt 0 view .LVU1575
 5309 0082 154B     		ldr	r3, .L443
 5310 0084 0822     		movs	r2, #8
 5311 0086 9A72     		strb	r2, [r3, #10]
 963:Modules/mpu6050/inv_mpu.c ****     st.chip_cfg.lp_accel_mode = 1;
 5312              		.loc 1 963 5 is_stmt 1 view .LVU1576
 963:Modules/mpu6050/inv_mpu.c ****     st.chip_cfg.lp_accel_mode = 1;
 5313              		.loc 1 963 25 is_stmt 0 view .LVU1577
 5314 0088 0024     		movs	r4, #0
 5315              	.LVL358:
 963:Modules/mpu6050/inv_mpu.c ****     st.chip_cfg.lp_accel_mode = 1;
 5316              		.loc 1 963 25 view .LVU1578
 5317 008a 1C73     		strb	r4, [r3, #12]
 964:Modules/mpu6050/inv_mpu.c ****     mpu_configure_fifo(0);
 5318              		.loc 1 964 5 is_stmt 1 view .LVU1579
 964:Modules/mpu6050/inv_mpu.c ****     mpu_configure_fifo(0);
 5319              		.loc 1 964 31 is_stmt 0 view .LVU1580
 5320 008c 0122     		movs	r2, #1
 5321 008e 1A75     		strb	r2, [r3, #20]
 965:Modules/mpu6050/inv_mpu.c **** 
 5322              		.loc 1 965 5 is_stmt 1 view .LVU1581
 5323 0090 2046     		mov	r0, r4
 5324 0092 FFF7FEFF 		bl	mpu_configure_fifo
 5325              	.LVL359:
 967:Modules/mpu6050/inv_mpu.c **** }
 5326              		.loc 1 967 5 view .LVU1582
 967:Modules/mpu6050/inv_mpu.c **** }
 5327              		.loc 1 967 12 is_stmt 0 view .LVU1583
 5328 0096 2046     		mov	r0, r4
 5329 0098 CEE7     		b	.L427
ARM GAS  C:\Users\FASCIN~1\AppData\Local\Temp\ccNBUjvk.s 			page 154


 5330              	.L441:
 919:Modules/mpu6050/inv_mpu.c ****         mpu_set_lpf(5);
 5331              		.loc 1 919 9 is_stmt 1 view .LVU1584
 919:Modules/mpu6050/inv_mpu.c ****         mpu_set_lpf(5);
 5332              		.loc 1 919 16 is_stmt 0 view .LVU1585
 5333 009a 0023     		movs	r3, #0
 5334 009c 8DF80530 		strb	r3, [sp, #5]
 920:Modules/mpu6050/inv_mpu.c ****     } else if (rate <= 5) {
 5335              		.loc 1 920 9 is_stmt 1 view .LVU1586
 5336 00a0 0520     		movs	r0, #5
 5337 00a2 FFF7FEFF 		bl	mpu_set_lpf
 5338              	.LVL360:
 5339 00a6 DBE7     		b	.L431
 5340              	.L442:
 922:Modules/mpu6050/inv_mpu.c ****         mpu_set_lpf(5);
 5341              		.loc 1 922 9 view .LVU1587
 922:Modules/mpu6050/inv_mpu.c ****         mpu_set_lpf(5);
 5342              		.loc 1 922 16 is_stmt 0 view .LVU1588
 5343 00a8 0123     		movs	r3, #1
 5344 00aa 8DF80530 		strb	r3, [sp, #5]
 923:Modules/mpu6050/inv_mpu.c ****     } else if (rate <= 20) {
 5345              		.loc 1 923 9 is_stmt 1 view .LVU1589
 5346 00ae 0520     		movs	r0, #5
 5347 00b0 FFF7FEFF 		bl	mpu_set_lpf
 5348              	.LVL361:
 5349 00b4 D4E7     		b	.L431
 5350              	.L433:
 928:Modules/mpu6050/inv_mpu.c ****         mpu_set_lpf(20);
 5351              		.loc 1 928 9 view .LVU1590
 928:Modules/mpu6050/inv_mpu.c ****         mpu_set_lpf(20);
 5352              		.loc 1 928 16 is_stmt 0 view .LVU1591
 5353 00b6 0323     		movs	r3, #3
 5354 00b8 8DF80530 		strb	r3, [sp, #5]
 929:Modules/mpu6050/inv_mpu.c ****     }
 5355              		.loc 1 929 9 is_stmt 1 view .LVU1592
 5356 00bc 1420     		movs	r0, #20
 5357 00be FFF7FEFF 		bl	mpu_set_lpf
 5358              	.LVL362:
 5359 00c2 CDE7     		b	.L431
 5360              	.LVL363:
 5361              	.L434:
 5362              	.LCFI101:
 5363              		.cfi_def_cfa_offset 0
 5364              		.cfi_restore 4
 5365              		.cfi_restore 14
 897:Modules/mpu6050/inv_mpu.c **** 
 5366              		.loc 1 897 16 is_stmt 0 view .LVU1593
 5367 00c4 4FF0FF30 		mov	r0, #-1
 5368              	.LVL364:
 968:Modules/mpu6050/inv_mpu.c **** 
 5369              		.loc 1 968 1 view .LVU1594
 5370 00c8 7047     		bx	lr
 5371              	.L435:
 5372              	.LCFI102:
 5373              		.cfi_def_cfa_offset 16
 5374              		.cfi_offset 4, -8
 5375              		.cfi_offset 14, -4
ARM GAS  C:\Users\FASCIN~1\AppData\Local\Temp\ccNBUjvk.s 			page 155


 904:Modules/mpu6050/inv_mpu.c ****         st.chip_cfg.lp_accel_mode = 0;
 5376              		.loc 1 904 20 view .LVU1595
 5377 00ca 4FF0FF30 		mov	r0, #-1
 5378 00ce B3E7     		b	.L427
 5379              	.L436:
 933:Modules/mpu6050/inv_mpu.c **** #elif defined MPU6500
 5380              		.loc 1 933 16 view .LVU1596
 5381 00d0 4FF0FF30 		mov	r0, #-1
 5382 00d4 B0E7     		b	.L427
 5383              	.L444:
 5384 00d6 00BF     		.align	2
 5385              	.L443:
 5386 00d8 00000000 		.word	st
 5387              		.cfi_endproc
 5388              	.LFE72:
 5390              		.section	.text.mpu_set_sample_rate,"ax",%progbits
 5391              		.align	1
 5392              		.global	mpu_set_sample_rate
 5393              		.syntax unified
 5394              		.thumb
 5395              		.thumb_func
 5397              	mpu_set_sample_rate:
 5398              	.LVL365:
 5399              	.LFB85:
1372:Modules/mpu6050/inv_mpu.c ****     unsigned char data;
 5400              		.loc 1 1372 1 is_stmt 1 view -0
 5401              		.cfi_startproc
 5402              		@ args = 0, pretend = 0, frame = 8
 5403              		@ frame_needed = 0, uses_anonymous_args = 0
1373:Modules/mpu6050/inv_mpu.c **** 
 5404              		.loc 1 1373 5 view .LVU1598
1375:Modules/mpu6050/inv_mpu.c ****         return -1;
 5405              		.loc 1 1375 5 view .LVU1599
1375:Modules/mpu6050/inv_mpu.c ****         return -1;
 5406              		.loc 1 1375 22 is_stmt 0 view .LVU1600
 5407 0000 264B     		ldr	r3, .L460
 5408 0002 9B7A     		ldrb	r3, [r3, #10]	@ zero_extendqisi2
1375:Modules/mpu6050/inv_mpu.c ****         return -1;
 5409              		.loc 1 1375 8 view .LVU1601
 5410 0004 002B     		cmp	r3, #0
 5411 0006 40D0     		beq	.L450
1372:Modules/mpu6050/inv_mpu.c ****     unsigned char data;
 5412              		.loc 1 1372 1 view .LVU1602
 5413 0008 10B5     		push	{r4, lr}
 5414              	.LCFI103:
 5415              		.cfi_def_cfa_offset 8
 5416              		.cfi_offset 4, -8
 5417              		.cfi_offset 14, -4
 5418 000a 82B0     		sub	sp, sp, #8
 5419              	.LCFI104:
 5420              		.cfi_def_cfa_offset 16
 5421 000c 0446     		mov	r4, r0
1378:Modules/mpu6050/inv_mpu.c ****         return -1;
 5422              		.loc 1 1378 5 is_stmt 1 view .LVU1603
1378:Modules/mpu6050/inv_mpu.c ****         return -1;
 5423              		.loc 1 1378 20 is_stmt 0 view .LVU1604
 5424 000e 234B     		ldr	r3, .L460
ARM GAS  C:\Users\FASCIN~1\AppData\Local\Temp\ccNBUjvk.s 			page 156


 5425 0010 93F82430 		ldrb	r3, [r3, #36]	@ zero_extendqisi2
1378:Modules/mpu6050/inv_mpu.c ****         return -1;
 5426              		.loc 1 1378 8 view .LVU1605
 5427 0014 002B     		cmp	r3, #0
 5428 0016 3BD1     		bne	.L451
1381:Modules/mpu6050/inv_mpu.c ****             if (rate && (rate <= 40)) {
 5429              		.loc 1 1381 9 is_stmt 1 view .LVU1606
1381:Modules/mpu6050/inv_mpu.c ****             if (rate && (rate <= 40)) {
 5430              		.loc 1 1381 24 is_stmt 0 view .LVU1607
 5431 0018 204B     		ldr	r3, .L460
 5432 001a 1B7D     		ldrb	r3, [r3, #20]	@ zero_extendqisi2
1381:Modules/mpu6050/inv_mpu.c ****             if (rate && (rate <= 40)) {
 5433              		.loc 1 1381 12 view .LVU1608
 5434 001c 33B1     		cbz	r3, .L447
1382:Modules/mpu6050/inv_mpu.c ****                 /* Just stay in low-power accel mode. */
 5435              		.loc 1 1382 13 is_stmt 1 view .LVU1609
1382:Modules/mpu6050/inv_mpu.c ****                 /* Just stay in low-power accel mode. */
 5436              		.loc 1 1382 22 is_stmt 0 view .LVU1610
 5437 001e 431E     		subs	r3, r0, #1
 5438 0020 9BB2     		uxth	r3, r3
1382:Modules/mpu6050/inv_mpu.c ****                 /* Just stay in low-power accel mode. */
 5439              		.loc 1 1382 16 view .LVU1611
 5440 0022 272B     		cmp	r3, #39
 5441 0024 0AD9     		bls	.L459
1390:Modules/mpu6050/inv_mpu.c ****         }
 5442              		.loc 1 1390 13 is_stmt 1 view .LVU1612
 5443 0026 0020     		movs	r0, #0
 5444              	.LVL366:
1390:Modules/mpu6050/inv_mpu.c ****         }
 5445              		.loc 1 1390 13 is_stmt 0 view .LVU1613
 5446 0028 FFF7FEFF 		bl	mpu_lp_accel_mode
 5447              	.LVL367:
 5448              	.L447:
1392:Modules/mpu6050/inv_mpu.c ****             rate = 4;
 5449              		.loc 1 1392 9 is_stmt 1 view .LVU1614
1392:Modules/mpu6050/inv_mpu.c ****             rate = 4;
 5450              		.loc 1 1392 12 is_stmt 0 view .LVU1615
 5451 002c 032C     		cmp	r4, #3
 5452 002e 0AD9     		bls	.L452
1394:Modules/mpu6050/inv_mpu.c ****             rate = 1000;
 5453              		.loc 1 1394 14 is_stmt 1 view .LVU1616
1394:Modules/mpu6050/inv_mpu.c ****             rate = 1000;
 5454              		.loc 1 1394 17 is_stmt 0 view .LVU1617
 5455 0030 B4F57A7F 		cmp	r4, #1000
 5456 0034 08D9     		bls	.L449
1395:Modules/mpu6050/inv_mpu.c **** 
 5457              		.loc 1 1395 18 view .LVU1618
 5458 0036 4FF47A74 		mov	r4, #1000
 5459              	.LVL368:
1395:Modules/mpu6050/inv_mpu.c **** 
 5460              		.loc 1 1395 18 view .LVU1619
 5461 003a 05E0     		b	.L449
 5462              	.LVL369:
 5463              	.L459:
1384:Modules/mpu6050/inv_mpu.c ****                 return 0;
 5464              		.loc 1 1384 17 is_stmt 1 view .LVU1620
 5465 003c C0B2     		uxtb	r0, r0
ARM GAS  C:\Users\FASCIN~1\AppData\Local\Temp\ccNBUjvk.s 			page 157


 5466              	.LVL370:
1384:Modules/mpu6050/inv_mpu.c ****                 return 0;
 5467              		.loc 1 1384 17 is_stmt 0 view .LVU1621
 5468 003e FFF7FEFF 		bl	mpu_lp_accel_mode
 5469              	.LVL371:
1385:Modules/mpu6050/inv_mpu.c ****             }
 5470              		.loc 1 1385 17 is_stmt 1 view .LVU1622
1385:Modules/mpu6050/inv_mpu.c ****             }
 5471              		.loc 1 1385 24 is_stmt 0 view .LVU1623
 5472 0042 0020     		movs	r0, #0
 5473 0044 1FE0     		b	.L445
 5474              	.L452:
1393:Modules/mpu6050/inv_mpu.c ****         else if (rate > 1000)
 5475              		.loc 1 1393 18 view .LVU1624
 5476 0046 0424     		movs	r4, #4
 5477              	.LVL372:
 5478              	.L449:
1397:Modules/mpu6050/inv_mpu.c ****         if (i2c_write(st.hw->addr, st.reg->rate_div, 1, &data))
 5479              		.loc 1 1397 9 is_stmt 1 view .LVU1625
1397:Modules/mpu6050/inv_mpu.c ****         if (i2c_write(st.hw->addr, st.reg->rate_div, 1, &data))
 5480              		.loc 1 1397 21 is_stmt 0 view .LVU1626
 5481 0048 4FF47A73 		mov	r3, #1000
 5482 004c 93FBF4F3 		sdiv	r3, r3, r4
1397:Modules/mpu6050/inv_mpu.c ****         if (i2c_write(st.hw->addr, st.reg->rate_div, 1, &data))
 5483              		.loc 1 1397 28 view .LVU1627
 5484 0050 013B     		subs	r3, r3, #1
1397:Modules/mpu6050/inv_mpu.c ****         if (i2c_write(st.hw->addr, st.reg->rate_div, 1, &data))
 5485              		.loc 1 1397 14 view .LVU1628
 5486 0052 8DF80730 		strb	r3, [sp, #7]
1398:Modules/mpu6050/inv_mpu.c ****             return -1;
 5487              		.loc 1 1398 9 is_stmt 1 view .LVU1629
1398:Modules/mpu6050/inv_mpu.c ****             return -1;
 5488              		.loc 1 1398 25 is_stmt 0 view .LVU1630
 5489 0056 114B     		ldr	r3, .L460
 5490 0058 5868     		ldr	r0, [r3, #4]
1398:Modules/mpu6050/inv_mpu.c ****             return -1;
 5491              		.loc 1 1398 38 view .LVU1631
 5492 005a 1968     		ldr	r1, [r3]
1398:Modules/mpu6050/inv_mpu.c ****             return -1;
 5493              		.loc 1 1398 13 view .LVU1632
 5494 005c 0DF10703 		add	r3, sp, #7
 5495 0060 0122     		movs	r2, #1
 5496 0062 4978     		ldrb	r1, [r1, #1]	@ zero_extendqisi2
 5497 0064 0078     		ldrb	r0, [r0]	@ zero_extendqisi2
 5498 0066 FFF7FEFF 		bl	MPU_Write_Len
 5499              	.LVL373:
1398:Modules/mpu6050/inv_mpu.c ****             return -1;
 5500              		.loc 1 1398 12 discriminator 1 view .LVU1633
 5501 006a A0B9     		cbnz	r0, .L454
1401:Modules/mpu6050/inv_mpu.c **** 
 5502              		.loc 1 1401 9 is_stmt 1 view .LVU1634
1401:Modules/mpu6050/inv_mpu.c **** 
 5503              		.loc 1 1401 45 is_stmt 0 view .LVU1635
 5504 006c 9DF80730 		ldrb	r3, [sp, #7]	@ zero_extendqisi2
 5505 0070 0133     		adds	r3, r3, #1
1401:Modules/mpu6050/inv_mpu.c **** 
 5506              		.loc 1 1401 33 view .LVU1636
ARM GAS  C:\Users\FASCIN~1\AppData\Local\Temp\ccNBUjvk.s 			page 158


 5507 0072 4FF47A70 		mov	r0, #1000
 5508 0076 90FBF3F0 		sdiv	r0, r0, r3
 5509 007a 084B     		ldr	r3, .L460
 5510 007c D881     		strh	r0, [r3, #14]	@ movhi
1408:Modules/mpu6050/inv_mpu.c ****         return 0;
 5511              		.loc 1 1408 9 is_stmt 1 view .LVU1637
 5512 007e 4008     		lsrs	r0, r0, #1
 5513 0080 FFF7FEFF 		bl	mpu_set_lpf
 5514              	.LVL374:
1409:Modules/mpu6050/inv_mpu.c ****     }
 5515              		.loc 1 1409 9 view .LVU1638
1409:Modules/mpu6050/inv_mpu.c ****     }
 5516              		.loc 1 1409 16 is_stmt 0 view .LVU1639
 5517 0084 0020     		movs	r0, #0
 5518              	.LVL375:
 5519              	.L445:
1411:Modules/mpu6050/inv_mpu.c **** 
 5520              		.loc 1 1411 1 view .LVU1640
 5521 0086 02B0     		add	sp, sp, #8
 5522              	.LCFI105:
 5523              		.cfi_def_cfa_offset 8
 5524              		@ sp needed
 5525 0088 10BD     		pop	{r4, pc}
 5526              	.LVL376:
 5527              	.L450:
 5528              	.LCFI106:
 5529              		.cfi_def_cfa_offset 0
 5530              		.cfi_restore 4
 5531              		.cfi_restore 14
1376:Modules/mpu6050/inv_mpu.c **** 
 5532              		.loc 1 1376 16 view .LVU1641
 5533 008a 4FF0FF30 		mov	r0, #-1
 5534              	.LVL377:
1411:Modules/mpu6050/inv_mpu.c **** 
 5535              		.loc 1 1411 1 view .LVU1642
 5536 008e 7047     		bx	lr
 5537              	.LVL378:
 5538              	.L451:
 5539              	.LCFI107:
 5540              		.cfi_def_cfa_offset 16
 5541              		.cfi_offset 4, -8
 5542              		.cfi_offset 14, -4
1379:Modules/mpu6050/inv_mpu.c ****     else {
 5543              		.loc 1 1379 16 view .LVU1643
 5544 0090 4FF0FF30 		mov	r0, #-1
 5545              	.LVL379:
1379:Modules/mpu6050/inv_mpu.c ****     else {
 5546              		.loc 1 1379 16 view .LVU1644
 5547 0094 F7E7     		b	.L445
 5548              	.L454:
1399:Modules/mpu6050/inv_mpu.c **** 
 5549              		.loc 1 1399 20 view .LVU1645
 5550 0096 4FF0FF30 		mov	r0, #-1
 5551 009a F4E7     		b	.L445
 5552              	.L461:
 5553              		.align	2
 5554              	.L460:
ARM GAS  C:\Users\FASCIN~1\AppData\Local\Temp\ccNBUjvk.s 			page 159


 5555 009c 00000000 		.word	st
 5556              		.cfi_endproc
 5557              	.LFE85:
 5559              		.section	.text.mpu_set_sensors,"ax",%progbits
 5560              		.align	1
 5561              		.global	mpu_set_sensors
 5562              		.syntax unified
 5563              		.thumb
 5564              		.thumb_func
 5566              	mpu_set_sensors:
 5567              	.LVL380:
 5568              	.LFB93:
1597:Modules/mpu6050/inv_mpu.c ****     unsigned char data;
 5569              		.loc 1 1597 1 is_stmt 1 view -0
 5570              		.cfi_startproc
 5571              		@ args = 0, pretend = 0, frame = 8
 5572              		@ frame_needed = 0, uses_anonymous_args = 0
1597:Modules/mpu6050/inv_mpu.c ****     unsigned char data;
 5573              		.loc 1 1597 1 is_stmt 0 view .LVU1647
 5574 0000 10B5     		push	{r4, lr}
 5575              	.LCFI108:
 5576              		.cfi_def_cfa_offset 8
 5577              		.cfi_offset 4, -8
 5578              		.cfi_offset 14, -4
 5579 0002 82B0     		sub	sp, sp, #8
 5580              	.LCFI109:
 5581              		.cfi_def_cfa_offset 16
 5582 0004 0446     		mov	r4, r0
1598:Modules/mpu6050/inv_mpu.c **** #ifdef AK89xx_SECONDARY
 5583              		.loc 1 1598 5 is_stmt 1 view .LVU1648
1603:Modules/mpu6050/inv_mpu.c ****         data = INV_CLK_PLL;
 5584              		.loc 1 1603 5 view .LVU1649
1603:Modules/mpu6050/inv_mpu.c ****         data = INV_CLK_PLL;
 5585              		.loc 1 1603 8 is_stmt 0 view .LVU1650
 5586 0006 10F0700F 		tst	r0, #112
 5587 000a 50D0     		beq	.L463
1604:Modules/mpu6050/inv_mpu.c ****     else if (sensors)
 5588              		.loc 1 1604 9 is_stmt 1 view .LVU1651
1604:Modules/mpu6050/inv_mpu.c ****     else if (sensors)
 5589              		.loc 1 1604 14 is_stmt 0 view .LVU1652
 5590 000c 0123     		movs	r3, #1
 5591 000e 8DF80730 		strb	r3, [sp, #7]
 5592              	.L464:
1609:Modules/mpu6050/inv_mpu.c ****         st.chip_cfg.sensors = 0;
 5593              		.loc 1 1609 5 is_stmt 1 view .LVU1653
1609:Modules/mpu6050/inv_mpu.c ****         st.chip_cfg.sensors = 0;
 5594              		.loc 1 1609 21 is_stmt 0 view .LVU1654
 5595 0012 334B     		ldr	r3, .L478
 5596 0014 5868     		ldr	r0, [r3, #4]
 5597              	.LVL381:
1609:Modules/mpu6050/inv_mpu.c ****         st.chip_cfg.sensors = 0;
 5598              		.loc 1 1609 34 view .LVU1655
 5599 0016 1968     		ldr	r1, [r3]
1609:Modules/mpu6050/inv_mpu.c ****         st.chip_cfg.sensors = 0;
 5600              		.loc 1 1609 9 view .LVU1656
 5601 0018 0DF10703 		add	r3, sp, #7
 5602 001c 0122     		movs	r2, #1
ARM GAS  C:\Users\FASCIN~1\AppData\Local\Temp\ccNBUjvk.s 			page 160


 5603 001e 897C     		ldrb	r1, [r1, #18]	@ zero_extendqisi2
 5604 0020 0078     		ldrb	r0, [r0]	@ zero_extendqisi2
 5605 0022 FFF7FEFF 		bl	MPU_Write_Len
 5606              	.LVL382:
1609:Modules/mpu6050/inv_mpu.c ****         st.chip_cfg.sensors = 0;
 5607              		.loc 1 1609 8 discriminator 1 view .LVU1657
 5608 0026 0028     		cmp	r0, #0
 5609 0028 4AD1     		bne	.L475
1613:Modules/mpu6050/inv_mpu.c **** 
 5610              		.loc 1 1613 5 is_stmt 1 view .LVU1658
1613:Modules/mpu6050/inv_mpu.c **** 
 5611              		.loc 1 1613 32 is_stmt 0 view .LVU1659
 5612 002a 9DF80730 		ldrb	r3, [sp, #7]	@ zero_extendqisi2
 5613 002e 03F0BF03 		and	r3, r3, #191
1613:Modules/mpu6050/inv_mpu.c **** 
 5614              		.loc 1 1613 25 view .LVU1660
 5615 0032 2B4A     		ldr	r2, .L478
 5616 0034 1373     		strb	r3, [r2, #12]
1615:Modules/mpu6050/inv_mpu.c ****     if (!(sensors & INV_X_GYRO))
 5617              		.loc 1 1615 5 is_stmt 1 view .LVU1661
1615:Modules/mpu6050/inv_mpu.c ****     if (!(sensors & INV_X_GYRO))
 5618              		.loc 1 1615 10 is_stmt 0 view .LVU1662
 5619 0036 0023     		movs	r3, #0
 5620 0038 8DF80730 		strb	r3, [sp, #7]
1616:Modules/mpu6050/inv_mpu.c ****         data |= BIT_STBY_XG;
 5621              		.loc 1 1616 5 is_stmt 1 view .LVU1663
1616:Modules/mpu6050/inv_mpu.c ****         data |= BIT_STBY_XG;
 5622              		.loc 1 1616 8 is_stmt 0 view .LVU1664
 5623 003c 14F0400F 		tst	r4, #64
 5624 0040 02D1     		bne	.L468
1617:Modules/mpu6050/inv_mpu.c ****     if (!(sensors & INV_Y_GYRO))
 5625              		.loc 1 1617 9 is_stmt 1 view .LVU1665
1617:Modules/mpu6050/inv_mpu.c ****     if (!(sensors & INV_Y_GYRO))
 5626              		.loc 1 1617 14 is_stmt 0 view .LVU1666
 5627 0042 0423     		movs	r3, #4
 5628 0044 8DF80730 		strb	r3, [sp, #7]
 5629              	.L468:
1618:Modules/mpu6050/inv_mpu.c ****         data |= BIT_STBY_YG;
 5630              		.loc 1 1618 5 is_stmt 1 view .LVU1667
1618:Modules/mpu6050/inv_mpu.c ****         data |= BIT_STBY_YG;
 5631              		.loc 1 1618 8 is_stmt 0 view .LVU1668
 5632 0048 14F0200F 		tst	r4, #32
 5633 004c 05D1     		bne	.L469
1619:Modules/mpu6050/inv_mpu.c ****     if (!(sensors & INV_Z_GYRO))
 5634              		.loc 1 1619 9 is_stmt 1 view .LVU1669
1619:Modules/mpu6050/inv_mpu.c ****     if (!(sensors & INV_Z_GYRO))
 5635              		.loc 1 1619 14 is_stmt 0 view .LVU1670
 5636 004e 9DF80730 		ldrb	r3, [sp, #7]	@ zero_extendqisi2
 5637 0052 43F00203 		orr	r3, r3, #2
 5638 0056 8DF80730 		strb	r3, [sp, #7]
 5639              	.L469:
1620:Modules/mpu6050/inv_mpu.c ****         data |= BIT_STBY_ZG;
 5640              		.loc 1 1620 5 is_stmt 1 view .LVU1671
1620:Modules/mpu6050/inv_mpu.c ****         data |= BIT_STBY_ZG;
 5641              		.loc 1 1620 8 is_stmt 0 view .LVU1672
 5642 005a 14F0100F 		tst	r4, #16
 5643 005e 05D1     		bne	.L470
ARM GAS  C:\Users\FASCIN~1\AppData\Local\Temp\ccNBUjvk.s 			page 161


1621:Modules/mpu6050/inv_mpu.c ****     if (!(sensors & INV_XYZ_ACCEL))
 5644              		.loc 1 1621 9 is_stmt 1 view .LVU1673
1621:Modules/mpu6050/inv_mpu.c ****     if (!(sensors & INV_XYZ_ACCEL))
 5645              		.loc 1 1621 14 is_stmt 0 view .LVU1674
 5646 0060 9DF80730 		ldrb	r3, [sp, #7]	@ zero_extendqisi2
 5647 0064 43F00103 		orr	r3, r3, #1
 5648 0068 8DF80730 		strb	r3, [sp, #7]
 5649              	.L470:
1622:Modules/mpu6050/inv_mpu.c ****         data |= BIT_STBY_XYZA;
 5650              		.loc 1 1622 5 is_stmt 1 view .LVU1675
1622:Modules/mpu6050/inv_mpu.c ****         data |= BIT_STBY_XYZA;
 5651              		.loc 1 1622 8 is_stmt 0 view .LVU1676
 5652 006c 14F0080F 		tst	r4, #8
 5653 0070 05D1     		bne	.L471
1623:Modules/mpu6050/inv_mpu.c ****     if (i2c_write(st.hw->addr, st.reg->pwr_mgmt_2, 1, &data)) {
 5654              		.loc 1 1623 9 is_stmt 1 view .LVU1677
1623:Modules/mpu6050/inv_mpu.c ****     if (i2c_write(st.hw->addr, st.reg->pwr_mgmt_2, 1, &data)) {
 5655              		.loc 1 1623 14 is_stmt 0 view .LVU1678
 5656 0072 9DF80730 		ldrb	r3, [sp, #7]	@ zero_extendqisi2
 5657 0076 43F03803 		orr	r3, r3, #56
 5658 007a 8DF80730 		strb	r3, [sp, #7]
 5659              	.L471:
1624:Modules/mpu6050/inv_mpu.c ****         st.chip_cfg.sensors = 0;
 5660              		.loc 1 1624 5 is_stmt 1 view .LVU1679
1624:Modules/mpu6050/inv_mpu.c ****         st.chip_cfg.sensors = 0;
 5661              		.loc 1 1624 21 is_stmt 0 view .LVU1680
 5662 007e 184B     		ldr	r3, .L478
 5663 0080 5868     		ldr	r0, [r3, #4]
1624:Modules/mpu6050/inv_mpu.c ****         st.chip_cfg.sensors = 0;
 5664              		.loc 1 1624 34 view .LVU1681
 5665 0082 1968     		ldr	r1, [r3]
1624:Modules/mpu6050/inv_mpu.c ****         st.chip_cfg.sensors = 0;
 5666              		.loc 1 1624 9 view .LVU1682
 5667 0084 0DF10703 		add	r3, sp, #7
 5668 0088 0122     		movs	r2, #1
 5669 008a C97C     		ldrb	r1, [r1, #19]	@ zero_extendqisi2
 5670 008c 0078     		ldrb	r0, [r0]	@ zero_extendqisi2
 5671 008e FFF7FEFF 		bl	MPU_Write_Len
 5672              	.LVL383:
1624:Modules/mpu6050/inv_mpu.c ****         st.chip_cfg.sensors = 0;
 5673              		.loc 1 1624 8 discriminator 1 view .LVU1683
 5674 0092 D8B9     		cbnz	r0, .L476
1629:Modules/mpu6050/inv_mpu.c ****         /* Latched interrupts only used in LP accel mode. */
 5675              		.loc 1 1629 5 is_stmt 1 view .LVU1684
1629:Modules/mpu6050/inv_mpu.c ****         /* Latched interrupts only used in LP accel mode. */
 5676              		.loc 1 1629 8 is_stmt 0 view .LVU1685
 5677 0094 0CB1     		cbz	r4, .L473
1629:Modules/mpu6050/inv_mpu.c ****         /* Latched interrupts only used in LP accel mode. */
 5678              		.loc 1 1629 17 discriminator 1 view .LVU1686
 5679 0096 082C     		cmp	r4, #8
 5680 0098 1ED1     		bne	.L477
 5681              	.L473:
1662:Modules/mpu6050/inv_mpu.c ****     st.chip_cfg.lp_accel_mode = 0;
 5682              		.loc 1 1662 5 is_stmt 1 view .LVU1687
1662:Modules/mpu6050/inv_mpu.c ****     st.chip_cfg.lp_accel_mode = 0;
 5683              		.loc 1 1662 25 is_stmt 0 view .LVU1688
 5684 009a 114B     		ldr	r3, .L478
ARM GAS  C:\Users\FASCIN~1\AppData\Local\Temp\ccNBUjvk.s 			page 162


 5685 009c 9C72     		strb	r4, [r3, #10]
1663:Modules/mpu6050/inv_mpu.c ****     delay_ms(50);
 5686              		.loc 1 1663 5 is_stmt 1 view .LVU1689
1663:Modules/mpu6050/inv_mpu.c ****     delay_ms(50);
 5687              		.loc 1 1663 31 is_stmt 0 view .LVU1690
 5688 009e 0024     		movs	r4, #0
 5689              	.LVL384:
1663:Modules/mpu6050/inv_mpu.c ****     delay_ms(50);
 5690              		.loc 1 1663 31 view .LVU1691
 5691 00a0 1C75     		strb	r4, [r3, #20]
1664:Modules/mpu6050/inv_mpu.c ****     return 0;
 5692              		.loc 1 1664 5 is_stmt 1 view .LVU1692
 5693 00a2 3220     		movs	r0, #50
 5694 00a4 FFF7FEFF 		bl	HAL_Delay
 5695              	.LVL385:
1665:Modules/mpu6050/inv_mpu.c **** }
 5696              		.loc 1 1665 5 view .LVU1693
1665:Modules/mpu6050/inv_mpu.c **** }
 5697              		.loc 1 1665 12 is_stmt 0 view .LVU1694
 5698 00a8 2046     		mov	r0, r4
 5699              	.L462:
1666:Modules/mpu6050/inv_mpu.c **** 
 5700              		.loc 1 1666 1 view .LVU1695
 5701 00aa 02B0     		add	sp, sp, #8
 5702              	.LCFI110:
 5703              		.cfi_remember_state
 5704              		.cfi_def_cfa_offset 8
 5705              		@ sp needed
 5706 00ac 10BD     		pop	{r4, pc}
 5707              	.LVL386:
 5708              	.L463:
 5709              	.LCFI111:
 5710              		.cfi_restore_state
1605:Modules/mpu6050/inv_mpu.c ****         data = 0;
 5711              		.loc 1 1605 10 is_stmt 1 view .LVU1696
1605:Modules/mpu6050/inv_mpu.c ****         data = 0;
 5712              		.loc 1 1605 13 is_stmt 0 view .LVU1697
 5713 00ae 18B1     		cbz	r0, .L465
1606:Modules/mpu6050/inv_mpu.c ****     else
 5714              		.loc 1 1606 9 is_stmt 1 view .LVU1698
1606:Modules/mpu6050/inv_mpu.c ****     else
 5715              		.loc 1 1606 14 is_stmt 0 view .LVU1699
 5716 00b0 0023     		movs	r3, #0
 5717 00b2 8DF80730 		strb	r3, [sp, #7]
 5718 00b6 ACE7     		b	.L464
 5719              	.L465:
1608:Modules/mpu6050/inv_mpu.c ****     if (i2c_write(st.hw->addr, st.reg->pwr_mgmt_1, 1, &data)) {
 5720              		.loc 1 1608 9 is_stmt 1 view .LVU1700
1608:Modules/mpu6050/inv_mpu.c ****     if (i2c_write(st.hw->addr, st.reg->pwr_mgmt_1, 1, &data)) {
 5721              		.loc 1 1608 14 is_stmt 0 view .LVU1701
 5722 00b8 4023     		movs	r3, #64
 5723 00ba 8DF80730 		strb	r3, [sp, #7]
 5724 00be A8E7     		b	.L464
 5725              	.LVL387:
 5726              	.L475:
1610:Modules/mpu6050/inv_mpu.c ****         return -1;
 5727              		.loc 1 1610 9 is_stmt 1 view .LVU1702
ARM GAS  C:\Users\FASCIN~1\AppData\Local\Temp\ccNBUjvk.s 			page 163


1610:Modules/mpu6050/inv_mpu.c ****         return -1;
 5728              		.loc 1 1610 29 is_stmt 0 view .LVU1703
 5729 00c0 074B     		ldr	r3, .L478
 5730 00c2 0022     		movs	r2, #0
 5731 00c4 9A72     		strb	r2, [r3, #10]
1611:Modules/mpu6050/inv_mpu.c ****     }
 5732              		.loc 1 1611 9 is_stmt 1 view .LVU1704
1611:Modules/mpu6050/inv_mpu.c ****     }
 5733              		.loc 1 1611 16 is_stmt 0 view .LVU1705
 5734 00c6 4FF0FF30 		mov	r0, #-1
 5735 00ca EEE7     		b	.L462
 5736              	.L476:
1625:Modules/mpu6050/inv_mpu.c ****         return -1;
 5737              		.loc 1 1625 9 is_stmt 1 view .LVU1706
1625:Modules/mpu6050/inv_mpu.c ****         return -1;
 5738              		.loc 1 1625 29 is_stmt 0 view .LVU1707
 5739 00cc 044B     		ldr	r3, .L478
 5740 00ce 0022     		movs	r2, #0
 5741 00d0 9A72     		strb	r2, [r3, #10]
1626:Modules/mpu6050/inv_mpu.c ****     }
 5742              		.loc 1 1626 9 is_stmt 1 view .LVU1708
1626:Modules/mpu6050/inv_mpu.c ****     }
 5743              		.loc 1 1626 16 is_stmt 0 view .LVU1709
 5744 00d2 4FF0FF30 		mov	r0, #-1
 5745 00d6 E8E7     		b	.L462
 5746              	.L477:
1631:Modules/mpu6050/inv_mpu.c **** 
 5747              		.loc 1 1631 9 is_stmt 1 view .LVU1710
 5748 00d8 0020     		movs	r0, #0
 5749 00da FFF7FEFF 		bl	mpu_set_int_latched
 5750              	.LVL388:
 5751 00de DCE7     		b	.L473
 5752              	.L479:
 5753              		.align	2
 5754              	.L478:
 5755 00e0 00000000 		.word	st
 5756              		.cfi_endproc
 5757              	.LFE93:
 5759              		.section	.rodata.mpu_init.str1.4,"aMS",%progbits,1
 5760              		.align	2
 5761              	.LC1:
 5762 0000 556E7375 		.ascii	"Unsupported software product rev %d.\012\000"
 5762      70706F72 
 5762      74656420 
 5762      736F6674 
 5762      77617265 
 5763 0026 0000     		.align	2
 5764              	.LC2:
 5765 0028 50726F64 		.ascii	"Product ID read as 0 indicates device is either inc"
 5765      75637420 
 5765      49442072 
 5765      65616420 
 5765      61732030 
 5766 005b 6F6D7061 		.ascii	"ompatible or an MPU3050.\000"
 5766      7469626C 
 5766      65206F72 
 5766      20616E20 
ARM GAS  C:\Users\FASCIN~1\AppData\Local\Temp\ccNBUjvk.s 			page 164


 5766      4D505533 
 5767              		.align	2
 5768              	.LC3:
 5769 0074 48616C66 		.ascii	"Half sensitivity part found.\000"
 5769      2073656E 
 5769      73697469 
 5769      76697479 
 5769      20706172 
 5770              		.section	.text.mpu_init,"ax",%progbits
 5771              		.align	1
 5772              		.global	mpu_init
 5773              		.syntax unified
 5774              		.thumb
 5775              		.thumb_func
 5777              	mpu_init:
 5778              	.LFB71:
 762:Modules/mpu6050/inv_mpu.c ****     unsigned char data[6], rev;
 5779              		.loc 1 762 1 view -0
 5780              		.cfi_startproc
 5781              		@ args = 0, pretend = 0, frame = 8
 5782              		@ frame_needed = 0, uses_anonymous_args = 0
 5783 0000 10B5     		push	{r4, lr}
 5784              	.LCFI112:
 5785              		.cfi_def_cfa_offset 8
 5786              		.cfi_offset 4, -8
 5787              		.cfi_offset 14, -4
 5788 0002 82B0     		sub	sp, sp, #8
 5789              	.LCFI113:
 5790              		.cfi_def_cfa_offset 16
 763:Modules/mpu6050/inv_mpu.c **** 
 5791              		.loc 1 763 5 view .LVU1712
 766:Modules/mpu6050/inv_mpu.c ****     if (i2c_write(st.hw->addr, st.reg->pwr_mgmt_1, 1, data))
 5792              		.loc 1 766 5 view .LVU1713
 766:Modules/mpu6050/inv_mpu.c ****     if (i2c_write(st.hw->addr, st.reg->pwr_mgmt_1, 1, data))
 5793              		.loc 1 766 13 is_stmt 0 view .LVU1714
 5794 0004 8023     		movs	r3, #128
 5795 0006 8DF80030 		strb	r3, [sp]
 767:Modules/mpu6050/inv_mpu.c ****         return -1;
 5796              		.loc 1 767 5 is_stmt 1 view .LVU1715
 767:Modules/mpu6050/inv_mpu.c ****         return -1;
 5797              		.loc 1 767 21 is_stmt 0 view .LVU1716
 5798 000a 674B     		ldr	r3, .L502
 5799 000c 5868     		ldr	r0, [r3, #4]
 767:Modules/mpu6050/inv_mpu.c ****         return -1;
 5800              		.loc 1 767 34 view .LVU1717
 5801 000e 1968     		ldr	r1, [r3]
 767:Modules/mpu6050/inv_mpu.c ****         return -1;
 5802              		.loc 1 767 9 view .LVU1718
 5803 0010 6B46     		mov	r3, sp
 5804 0012 0122     		movs	r2, #1
 5805 0014 897C     		ldrb	r1, [r1, #18]	@ zero_extendqisi2
 5806 0016 0078     		ldrb	r0, [r0]	@ zero_extendqisi2
 5807 0018 FFF7FEFF 		bl	MPU_Write_Len
 5808              	.LVL389:
 767:Modules/mpu6050/inv_mpu.c ****         return -1;
 5809              		.loc 1 767 8 discriminator 1 view .LVU1719
 5810 001c 0028     		cmp	r0, #0
ARM GAS  C:\Users\FASCIN~1\AppData\Local\Temp\ccNBUjvk.s 			page 165


 5811 001e 40F0A480 		bne	.L488
 769:Modules/mpu6050/inv_mpu.c **** 
 5812              		.loc 1 769 5 is_stmt 1 view .LVU1720
 5813 0022 6420     		movs	r0, #100
 5814 0024 FFF7FEFF 		bl	HAL_Delay
 5815              	.LVL390:
 772:Modules/mpu6050/inv_mpu.c ****     if (i2c_write(st.hw->addr, st.reg->pwr_mgmt_1, 1, data))
 5816              		.loc 1 772 5 view .LVU1721
 772:Modules/mpu6050/inv_mpu.c ****     if (i2c_write(st.hw->addr, st.reg->pwr_mgmt_1, 1, data))
 5817              		.loc 1 772 13 is_stmt 0 view .LVU1722
 5818 0028 0023     		movs	r3, #0
 5819 002a 8DF80030 		strb	r3, [sp]
 773:Modules/mpu6050/inv_mpu.c ****         return -1;
 5820              		.loc 1 773 5 is_stmt 1 view .LVU1723
 773:Modules/mpu6050/inv_mpu.c ****         return -1;
 5821              		.loc 1 773 21 is_stmt 0 view .LVU1724
 5822 002e 5E4B     		ldr	r3, .L502
 5823 0030 5868     		ldr	r0, [r3, #4]
 773:Modules/mpu6050/inv_mpu.c ****         return -1;
 5824              		.loc 1 773 34 view .LVU1725
 5825 0032 1968     		ldr	r1, [r3]
 773:Modules/mpu6050/inv_mpu.c ****         return -1;
 5826              		.loc 1 773 9 view .LVU1726
 5827 0034 6B46     		mov	r3, sp
 5828 0036 0122     		movs	r2, #1
 5829 0038 897C     		ldrb	r1, [r1, #18]	@ zero_extendqisi2
 5830 003a 0078     		ldrb	r0, [r0]	@ zero_extendqisi2
 5831 003c FFF7FEFF 		bl	MPU_Write_Len
 5832              	.LVL391:
 773:Modules/mpu6050/inv_mpu.c ****         return -1;
 5833              		.loc 1 773 8 discriminator 1 view .LVU1727
 5834 0040 0028     		cmp	r0, #0
 5835 0042 40F09580 		bne	.L489
 778:Modules/mpu6050/inv_mpu.c ****         return -1;
 5836              		.loc 1 778 5 is_stmt 1 view .LVU1728
 778:Modules/mpu6050/inv_mpu.c ****         return -1;
 5837              		.loc 1 778 20 is_stmt 0 view .LVU1729
 5838 0046 584B     		ldr	r3, .L502
 5839 0048 5868     		ldr	r0, [r3, #4]
 778:Modules/mpu6050/inv_mpu.c ****         return -1;
 5840              		.loc 1 778 33 view .LVU1730
 5841 004a 1968     		ldr	r1, [r3]
 778:Modules/mpu6050/inv_mpu.c ****         return -1;
 5842              		.loc 1 778 9 view .LVU1731
 5843 004c 6B46     		mov	r3, sp
 5844 004e 0622     		movs	r2, #6
 5845 0050 897D     		ldrb	r1, [r1, #22]	@ zero_extendqisi2
 5846 0052 0078     		ldrb	r0, [r0]	@ zero_extendqisi2
 5847 0054 FFF7FEFF 		bl	MPU_Read_Len
 5848              	.LVL392:
 778:Modules/mpu6050/inv_mpu.c ****         return -1;
 5849              		.loc 1 778 8 discriminator 1 view .LVU1732
 5850 0058 0028     		cmp	r0, #0
 5851 005a 40F08C80 		bne	.L490
 780:Modules/mpu6050/inv_mpu.c ****           (data[1] & 0x01);
 5852              		.loc 1 780 5 is_stmt 1 view .LVU1733
 780:Modules/mpu6050/inv_mpu.c ****           (data[1] & 0x01);
ARM GAS  C:\Users\FASCIN~1\AppData\Local\Temp\ccNBUjvk.s 			page 166


 5853              		.loc 1 780 17 is_stmt 0 view .LVU1734
 5854 005e 9DF80530 		ldrb	r3, [sp, #5]	@ zero_extendqisi2
 780:Modules/mpu6050/inv_mpu.c ****           (data[1] & 0x01);
 5855              		.loc 1 780 29 view .LVU1735
 5856 0062 9B00     		lsls	r3, r3, #2
 5857 0064 03F00403 		and	r3, r3, #4
 780:Modules/mpu6050/inv_mpu.c ****           (data[1] & 0x01);
 5858              		.loc 1 780 43 view .LVU1736
 5859 0068 9DF80320 		ldrb	r2, [sp, #3]	@ zero_extendqisi2
 780:Modules/mpu6050/inv_mpu.c ****           (data[1] & 0x01);
 5860              		.loc 1 780 55 view .LVU1737
 5861 006c 5200     		lsls	r2, r2, #1
 5862 006e 02F00202 		and	r2, r2, #2
 780:Modules/mpu6050/inv_mpu.c ****           (data[1] & 0x01);
 5863              		.loc 1 780 35 view .LVU1738
 5864 0072 1343     		orrs	r3, r3, r2
 781:Modules/mpu6050/inv_mpu.c **** 
 5865              		.loc 1 781 16 view .LVU1739
 5866 0074 9DF80110 		ldrb	r1, [sp, #1]	@ zero_extendqisi2
 780:Modules/mpu6050/inv_mpu.c ****           (data[1] & 0x01);
 5867              		.loc 1 780 9 view .LVU1740
 5868 0078 01F00101 		and	r1, r1, #1
 5869              	.LVL393:
 783:Modules/mpu6050/inv_mpu.c ****         /* Congrats, these parts are better. */
 5870              		.loc 1 783 5 is_stmt 1 view .LVU1741
 783:Modules/mpu6050/inv_mpu.c ****         /* Congrats, these parts are better. */
 5871              		.loc 1 783 8 is_stmt 0 view .LVU1742
 5872 007c 1943     		orrs	r1, r1, r3
 5873              	.LVL394:
 783:Modules/mpu6050/inv_mpu.c ****         /* Congrats, these parts are better. */
 5874              		.loc 1 783 8 view .LVU1743
 5875 007e 52D0     		beq	.L482
 785:Modules/mpu6050/inv_mpu.c ****             st.chip_cfg.accel_half = 1;
 5876              		.loc 1 785 9 is_stmt 1 view .LVU1744
 785:Modules/mpu6050/inv_mpu.c ****             st.chip_cfg.accel_half = 1;
 5877              		.loc 1 785 12 is_stmt 0 view .LVU1745
 5878 0080 0129     		cmp	r1, #1
 5879 0082 46D0     		beq	.L499
 787:Modules/mpu6050/inv_mpu.c ****             st.chip_cfg.accel_half = 0;
 5880              		.loc 1 787 14 is_stmt 1 view .LVU1746
 787:Modules/mpu6050/inv_mpu.c ****             st.chip_cfg.accel_half = 0;
 5881              		.loc 1 787 17 is_stmt 0 view .LVU1747
 5882 0084 0229     		cmp	r1, #2
 5883 0086 48D1     		bne	.L485
 788:Modules/mpu6050/inv_mpu.c ****         else {
 5884              		.loc 1 788 13 is_stmt 1 view .LVU1748
 788:Modules/mpu6050/inv_mpu.c ****         else {
 5885              		.loc 1 788 36 is_stmt 0 view .LVU1749
 5886 0088 474B     		ldr	r3, .L502
 5887 008a 0022     		movs	r2, #0
 5888 008c DA74     		strb	r2, [r3, #19]
 5889              	.LVL395:
 5890              	.L484:
 827:Modules/mpu6050/inv_mpu.c ****     st.chip_cfg.gyro_fsr = 0xFF;
 5891              		.loc 1 827 5 is_stmt 1 view .LVU1750
 827:Modules/mpu6050/inv_mpu.c ****     st.chip_cfg.gyro_fsr = 0xFF;
 5892              		.loc 1 827 25 is_stmt 0 view .LVU1751
ARM GAS  C:\Users\FASCIN~1\AppData\Local\Temp\ccNBUjvk.s 			page 167


 5893 008e 464B     		ldr	r3, .L502
 5894 0090 FF22     		movs	r2, #255
 5895 0092 9A72     		strb	r2, [r3, #10]
 828:Modules/mpu6050/inv_mpu.c ****     st.chip_cfg.accel_fsr = 0xFF;
 5896              		.loc 1 828 5 is_stmt 1 view .LVU1752
 828:Modules/mpu6050/inv_mpu.c ****     st.chip_cfg.accel_fsr = 0xFF;
 5897              		.loc 1 828 26 is_stmt 0 view .LVU1753
 5898 0094 1A72     		strb	r2, [r3, #8]
 829:Modules/mpu6050/inv_mpu.c ****     st.chip_cfg.lpf = 0xFF;
 5899              		.loc 1 829 5 is_stmt 1 view .LVU1754
 829:Modules/mpu6050/inv_mpu.c ****     st.chip_cfg.lpf = 0xFF;
 5900              		.loc 1 829 27 is_stmt 0 view .LVU1755
 5901 0096 5A72     		strb	r2, [r3, #9]
 830:Modules/mpu6050/inv_mpu.c ****     st.chip_cfg.sample_rate = 0xFFFF;
 5902              		.loc 1 830 5 is_stmt 1 view .LVU1756
 830:Modules/mpu6050/inv_mpu.c ****     st.chip_cfg.sample_rate = 0xFFFF;
 5903              		.loc 1 830 21 is_stmt 0 view .LVU1757
 5904 0098 DA72     		strb	r2, [r3, #11]
 831:Modules/mpu6050/inv_mpu.c ****     st.chip_cfg.fifo_enable = 0xFF;
 5905              		.loc 1 831 5 is_stmt 1 view .LVU1758
 831:Modules/mpu6050/inv_mpu.c ****     st.chip_cfg.fifo_enable = 0xFF;
 5906              		.loc 1 831 29 is_stmt 0 view .LVU1759
 5907 009a 4FF6FF71 		movw	r1, #65535
 5908 009e D981     		strh	r1, [r3, #14]	@ movhi
 832:Modules/mpu6050/inv_mpu.c ****     st.chip_cfg.bypass_mode = 0xFF;
 5909              		.loc 1 832 5 is_stmt 1 view .LVU1760
 832:Modules/mpu6050/inv_mpu.c ****     st.chip_cfg.bypass_mode = 0xFF;
 5910              		.loc 1 832 29 is_stmt 0 view .LVU1761
 5911 00a0 1A74     		strb	r2, [r3, #16]
 833:Modules/mpu6050/inv_mpu.c **** #ifdef AK89xx_SECONDARY
 5912              		.loc 1 833 5 is_stmt 1 view .LVU1762
 833:Modules/mpu6050/inv_mpu.c **** #ifdef AK89xx_SECONDARY
 5913              		.loc 1 833 29 is_stmt 0 view .LVU1763
 5914 00a2 9A74     		strb	r2, [r3, #18]
 838:Modules/mpu6050/inv_mpu.c ****     /* Handled in next call to mpu_set_bypass. */
 5915              		.loc 1 838 5 is_stmt 1 view .LVU1764
 838:Modules/mpu6050/inv_mpu.c ****     /* Handled in next call to mpu_set_bypass. */
 5916              		.loc 1 838 25 is_stmt 0 view .LVU1765
 5917 00a4 0122     		movs	r2, #1
 5918 00a6 1A73     		strb	r2, [r3, #12]
 840:Modules/mpu6050/inv_mpu.c ****     st.chip_cfg.latched_int = 0;
 5919              		.loc 1 840 5 is_stmt 1 view .LVU1766
 840:Modules/mpu6050/inv_mpu.c ****     st.chip_cfg.latched_int = 0;
 5920              		.loc 1 840 32 is_stmt 0 view .LVU1767
 5921 00a8 83F82220 		strb	r2, [r3, #34]
 841:Modules/mpu6050/inv_mpu.c ****     st.chip_cfg.int_motion_only = 0;
 5922              		.loc 1 841 5 is_stmt 1 view .LVU1768
 841:Modules/mpu6050/inv_mpu.c ****     st.chip_cfg.int_motion_only = 0;
 5923              		.loc 1 841 29 is_stmt 0 view .LVU1769
 5924 00ac 0022     		movs	r2, #0
 5925 00ae 83F82320 		strb	r2, [r3, #35]
 842:Modules/mpu6050/inv_mpu.c ****     st.chip_cfg.lp_accel_mode = 0;
 5926              		.loc 1 842 5 is_stmt 1 view .LVU1770
 842:Modules/mpu6050/inv_mpu.c ****     st.chip_cfg.lp_accel_mode = 0;
 5927              		.loc 1 842 33 is_stmt 0 view .LVU1771
 5928 00b2 5A75     		strb	r2, [r3, #21]
 843:Modules/mpu6050/inv_mpu.c ****     memset(&st.chip_cfg.cache, 0, sizeof(st.chip_cfg.cache));
ARM GAS  C:\Users\FASCIN~1\AppData\Local\Temp\ccNBUjvk.s 			page 168


 5929              		.loc 1 843 5 is_stmt 1 view .LVU1772
 843:Modules/mpu6050/inv_mpu.c ****     memset(&st.chip_cfg.cache, 0, sizeof(st.chip_cfg.cache));
 5930              		.loc 1 843 31 is_stmt 0 view .LVU1773
 5931 00b4 1A75     		strb	r2, [r3, #20]
 844:Modules/mpu6050/inv_mpu.c ****     st.chip_cfg.dmp_on = 0;
 5932              		.loc 1 844 5 is_stmt 1 view .LVU1774
 5933 00b6 C3F81620 		str	r2, [r3, #22]	@ unaligned
 5934 00ba C3F81A20 		str	r2, [r3, #26]	@ unaligned
 5935 00be C3F81E20 		str	r2, [r3, #30]	@ unaligned
 845:Modules/mpu6050/inv_mpu.c ****     st.chip_cfg.dmp_loaded = 0;
 5936              		.loc 1 845 5 view .LVU1775
 845:Modules/mpu6050/inv_mpu.c ****     st.chip_cfg.dmp_loaded = 0;
 5937              		.loc 1 845 24 is_stmt 0 view .LVU1776
 5938 00c2 83F82420 		strb	r2, [r3, #36]
 846:Modules/mpu6050/inv_mpu.c ****     st.chip_cfg.dmp_sample_rate = 0;
 5939              		.loc 1 846 5 is_stmt 1 view .LVU1777
 846:Modules/mpu6050/inv_mpu.c ****     st.chip_cfg.dmp_sample_rate = 0;
 5940              		.loc 1 846 28 is_stmt 0 view .LVU1778
 5941 00c6 83F82520 		strb	r2, [r3, #37]
 847:Modules/mpu6050/inv_mpu.c **** 
 5942              		.loc 1 847 5 is_stmt 1 view .LVU1779
 847:Modules/mpu6050/inv_mpu.c **** 
 5943              		.loc 1 847 33 is_stmt 0 view .LVU1780
 5944 00ca DA84     		strh	r2, [r3, #38]	@ movhi
 849:Modules/mpu6050/inv_mpu.c ****         return -1;
 5945              		.loc 1 849 5 is_stmt 1 view .LVU1781
 849:Modules/mpu6050/inv_mpu.c ****         return -1;
 5946              		.loc 1 849 9 is_stmt 0 view .LVU1782
 5947 00cc 4FF4FA60 		mov	r0, #2000
 5948 00d0 FFF7FEFF 		bl	mpu_set_gyro_fsr
 5949              	.LVL396:
 849:Modules/mpu6050/inv_mpu.c ****         return -1;
 5950              		.loc 1 849 8 discriminator 1 view .LVU1783
 5951 00d4 0028     		cmp	r0, #0
 5952 00d6 54D1     		bne	.L492
 851:Modules/mpu6050/inv_mpu.c ****         return -1;
 5953              		.loc 1 851 5 is_stmt 1 view .LVU1784
 851:Modules/mpu6050/inv_mpu.c ****         return -1;
 5954              		.loc 1 851 9 is_stmt 0 view .LVU1785
 5955 00d8 0220     		movs	r0, #2
 5956 00da FFF7FEFF 		bl	mpu_set_accel_fsr
 5957              	.LVL397:
 851:Modules/mpu6050/inv_mpu.c ****         return -1;
 5958              		.loc 1 851 8 discriminator 1 view .LVU1786
 5959 00de 0028     		cmp	r0, #0
 5960 00e0 52D1     		bne	.L493
 853:Modules/mpu6050/inv_mpu.c ****         return -1;
 5961              		.loc 1 853 5 is_stmt 1 view .LVU1787
 853:Modules/mpu6050/inv_mpu.c ****         return -1;
 5962              		.loc 1 853 9 is_stmt 0 view .LVU1788
 5963 00e2 2A20     		movs	r0, #42
 5964 00e4 FFF7FEFF 		bl	mpu_set_lpf
 5965              	.LVL398:
 853:Modules/mpu6050/inv_mpu.c ****         return -1;
 5966              		.loc 1 853 8 discriminator 1 view .LVU1789
 5967 00e8 0028     		cmp	r0, #0
 5968 00ea 50D1     		bne	.L494
ARM GAS  C:\Users\FASCIN~1\AppData\Local\Temp\ccNBUjvk.s 			page 169


 855:Modules/mpu6050/inv_mpu.c ****         return -1;
 5969              		.loc 1 855 5 is_stmt 1 view .LVU1790
 855:Modules/mpu6050/inv_mpu.c ****         return -1;
 5970              		.loc 1 855 9 is_stmt 0 view .LVU1791
 5971 00ec 3220     		movs	r0, #50
 5972 00ee FFF7FEFF 		bl	mpu_set_sample_rate
 5973              	.LVL399:
 855:Modules/mpu6050/inv_mpu.c ****         return -1;
 5974              		.loc 1 855 8 discriminator 1 view .LVU1792
 5975 00f2 0028     		cmp	r0, #0
 5976 00f4 4ED1     		bne	.L495
 857:Modules/mpu6050/inv_mpu.c ****         return -1;
 5977              		.loc 1 857 5 is_stmt 1 view .LVU1793
 857:Modules/mpu6050/inv_mpu.c ****         return -1;
 5978              		.loc 1 857 9 is_stmt 0 view .LVU1794
 5979 00f6 FFF7FEFF 		bl	mpu_configure_fifo
 5980              	.LVL400:
 857:Modules/mpu6050/inv_mpu.c ****         return -1;
 5981              		.loc 1 857 8 discriminator 1 view .LVU1795
 5982 00fa 0028     		cmp	r0, #0
 5983 00fc 4DD1     		bne	.L496
 869:Modules/mpu6050/inv_mpu.c ****         return -1;
 5984              		.loc 1 869 5 is_stmt 1 view .LVU1796
 869:Modules/mpu6050/inv_mpu.c ****         return -1;
 5985              		.loc 1 869 9 is_stmt 0 view .LVU1797
 5986 00fe FFF7FEFF 		bl	mpu_set_bypass
 5987              	.LVL401:
 869:Modules/mpu6050/inv_mpu.c ****         return -1;
 5988              		.loc 1 869 8 discriminator 1 view .LVU1798
 5989 0102 0446     		mov	r4, r0
 5990 0104 0028     		cmp	r0, #0
 5991 0106 4BD1     		bne	.L497
 873:Modules/mpu6050/inv_mpu.c ****     return 0;
 5992              		.loc 1 873 5 is_stmt 1 view .LVU1799
 5993 0108 FFF7FEFF 		bl	mpu_set_sensors
 5994              	.LVL402:
 874:Modules/mpu6050/inv_mpu.c **** }
 5995              		.loc 1 874 5 view .LVU1800
 5996              	.L480:
 875:Modules/mpu6050/inv_mpu.c **** 
 5997              		.loc 1 875 1 is_stmt 0 view .LVU1801
 5998 010c 2046     		mov	r0, r4
 5999 010e 02B0     		add	sp, sp, #8
 6000              	.LCFI114:
 6001              		.cfi_remember_state
 6002              		.cfi_def_cfa_offset 8
 6003              		@ sp needed
 6004 0110 10BD     		pop	{r4, pc}
 6005              	.LVL403:
 6006              	.L499:
 6007              	.LCFI115:
 6008              		.cfi_restore_state
 786:Modules/mpu6050/inv_mpu.c ****         else if (rev == 2)
 6009              		.loc 1 786 13 is_stmt 1 view .LVU1802
 786:Modules/mpu6050/inv_mpu.c ****         else if (rev == 2)
 6010              		.loc 1 786 36 is_stmt 0 view .LVU1803
 6011 0112 254B     		ldr	r3, .L502
ARM GAS  C:\Users\FASCIN~1\AppData\Local\Temp\ccNBUjvk.s 			page 170


 6012 0114 0122     		movs	r2, #1
 6013 0116 DA74     		strb	r2, [r3, #19]
 6014 0118 B9E7     		b	.L484
 6015              	.L485:
 790:Modules/mpu6050/inv_mpu.c ****             return -1;
 6016              		.loc 1 790 13 is_stmt 1 view .LVU1804
 6017 011a 2448     		ldr	r0, .L502+4
 6018 011c FFF7FEFF 		bl	printf
 6019              	.LVL404:
 791:Modules/mpu6050/inv_mpu.c ****         }
 6020              		.loc 1 791 13 view .LVU1805
 791:Modules/mpu6050/inv_mpu.c ****         }
 6021              		.loc 1 791 20 is_stmt 0 view .LVU1806
 6022 0120 4FF0FF34 		mov	r4, #-1
 6023 0124 F2E7     		b	.L480
 6024              	.LVL405:
 6025              	.L482:
 794:Modules/mpu6050/inv_mpu.c ****             return -1;
 6026              		.loc 1 794 9 is_stmt 1 view .LVU1807
 794:Modules/mpu6050/inv_mpu.c ****             return -1;
 6027              		.loc 1 794 24 is_stmt 0 view .LVU1808
 6028 0126 204B     		ldr	r3, .L502
 6029 0128 5868     		ldr	r0, [r3, #4]
 794:Modules/mpu6050/inv_mpu.c ****             return -1;
 6030              		.loc 1 794 37 view .LVU1809
 6031 012a 1968     		ldr	r1, [r3]
 6032              	.LVL406:
 794:Modules/mpu6050/inv_mpu.c ****             return -1;
 6033              		.loc 1 794 13 view .LVU1810
 6034 012c 6B46     		mov	r3, sp
 6035 012e 0122     		movs	r2, #1
 6036              	.LVL407:
 794:Modules/mpu6050/inv_mpu.c ****             return -1;
 6037              		.loc 1 794 13 view .LVU1811
 6038 0130 C978     		ldrb	r1, [r1, #3]	@ zero_extendqisi2
 6039 0132 0078     		ldrb	r0, [r0]	@ zero_extendqisi2
 6040 0134 FFF7FEFF 		bl	MPU_Read_Len
 6041              	.LVL408:
 794:Modules/mpu6050/inv_mpu.c ****             return -1;
 6042              		.loc 1 794 12 discriminator 1 view .LVU1812
 6043 0138 00BB     		cbnz	r0, .L491
 796:Modules/mpu6050/inv_mpu.c ****         if (!rev) {
 6044              		.loc 1 796 9 is_stmt 1 view .LVU1813
 796:Modules/mpu6050/inv_mpu.c ****         if (!rev) {
 6045              		.loc 1 796 19 is_stmt 0 view .LVU1814
 6046 013a 9DF80030 		ldrb	r3, [sp]	@ zero_extendqisi2
 6047              	.LVL409:
 797:Modules/mpu6050/inv_mpu.c ****             log_e("Product ID read as 0 indicates device is either "
 6048              		.loc 1 797 9 is_stmt 1 view .LVU1815
 797:Modules/mpu6050/inv_mpu.c ****             log_e("Product ID read as 0 indicates device is either "
 6049              		.loc 1 797 12 is_stmt 0 view .LVU1816
 6050 013e 13F00F03 		ands	r3, r3, #15
 6051              	.LVL410:
 797:Modules/mpu6050/inv_mpu.c ****             log_e("Product ID read as 0 indicates device is either "
 6052              		.loc 1 797 12 view .LVU1817
 6053 0142 05D0     		beq	.L500
 801:Modules/mpu6050/inv_mpu.c ****             log_i("Half sensitivity part found.\n");
ARM GAS  C:\Users\FASCIN~1\AppData\Local\Temp\ccNBUjvk.s 			page 171


 6054              		.loc 1 801 16 is_stmt 1 view .LVU1818
 801:Modules/mpu6050/inv_mpu.c ****             log_i("Half sensitivity part found.\n");
 6055              		.loc 1 801 19 is_stmt 0 view .LVU1819
 6056 0144 042B     		cmp	r3, #4
 6057 0146 09D0     		beq	.L501
 805:Modules/mpu6050/inv_mpu.c ****     }
 6058              		.loc 1 805 13 is_stmt 1 view .LVU1820
 805:Modules/mpu6050/inv_mpu.c ****     }
 6059              		.loc 1 805 36 is_stmt 0 view .LVU1821
 6060 0148 174B     		ldr	r3, .L502
 6061 014a 0022     		movs	r2, #0
 6062 014c DA74     		strb	r2, [r3, #19]
 6063 014e 9EE7     		b	.L484
 6064              	.L500:
 798:Modules/mpu6050/inv_mpu.c ****                   "incompatible or an MPU3050.\n");
 6065              		.loc 1 798 13 is_stmt 1 view .LVU1822
 6066 0150 1748     		ldr	r0, .L502+8
 6067 0152 FFF7FEFF 		bl	puts
 6068              	.LVL411:
 800:Modules/mpu6050/inv_mpu.c ****         } else if (rev == 4) {
 6069              		.loc 1 800 13 view .LVU1823
 800:Modules/mpu6050/inv_mpu.c ****         } else if (rev == 4) {
 6070              		.loc 1 800 20 is_stmt 0 view .LVU1824
 6071 0156 4FF0FF34 		mov	r4, #-1
 6072 015a D7E7     		b	.L480
 6073              	.LVL412:
 6074              	.L501:
 802:Modules/mpu6050/inv_mpu.c ****             st.chip_cfg.accel_half = 1;
 6075              		.loc 1 802 13 is_stmt 1 view .LVU1825
 6076 015c 1548     		ldr	r0, .L502+12
 6077 015e FFF7FEFF 		bl	puts
 6078              	.LVL413:
 803:Modules/mpu6050/inv_mpu.c ****         } else
 6079              		.loc 1 803 13 view .LVU1826
 803:Modules/mpu6050/inv_mpu.c ****         } else
 6080              		.loc 1 803 36 is_stmt 0 view .LVU1827
 6081 0162 114B     		ldr	r3, .L502
 6082 0164 0122     		movs	r2, #1
 6083 0166 DA74     		strb	r2, [r3, #19]
 6084 0168 91E7     		b	.L484
 6085              	.LVL414:
 6086              	.L488:
 768:Modules/mpu6050/inv_mpu.c ****     delay_ms(100);
 6087              		.loc 1 768 16 view .LVU1828
 6088 016a 4FF0FF34 		mov	r4, #-1
 6089 016e CDE7     		b	.L480
 6090              	.L489:
 774:Modules/mpu6050/inv_mpu.c **** 
 6091              		.loc 1 774 16 view .LVU1829
 6092 0170 4FF0FF34 		mov	r4, #-1
 6093 0174 CAE7     		b	.L480
 6094              	.L490:
 779:Modules/mpu6050/inv_mpu.c ****     rev = ((data[5] & 0x01) << 2) | ((data[3] & 0x01) << 1) |
 6095              		.loc 1 779 16 view .LVU1830
 6096 0176 4FF0FF34 		mov	r4, #-1
 6097 017a C7E7     		b	.L480
 6098              	.LVL415:
ARM GAS  C:\Users\FASCIN~1\AppData\Local\Temp\ccNBUjvk.s 			page 172


 6099              	.L491:
 795:Modules/mpu6050/inv_mpu.c ****         rev = data[0] & 0x0F;
 6100              		.loc 1 795 20 view .LVU1831
 6101 017c 4FF0FF34 		mov	r4, #-1
 6102 0180 C4E7     		b	.L480
 6103              	.LVL416:
 6104              	.L492:
 850:Modules/mpu6050/inv_mpu.c ****     if (mpu_set_accel_fsr(2))
 6105              		.loc 1 850 16 view .LVU1832
 6106 0182 4FF0FF34 		mov	r4, #-1
 6107 0186 C1E7     		b	.L480
 6108              	.L493:
 852:Modules/mpu6050/inv_mpu.c ****     if (mpu_set_lpf(42))
 6109              		.loc 1 852 16 view .LVU1833
 6110 0188 4FF0FF34 		mov	r4, #-1
 6111 018c BEE7     		b	.L480
 6112              	.L494:
 854:Modules/mpu6050/inv_mpu.c ****     if (mpu_set_sample_rate(50))
 6113              		.loc 1 854 16 view .LVU1834
 6114 018e 4FF0FF34 		mov	r4, #-1
 6115 0192 BBE7     		b	.L480
 6116              	.L495:
 856:Modules/mpu6050/inv_mpu.c ****     if (mpu_configure_fifo(0))
 6117              		.loc 1 856 16 view .LVU1835
 6118 0194 4FF0FF34 		mov	r4, #-1
 6119 0198 B8E7     		b	.L480
 6120              	.L496:
 858:Modules/mpu6050/inv_mpu.c **** 
 6121              		.loc 1 858 16 view .LVU1836
 6122 019a 4FF0FF34 		mov	r4, #-1
 6123 019e B5E7     		b	.L480
 6124              	.L497:
 870:Modules/mpu6050/inv_mpu.c **** #endif
 6125              		.loc 1 870 16 view .LVU1837
 6126 01a0 4FF0FF34 		mov	r4, #-1
 6127 01a4 B2E7     		b	.L480
 6128              	.L503:
 6129 01a6 00BF     		.align	2
 6130              	.L502:
 6131 01a8 00000000 		.word	st
 6132 01ac 00000000 		.word	.LC1
 6133 01b0 28000000 		.word	.LC2
 6134 01b4 74000000 		.word	.LC3
 6135              		.cfi_endproc
 6136              	.LFE71:
 6138              		.section	.text.mpu_write_mem,"ax",%progbits
 6139              		.align	1
 6140              		.global	mpu_write_mem
 6141              		.syntax unified
 6142              		.thumb
 6143              		.thumb_func
 6145              	mpu_write_mem:
 6146              	.LVL417:
 6147              	.LFB105:
2152:Modules/mpu6050/inv_mpu.c **** 
2153:Modules/mpu6050/inv_mpu.c **** /**
2154:Modules/mpu6050/inv_mpu.c ****  *  @brief      Trigger gyro/accel/compass self-test.
ARM GAS  C:\Users\FASCIN~1\AppData\Local\Temp\ccNBUjvk.s 			page 173


2155:Modules/mpu6050/inv_mpu.c ****  *  On success/error, the self-test returns a mask representing the sensor(s)
2156:Modules/mpu6050/inv_mpu.c ****  *  that failed. For each bit, a one (1) represents a "pass" case; conversely,
2157:Modules/mpu6050/inv_mpu.c ****  *  a zero (0) indicates a failure.
2158:Modules/mpu6050/inv_mpu.c ****  *
2159:Modules/mpu6050/inv_mpu.c ****  *  \n The mask is defined as follows:
2160:Modules/mpu6050/inv_mpu.c ****  *  \n Bit 0:   Gyro.
2161:Modules/mpu6050/inv_mpu.c ****  *  \n Bit 1:   Accel.
2162:Modules/mpu6050/inv_mpu.c ****  *  \n Bit 2:   Compass.
2163:Modules/mpu6050/inv_mpu.c ****  *
2164:Modules/mpu6050/inv_mpu.c ****  *  \n Currently, the hardware self-test is unsupported for MPU6500. However,
2165:Modules/mpu6050/inv_mpu.c ****  *  this function can still be used to obtain the accel and gyro biases.
2166:Modules/mpu6050/inv_mpu.c ****  *
2167:Modules/mpu6050/inv_mpu.c ****  *  \n This function must be called with the device either face-up or face-down
2168:Modules/mpu6050/inv_mpu.c ****  *  (z-axis is parallel to gravity).
2169:Modules/mpu6050/inv_mpu.c ****  *  @param[out] gyro        Gyro biases in q16 format.
2170:Modules/mpu6050/inv_mpu.c ****  *  @param[out] accel       Accel biases (if applicable) in q16 format.
2171:Modules/mpu6050/inv_mpu.c ****  *  @return     Result mask (see above).
2172:Modules/mpu6050/inv_mpu.c ****  */
2173:Modules/mpu6050/inv_mpu.c **** int mpu_run_self_test(long *gyro, long *accel)
2174:Modules/mpu6050/inv_mpu.c **** {
2175:Modules/mpu6050/inv_mpu.c **** #ifdef MPU6050
2176:Modules/mpu6050/inv_mpu.c ****     const unsigned char tries = 2;
2177:Modules/mpu6050/inv_mpu.c ****     long gyro_st[3], accel_st[3];
2178:Modules/mpu6050/inv_mpu.c ****     unsigned char accel_result, gyro_result;
2179:Modules/mpu6050/inv_mpu.c **** #ifdef AK89xx_SECONDARY
2180:Modules/mpu6050/inv_mpu.c ****     unsigned char compass_result;
2181:Modules/mpu6050/inv_mpu.c **** #endif
2182:Modules/mpu6050/inv_mpu.c ****     int ii;
2183:Modules/mpu6050/inv_mpu.c **** #endif
2184:Modules/mpu6050/inv_mpu.c ****     int result;
2185:Modules/mpu6050/inv_mpu.c ****     unsigned char accel_fsr, fifo_sensors, sensors_on;
2186:Modules/mpu6050/inv_mpu.c ****     unsigned short gyro_fsr, sample_rate, lpf;
2187:Modules/mpu6050/inv_mpu.c ****     unsigned char dmp_was_on;
2188:Modules/mpu6050/inv_mpu.c **** 
2189:Modules/mpu6050/inv_mpu.c ****     if (st.chip_cfg.dmp_on) {
2190:Modules/mpu6050/inv_mpu.c ****         mpu_set_dmp_state(0);
2191:Modules/mpu6050/inv_mpu.c ****         dmp_was_on = 1;
2192:Modules/mpu6050/inv_mpu.c ****     } else
2193:Modules/mpu6050/inv_mpu.c ****         dmp_was_on = 0;
2194:Modules/mpu6050/inv_mpu.c **** 
2195:Modules/mpu6050/inv_mpu.c ****     /* Get initial settings. */
2196:Modules/mpu6050/inv_mpu.c ****     mpu_get_gyro_fsr(&gyro_fsr);
2197:Modules/mpu6050/inv_mpu.c ****     mpu_get_accel_fsr(&accel_fsr);
2198:Modules/mpu6050/inv_mpu.c ****     mpu_get_lpf(&lpf);
2199:Modules/mpu6050/inv_mpu.c ****     mpu_get_sample_rate(&sample_rate);
2200:Modules/mpu6050/inv_mpu.c ****     sensors_on = st.chip_cfg.sensors;
2201:Modules/mpu6050/inv_mpu.c ****     mpu_get_fifo_config(&fifo_sensors);
2202:Modules/mpu6050/inv_mpu.c **** 
2203:Modules/mpu6050/inv_mpu.c ****     /* For older chips, the self-test will be different. */
2204:Modules/mpu6050/inv_mpu.c **** #if defined MPU6050
2205:Modules/mpu6050/inv_mpu.c ****     for (ii = 0; ii < tries; ii++)
2206:Modules/mpu6050/inv_mpu.c ****         if (!get_st_biases(gyro, accel, 0))
2207:Modules/mpu6050/inv_mpu.c ****             break;
2208:Modules/mpu6050/inv_mpu.c ****     if (ii == tries) {
2209:Modules/mpu6050/inv_mpu.c ****         /* If we reach this point, we most likely encountered an I2C error.
2210:Modules/mpu6050/inv_mpu.c ****          * We'll just report an error for all three sensors.
2211:Modules/mpu6050/inv_mpu.c ****          */
ARM GAS  C:\Users\FASCIN~1\AppData\Local\Temp\ccNBUjvk.s 			page 174


2212:Modules/mpu6050/inv_mpu.c ****         result = 0;
2213:Modules/mpu6050/inv_mpu.c ****         goto restore;
2214:Modules/mpu6050/inv_mpu.c ****     }
2215:Modules/mpu6050/inv_mpu.c ****     for (ii = 0; ii < tries; ii++)
2216:Modules/mpu6050/inv_mpu.c ****         if (!get_st_biases(gyro_st, accel_st, 1))
2217:Modules/mpu6050/inv_mpu.c ****             break;
2218:Modules/mpu6050/inv_mpu.c ****     if (ii == tries) {
2219:Modules/mpu6050/inv_mpu.c ****         /* Again, probably an I2C error. */
2220:Modules/mpu6050/inv_mpu.c ****         result = 0;
2221:Modules/mpu6050/inv_mpu.c ****         goto restore;
2222:Modules/mpu6050/inv_mpu.c ****     }
2223:Modules/mpu6050/inv_mpu.c ****     accel_result = accel_self_test(accel, accel_st);
2224:Modules/mpu6050/inv_mpu.c ****     gyro_result = gyro_self_test(gyro, gyro_st);
2225:Modules/mpu6050/inv_mpu.c **** 
2226:Modules/mpu6050/inv_mpu.c ****     result = 0;
2227:Modules/mpu6050/inv_mpu.c ****     if (!gyro_result)
2228:Modules/mpu6050/inv_mpu.c ****         result |= 0x01;
2229:Modules/mpu6050/inv_mpu.c ****     if (!accel_result)
2230:Modules/mpu6050/inv_mpu.c ****         result |= 0x02;
2231:Modules/mpu6050/inv_mpu.c **** 
2232:Modules/mpu6050/inv_mpu.c **** #ifdef AK89xx_SECONDARY
2233:Modules/mpu6050/inv_mpu.c ****     compass_result = compass_self_test();
2234:Modules/mpu6050/inv_mpu.c ****     if (!compass_result)
2235:Modules/mpu6050/inv_mpu.c ****         result |= 0x04;
2236:Modules/mpu6050/inv_mpu.c **** #endif
2237:Modules/mpu6050/inv_mpu.c **** restore:
2238:Modules/mpu6050/inv_mpu.c **** #elif defined MPU6500
2239:Modules/mpu6050/inv_mpu.c ****     /* For now, this function will return a "pass" result for all three sensors
2240:Modules/mpu6050/inv_mpu.c ****      * for compatibility with current test applications.
2241:Modules/mpu6050/inv_mpu.c ****      */
2242:Modules/mpu6050/inv_mpu.c ****     get_st_biases(gyro, accel, 0);
2243:Modules/mpu6050/inv_mpu.c ****     result = 0x7;
2244:Modules/mpu6050/inv_mpu.c **** #endif
2245:Modules/mpu6050/inv_mpu.c ****     /* Set to invalid values to ensure no I2C writes are skipped. */
2246:Modules/mpu6050/inv_mpu.c ****     st.chip_cfg.gyro_fsr = 0xFF;
2247:Modules/mpu6050/inv_mpu.c ****     st.chip_cfg.accel_fsr = 0xFF;
2248:Modules/mpu6050/inv_mpu.c ****     st.chip_cfg.lpf = 0xFF;
2249:Modules/mpu6050/inv_mpu.c ****     st.chip_cfg.sample_rate = 0xFFFF;
2250:Modules/mpu6050/inv_mpu.c ****     st.chip_cfg.sensors = 0xFF;
2251:Modules/mpu6050/inv_mpu.c ****     st.chip_cfg.fifo_enable = 0xFF;
2252:Modules/mpu6050/inv_mpu.c ****     st.chip_cfg.clk_src = INV_CLK_PLL;
2253:Modules/mpu6050/inv_mpu.c ****     mpu_set_gyro_fsr(gyro_fsr);
2254:Modules/mpu6050/inv_mpu.c ****     mpu_set_accel_fsr(accel_fsr);
2255:Modules/mpu6050/inv_mpu.c ****     mpu_set_lpf(lpf);
2256:Modules/mpu6050/inv_mpu.c ****     mpu_set_sample_rate(sample_rate);
2257:Modules/mpu6050/inv_mpu.c ****     mpu_set_sensors(sensors_on);
2258:Modules/mpu6050/inv_mpu.c ****     mpu_configure_fifo(fifo_sensors);
2259:Modules/mpu6050/inv_mpu.c **** 
2260:Modules/mpu6050/inv_mpu.c ****     if (dmp_was_on)
2261:Modules/mpu6050/inv_mpu.c ****         mpu_set_dmp_state(1);
2262:Modules/mpu6050/inv_mpu.c **** 
2263:Modules/mpu6050/inv_mpu.c ****     return result;
2264:Modules/mpu6050/inv_mpu.c **** }
2265:Modules/mpu6050/inv_mpu.c **** 
2266:Modules/mpu6050/inv_mpu.c **** /**
2267:Modules/mpu6050/inv_mpu.c ****  *  @brief      Write to the DMP memory.
2268:Modules/mpu6050/inv_mpu.c ****  *  This function prevents I2C writes past the bank boundaries. The DMP memory
ARM GAS  C:\Users\FASCIN~1\AppData\Local\Temp\ccNBUjvk.s 			page 175


2269:Modules/mpu6050/inv_mpu.c ****  *  is only accessible when the chip is awake.
2270:Modules/mpu6050/inv_mpu.c ****  *  @param[in]  mem_addr    Memory location (bank << 8 | start address)
2271:Modules/mpu6050/inv_mpu.c ****  *  @param[in]  length      Number of bytes to write.
2272:Modules/mpu6050/inv_mpu.c ****  *  @param[in]  data        Bytes to write to memory.
2273:Modules/mpu6050/inv_mpu.c ****  *  @return     0 if successful.
2274:Modules/mpu6050/inv_mpu.c ****  */
2275:Modules/mpu6050/inv_mpu.c **** int mpu_write_mem(unsigned short mem_addr, unsigned short length,
2276:Modules/mpu6050/inv_mpu.c ****                   unsigned char *data)
2277:Modules/mpu6050/inv_mpu.c **** {
 6148              		.loc 1 2277 1 is_stmt 1 view -0
 6149              		.cfi_startproc
 6150              		@ args = 0, pretend = 0, frame = 8
 6151              		@ frame_needed = 0, uses_anonymous_args = 0
2278:Modules/mpu6050/inv_mpu.c ****     unsigned char tmp[2];
 6152              		.loc 1 2278 5 view .LVU1839
2279:Modules/mpu6050/inv_mpu.c **** 
2280:Modules/mpu6050/inv_mpu.c ****     if (!data)
 6153              		.loc 1 2280 5 view .LVU1840
 6154              		.loc 1 2280 8 is_stmt 0 view .LVU1841
 6155 0000 3AB3     		cbz	r2, .L506
2277:Modules/mpu6050/inv_mpu.c ****     unsigned char tmp[2];
 6156              		.loc 1 2277 1 view .LVU1842
 6157 0002 70B5     		push	{r4, r5, r6, lr}
 6158              	.LCFI116:
 6159              		.cfi_def_cfa_offset 16
 6160              		.cfi_offset 4, -16
 6161              		.cfi_offset 5, -12
 6162              		.cfi_offset 6, -8
 6163              		.cfi_offset 14, -4
 6164 0004 82B0     		sub	sp, sp, #8
 6165              	.LCFI117:
 6166              		.cfi_def_cfa_offset 24
 6167 0006 0C46     		mov	r4, r1
 6168 0008 1646     		mov	r6, r2
2281:Modules/mpu6050/inv_mpu.c ****         return -1;
2282:Modules/mpu6050/inv_mpu.c ****     if (!st.chip_cfg.sensors)
 6169              		.loc 1 2282 5 is_stmt 1 view .LVU1843
 6170              		.loc 1 2282 21 is_stmt 0 view .LVU1844
 6171 000a 194B     		ldr	r3, .L515
 6172 000c 9B7A     		ldrb	r3, [r3, #10]	@ zero_extendqisi2
 6173              		.loc 1 2282 8 view .LVU1845
 6174 000e 1BB3     		cbz	r3, .L507
2283:Modules/mpu6050/inv_mpu.c ****         return -1;
2284:Modules/mpu6050/inv_mpu.c **** 
2285:Modules/mpu6050/inv_mpu.c ****     tmp[0] = (unsigned char)(mem_addr >> 8);
 6175              		.loc 1 2285 5 is_stmt 1 view .LVU1846
 6176              		.loc 1 2285 14 is_stmt 0 view .LVU1847
 6177 0010 030A     		lsrs	r3, r0, #8
 6178              		.loc 1 2285 12 view .LVU1848
 6179 0012 8DF80430 		strb	r3, [sp, #4]
2286:Modules/mpu6050/inv_mpu.c ****     tmp[1] = (unsigned char)(mem_addr & 0xFF);
 6180              		.loc 1 2286 5 is_stmt 1 view .LVU1849
 6181              		.loc 1 2286 14 is_stmt 0 view .LVU1850
 6182 0016 C0B2     		uxtb	r0, r0
 6183              	.LVL418:
 6184              		.loc 1 2286 12 view .LVU1851
 6185 0018 8DF80500 		strb	r0, [sp, #5]
ARM GAS  C:\Users\FASCIN~1\AppData\Local\Temp\ccNBUjvk.s 			page 176


2287:Modules/mpu6050/inv_mpu.c **** 
2288:Modules/mpu6050/inv_mpu.c ****     /* Check bank boundaries. */
2289:Modules/mpu6050/inv_mpu.c ****     if (tmp[1] + length > st.hw->bank_size)
 6186              		.loc 1 2289 5 is_stmt 1 view .LVU1852
 6187              		.loc 1 2289 16 is_stmt 0 view .LVU1853
 6188 001c 0844     		add	r0, r0, r1
 6189              		.loc 1 2289 29 view .LVU1854
 6190 001e 144B     		ldr	r3, .L515
 6191 0020 5D68     		ldr	r5, [r3, #4]
 6192              		.loc 1 2289 32 view .LVU1855
 6193 0022 6B89     		ldrh	r3, [r5, #10]
 6194              		.loc 1 2289 8 view .LVU1856
 6195 0024 9842     		cmp	r0, r3
 6196 0026 1ADC     		bgt	.L508
2290:Modules/mpu6050/inv_mpu.c ****         return -1;
2291:Modules/mpu6050/inv_mpu.c **** 
2292:Modules/mpu6050/inv_mpu.c ****     if (i2c_write(st.hw->addr, st.reg->bank_sel, 2, tmp))
 6197              		.loc 1 2292 5 is_stmt 1 view .LVU1857
 6198              		.loc 1 2292 34 is_stmt 0 view .LVU1858
 6199 0028 114B     		ldr	r3, .L515
 6200 002a 1968     		ldr	r1, [r3]
 6201              	.LVL419:
 6202              		.loc 1 2292 9 view .LVU1859
 6203 002c 01AB     		add	r3, sp, #4
 6204 002e 0222     		movs	r2, #2
 6205              	.LVL420:
 6206              		.loc 1 2292 9 view .LVU1860
 6207 0030 097E     		ldrb	r1, [r1, #24]	@ zero_extendqisi2
 6208 0032 2878     		ldrb	r0, [r5]	@ zero_extendqisi2
 6209 0034 FFF7FEFF 		bl	MPU_Write_Len
 6210              	.LVL421:
 6211              		.loc 1 2292 8 discriminator 1 view .LVU1861
 6212 0038 A0B9     		cbnz	r0, .L509
2293:Modules/mpu6050/inv_mpu.c ****         return -1;
2294:Modules/mpu6050/inv_mpu.c ****     if (i2c_write(st.hw->addr, st.reg->mem_r_w, length, data))
 6213              		.loc 1 2294 5 is_stmt 1 view .LVU1862
 6214              		.loc 1 2294 21 is_stmt 0 view .LVU1863
 6215 003a 0D4B     		ldr	r3, .L515
 6216 003c 5868     		ldr	r0, [r3, #4]
 6217              		.loc 1 2294 34 view .LVU1864
 6218 003e 1968     		ldr	r1, [r3]
 6219              		.loc 1 2294 9 view .LVU1865
 6220 0040 3346     		mov	r3, r6
 6221 0042 E2B2     		uxtb	r2, r4
 6222 0044 497D     		ldrb	r1, [r1, #21]	@ zero_extendqisi2
 6223 0046 0078     		ldrb	r0, [r0]	@ zero_extendqisi2
 6224 0048 FFF7FEFF 		bl	MPU_Write_Len
 6225              	.LVL422:
 6226              		.loc 1 2294 8 discriminator 1 view .LVU1866
 6227 004c 68B9     		cbnz	r0, .L510
 6228              	.L504:
2295:Modules/mpu6050/inv_mpu.c ****         return -1;
2296:Modules/mpu6050/inv_mpu.c ****     return 0;
2297:Modules/mpu6050/inv_mpu.c **** }
 6229              		.loc 1 2297 1 view .LVU1867
 6230 004e 02B0     		add	sp, sp, #8
 6231              	.LCFI118:
ARM GAS  C:\Users\FASCIN~1\AppData\Local\Temp\ccNBUjvk.s 			page 177


 6232              		.cfi_def_cfa_offset 16
 6233              		@ sp needed
 6234 0050 70BD     		pop	{r4, r5, r6, pc}
 6235              	.LVL423:
 6236              	.L506:
 6237              	.LCFI119:
 6238              		.cfi_def_cfa_offset 0
 6239              		.cfi_restore 4
 6240              		.cfi_restore 5
 6241              		.cfi_restore 6
 6242              		.cfi_restore 14
2281:Modules/mpu6050/inv_mpu.c ****     if (!st.chip_cfg.sensors)
 6243              		.loc 1 2281 16 view .LVU1868
 6244 0052 4FF0FF30 		mov	r0, #-1
 6245              	.LVL424:
 6246              		.loc 1 2297 1 view .LVU1869
 6247 0056 7047     		bx	lr
 6248              	.LVL425:
 6249              	.L507:
 6250              	.LCFI120:
 6251              		.cfi_def_cfa_offset 24
 6252              		.cfi_offset 4, -16
 6253              		.cfi_offset 5, -12
 6254              		.cfi_offset 6, -8
 6255              		.cfi_offset 14, -4
2283:Modules/mpu6050/inv_mpu.c **** 
 6256              		.loc 1 2283 16 view .LVU1870
 6257 0058 4FF0FF30 		mov	r0, #-1
 6258              	.LVL426:
2283:Modules/mpu6050/inv_mpu.c **** 
 6259              		.loc 1 2283 16 view .LVU1871
 6260 005c F7E7     		b	.L504
 6261              	.L508:
2290:Modules/mpu6050/inv_mpu.c **** 
 6262              		.loc 1 2290 16 view .LVU1872
 6263 005e 4FF0FF30 		mov	r0, #-1
 6264 0062 F4E7     		b	.L504
 6265              	.LVL427:
 6266              	.L509:
2293:Modules/mpu6050/inv_mpu.c ****     if (i2c_write(st.hw->addr, st.reg->mem_r_w, length, data))
 6267              		.loc 1 2293 16 view .LVU1873
 6268 0064 4FF0FF30 		mov	r0, #-1
 6269 0068 F1E7     		b	.L504
 6270              	.L510:
2295:Modules/mpu6050/inv_mpu.c ****     return 0;
 6271              		.loc 1 2295 16 view .LVU1874
 6272 006a 4FF0FF30 		mov	r0, #-1
 6273 006e EEE7     		b	.L504
 6274              	.L516:
 6275              		.align	2
 6276              	.L515:
 6277 0070 00000000 		.word	st
 6278              		.cfi_endproc
 6279              	.LFE105:
 6281              		.section	.text.mpu_read_mem,"ax",%progbits
 6282              		.align	1
 6283              		.global	mpu_read_mem
ARM GAS  C:\Users\FASCIN~1\AppData\Local\Temp\ccNBUjvk.s 			page 178


 6284              		.syntax unified
 6285              		.thumb
 6286              		.thumb_func
 6288              	mpu_read_mem:
 6289              	.LVL428:
 6290              	.LFB106:
2298:Modules/mpu6050/inv_mpu.c **** 
2299:Modules/mpu6050/inv_mpu.c **** /**
2300:Modules/mpu6050/inv_mpu.c ****  *  @brief      Read from the DMP memory.
2301:Modules/mpu6050/inv_mpu.c ****  *  This function prevents I2C reads past the bank boundaries. The DMP memory
2302:Modules/mpu6050/inv_mpu.c ****  *  is only accessible when the chip is awake.
2303:Modules/mpu6050/inv_mpu.c ****  *  @param[in]  mem_addr    Memory location (bank << 8 | start address)
2304:Modules/mpu6050/inv_mpu.c ****  *  @param[in]  length      Number of bytes to read.
2305:Modules/mpu6050/inv_mpu.c ****  *  @param[out] data        Bytes read from memory.
2306:Modules/mpu6050/inv_mpu.c ****  *  @return     0 if successful.
2307:Modules/mpu6050/inv_mpu.c ****  */
2308:Modules/mpu6050/inv_mpu.c **** int mpu_read_mem(unsigned short mem_addr, unsigned short length,
2309:Modules/mpu6050/inv_mpu.c ****                  unsigned char *data)
2310:Modules/mpu6050/inv_mpu.c **** {
 6291              		.loc 1 2310 1 is_stmt 1 view -0
 6292              		.cfi_startproc
 6293              		@ args = 0, pretend = 0, frame = 8
 6294              		@ frame_needed = 0, uses_anonymous_args = 0
2311:Modules/mpu6050/inv_mpu.c ****     unsigned char tmp[2];
 6295              		.loc 1 2311 5 view .LVU1876
2312:Modules/mpu6050/inv_mpu.c **** 
2313:Modules/mpu6050/inv_mpu.c ****     if (!data)
 6296              		.loc 1 2313 5 view .LVU1877
 6297              		.loc 1 2313 8 is_stmt 0 view .LVU1878
 6298 0000 3AB3     		cbz	r2, .L519
2310:Modules/mpu6050/inv_mpu.c ****     unsigned char tmp[2];
 6299              		.loc 1 2310 1 view .LVU1879
 6300 0002 70B5     		push	{r4, r5, r6, lr}
 6301              	.LCFI121:
 6302              		.cfi_def_cfa_offset 16
 6303              		.cfi_offset 4, -16
 6304              		.cfi_offset 5, -12
 6305              		.cfi_offset 6, -8
 6306              		.cfi_offset 14, -4
 6307 0004 82B0     		sub	sp, sp, #8
 6308              	.LCFI122:
 6309              		.cfi_def_cfa_offset 24
 6310 0006 0C46     		mov	r4, r1
 6311 0008 1646     		mov	r6, r2
2314:Modules/mpu6050/inv_mpu.c ****         return -1;
2315:Modules/mpu6050/inv_mpu.c ****     if (!st.chip_cfg.sensors)
 6312              		.loc 1 2315 5 is_stmt 1 view .LVU1880
 6313              		.loc 1 2315 21 is_stmt 0 view .LVU1881
 6314 000a 194B     		ldr	r3, .L528
 6315 000c 9B7A     		ldrb	r3, [r3, #10]	@ zero_extendqisi2
 6316              		.loc 1 2315 8 view .LVU1882
 6317 000e 1BB3     		cbz	r3, .L520
2316:Modules/mpu6050/inv_mpu.c ****         return -1;
2317:Modules/mpu6050/inv_mpu.c **** 
2318:Modules/mpu6050/inv_mpu.c ****     tmp[0] = (unsigned char)(mem_addr >> 8);
 6318              		.loc 1 2318 5 is_stmt 1 view .LVU1883
 6319              		.loc 1 2318 14 is_stmt 0 view .LVU1884
ARM GAS  C:\Users\FASCIN~1\AppData\Local\Temp\ccNBUjvk.s 			page 179


 6320 0010 030A     		lsrs	r3, r0, #8
 6321              		.loc 1 2318 12 view .LVU1885
 6322 0012 8DF80430 		strb	r3, [sp, #4]
2319:Modules/mpu6050/inv_mpu.c ****     tmp[1] = (unsigned char)(mem_addr & 0xFF);
 6323              		.loc 1 2319 5 is_stmt 1 view .LVU1886
 6324              		.loc 1 2319 14 is_stmt 0 view .LVU1887
 6325 0016 C0B2     		uxtb	r0, r0
 6326              	.LVL429:
 6327              		.loc 1 2319 12 view .LVU1888
 6328 0018 8DF80500 		strb	r0, [sp, #5]
2320:Modules/mpu6050/inv_mpu.c **** 
2321:Modules/mpu6050/inv_mpu.c ****     /* Check bank boundaries. */
2322:Modules/mpu6050/inv_mpu.c ****     if (tmp[1] + length > st.hw->bank_size)
 6329              		.loc 1 2322 5 is_stmt 1 view .LVU1889
 6330              		.loc 1 2322 16 is_stmt 0 view .LVU1890
 6331 001c 0844     		add	r0, r0, r1
 6332              		.loc 1 2322 29 view .LVU1891
 6333 001e 144B     		ldr	r3, .L528
 6334 0020 5D68     		ldr	r5, [r3, #4]
 6335              		.loc 1 2322 32 view .LVU1892
 6336 0022 6B89     		ldrh	r3, [r5, #10]
 6337              		.loc 1 2322 8 view .LVU1893
 6338 0024 9842     		cmp	r0, r3
 6339 0026 1ADC     		bgt	.L521
2323:Modules/mpu6050/inv_mpu.c ****         return -1;
2324:Modules/mpu6050/inv_mpu.c **** 
2325:Modules/mpu6050/inv_mpu.c ****     if (i2c_write(st.hw->addr, st.reg->bank_sel, 2, tmp))
 6340              		.loc 1 2325 5 is_stmt 1 view .LVU1894
 6341              		.loc 1 2325 34 is_stmt 0 view .LVU1895
 6342 0028 114B     		ldr	r3, .L528
 6343 002a 1968     		ldr	r1, [r3]
 6344              	.LVL430:
 6345              		.loc 1 2325 9 view .LVU1896
 6346 002c 01AB     		add	r3, sp, #4
 6347 002e 0222     		movs	r2, #2
 6348              	.LVL431:
 6349              		.loc 1 2325 9 view .LVU1897
 6350 0030 097E     		ldrb	r1, [r1, #24]	@ zero_extendqisi2
 6351 0032 2878     		ldrb	r0, [r5]	@ zero_extendqisi2
 6352 0034 FFF7FEFF 		bl	MPU_Write_Len
 6353              	.LVL432:
 6354              		.loc 1 2325 8 discriminator 1 view .LVU1898
 6355 0038 A0B9     		cbnz	r0, .L522
2326:Modules/mpu6050/inv_mpu.c ****         return -1;
2327:Modules/mpu6050/inv_mpu.c ****     if (i2c_read(st.hw->addr, st.reg->mem_r_w, length, data))
 6356              		.loc 1 2327 5 is_stmt 1 view .LVU1899
 6357              		.loc 1 2327 20 is_stmt 0 view .LVU1900
 6358 003a 0D4B     		ldr	r3, .L528
 6359 003c 5868     		ldr	r0, [r3, #4]
 6360              		.loc 1 2327 33 view .LVU1901
 6361 003e 1968     		ldr	r1, [r3]
 6362              		.loc 1 2327 9 view .LVU1902
 6363 0040 3346     		mov	r3, r6
 6364 0042 E2B2     		uxtb	r2, r4
 6365 0044 497D     		ldrb	r1, [r1, #21]	@ zero_extendqisi2
 6366 0046 0078     		ldrb	r0, [r0]	@ zero_extendqisi2
 6367 0048 FFF7FEFF 		bl	MPU_Read_Len
ARM GAS  C:\Users\FASCIN~1\AppData\Local\Temp\ccNBUjvk.s 			page 180


 6368              	.LVL433:
 6369              		.loc 1 2327 8 discriminator 1 view .LVU1903
 6370 004c 68B9     		cbnz	r0, .L523
 6371              	.L517:
2328:Modules/mpu6050/inv_mpu.c ****         return -1;
2329:Modules/mpu6050/inv_mpu.c ****     return 0;
2330:Modules/mpu6050/inv_mpu.c **** }
 6372              		.loc 1 2330 1 view .LVU1904
 6373 004e 02B0     		add	sp, sp, #8
 6374              	.LCFI123:
 6375              		.cfi_def_cfa_offset 16
 6376              		@ sp needed
 6377 0050 70BD     		pop	{r4, r5, r6, pc}
 6378              	.LVL434:
 6379              	.L519:
 6380              	.LCFI124:
 6381              		.cfi_def_cfa_offset 0
 6382              		.cfi_restore 4
 6383              		.cfi_restore 5
 6384              		.cfi_restore 6
 6385              		.cfi_restore 14
2314:Modules/mpu6050/inv_mpu.c ****     if (!st.chip_cfg.sensors)
 6386              		.loc 1 2314 16 view .LVU1905
 6387 0052 4FF0FF30 		mov	r0, #-1
 6388              	.LVL435:
 6389              		.loc 1 2330 1 view .LVU1906
 6390 0056 7047     		bx	lr
 6391              	.LVL436:
 6392              	.L520:
 6393              	.LCFI125:
 6394              		.cfi_def_cfa_offset 24
 6395              		.cfi_offset 4, -16
 6396              		.cfi_offset 5, -12
 6397              		.cfi_offset 6, -8
 6398              		.cfi_offset 14, -4
2316:Modules/mpu6050/inv_mpu.c **** 
 6399              		.loc 1 2316 16 view .LVU1907
 6400 0058 4FF0FF30 		mov	r0, #-1
 6401              	.LVL437:
2316:Modules/mpu6050/inv_mpu.c **** 
 6402              		.loc 1 2316 16 view .LVU1908
 6403 005c F7E7     		b	.L517
 6404              	.L521:
2323:Modules/mpu6050/inv_mpu.c **** 
 6405              		.loc 1 2323 16 view .LVU1909
 6406 005e 4FF0FF30 		mov	r0, #-1
 6407 0062 F4E7     		b	.L517
 6408              	.LVL438:
 6409              	.L522:
2326:Modules/mpu6050/inv_mpu.c ****     if (i2c_read(st.hw->addr, st.reg->mem_r_w, length, data))
 6410              		.loc 1 2326 16 view .LVU1910
 6411 0064 4FF0FF30 		mov	r0, #-1
 6412 0068 F1E7     		b	.L517
 6413              	.L523:
2328:Modules/mpu6050/inv_mpu.c ****     return 0;
 6414              		.loc 1 2328 16 view .LVU1911
 6415 006a 4FF0FF30 		mov	r0, #-1
ARM GAS  C:\Users\FASCIN~1\AppData\Local\Temp\ccNBUjvk.s 			page 181


 6416 006e EEE7     		b	.L517
 6417              	.L529:
 6418              		.align	2
 6419              	.L528:
 6420 0070 00000000 		.word	st
 6421              		.cfi_endproc
 6422              	.LFE106:
 6424              		.section	.text.mpu_load_firmware,"ax",%progbits
 6425              		.align	1
 6426              		.global	mpu_load_firmware
 6427              		.syntax unified
 6428              		.thumb
 6429              		.thumb_func
 6431              	mpu_load_firmware:
 6432              	.LVL439:
 6433              	.LFB107:
2331:Modules/mpu6050/inv_mpu.c **** 
2332:Modules/mpu6050/inv_mpu.c **** /**
2333:Modules/mpu6050/inv_mpu.c ****  *  @brief      Load and verify DMP image.
2334:Modules/mpu6050/inv_mpu.c ****  *  @param[in]  length      Length of DMP image.
2335:Modules/mpu6050/inv_mpu.c ****  *  @param[in]  firmware    DMP code.
2336:Modules/mpu6050/inv_mpu.c ****  *  @param[in]  start_addr  Starting address of DMP code memory.
2337:Modules/mpu6050/inv_mpu.c ****  *  @param[in]  sample_rate Fixed sampling rate used when DMP is enabled.
2338:Modules/mpu6050/inv_mpu.c ****  *  @return     0 if successful.
2339:Modules/mpu6050/inv_mpu.c ****  */
2340:Modules/mpu6050/inv_mpu.c **** int mpu_load_firmware(unsigned short length, const unsigned char *firmware,
2341:Modules/mpu6050/inv_mpu.c ****                       unsigned short start_addr, unsigned short sample_rate)
2342:Modules/mpu6050/inv_mpu.c **** {
 6434              		.loc 1 2342 1 is_stmt 1 view -0
 6435              		.cfi_startproc
 6436              		@ args = 0, pretend = 0, frame = 24
 6437              		@ frame_needed = 0, uses_anonymous_args = 0
 6438              		.loc 1 2342 1 is_stmt 0 view .LVU1913
 6439 0000 2DE9F04F 		push	{r4, r5, r6, r7, r8, r9, r10, fp, lr}
 6440              	.LCFI126:
 6441              		.cfi_def_cfa_offset 36
 6442              		.cfi_offset 4, -36
 6443              		.cfi_offset 5, -32
 6444              		.cfi_offset 6, -28
 6445              		.cfi_offset 7, -24
 6446              		.cfi_offset 8, -20
 6447              		.cfi_offset 9, -16
 6448              		.cfi_offset 10, -12
 6449              		.cfi_offset 11, -8
 6450              		.cfi_offset 14, -4
 6451 0004 87B0     		sub	sp, sp, #28
 6452              	.LCFI127:
 6453              		.cfi_def_cfa_offset 64
 6454 0006 9A46     		mov	r10, r3
2343:Modules/mpu6050/inv_mpu.c ****     unsigned short ii;
 6455              		.loc 1 2343 5 is_stmt 1 view .LVU1914
2344:Modules/mpu6050/inv_mpu.c ****     unsigned short this_write;
 6456              		.loc 1 2344 5 view .LVU1915
2345:Modules/mpu6050/inv_mpu.c ****     /* Must divide evenly into st.hw->bank_size to avoid bank crossings. */
2346:Modules/mpu6050/inv_mpu.c **** #define LOAD_CHUNK  (16)
2347:Modules/mpu6050/inv_mpu.c ****     unsigned char cur[LOAD_CHUNK], tmp[2];
 6457              		.loc 1 2347 5 view .LVU1916
ARM GAS  C:\Users\FASCIN~1\AppData\Local\Temp\ccNBUjvk.s 			page 182


2348:Modules/mpu6050/inv_mpu.c **** 
2349:Modules/mpu6050/inv_mpu.c ****     if (st.chip_cfg.dmp_loaded)
 6458              		.loc 1 2349 5 view .LVU1917
 6459              		.loc 1 2349 20 is_stmt 0 view .LVU1918
 6460 0008 294B     		ldr	r3, .L542
 6461              	.LVL440:
 6462              		.loc 1 2349 20 view .LVU1919
 6463 000a 93F82530 		ldrb	r3, [r3, #37]	@ zero_extendqisi2
 6464              		.loc 1 2349 8 view .LVU1920
 6465 000e 002B     		cmp	r3, #0
 6466 0010 3CD1     		bne	.L534
 6467 0012 0746     		mov	r7, r0
 6468 0014 8846     		mov	r8, r1
 6469 0016 9146     		mov	r9, r2
2350:Modules/mpu6050/inv_mpu.c ****         /* DMP should only be loaded once. */
2351:Modules/mpu6050/inv_mpu.c ****         return -1;
2352:Modules/mpu6050/inv_mpu.c **** 
2353:Modules/mpu6050/inv_mpu.c ****     if (!firmware)
 6470              		.loc 1 2353 5 is_stmt 1 view .LVU1921
 6471              		.loc 1 2353 8 is_stmt 0 view .LVU1922
 6472 0018 0029     		cmp	r1, #0
 6473 001a 3AD0     		beq	.L535
2354:Modules/mpu6050/inv_mpu.c ****         return -1;
2355:Modules/mpu6050/inv_mpu.c ****     for (ii = 0; ii < length; ii += this_write) {
 6474              		.loc 1 2355 13 view .LVU1923
 6475 001c 0024     		movs	r4, #0
 6476              	.LVL441:
 6477              	.L532:
 6478              		.loc 1 2355 21 is_stmt 1 discriminator 1 view .LVU1924
 6479 001e BC42     		cmp	r4, r7
 6480 0020 1BD2     		bcs	.L541
2356:Modules/mpu6050/inv_mpu.c ****         this_write = min(LOAD_CHUNK, length - ii);
 6481              		.loc 1 2356 9 view .LVU1925
 6482              		.loc 1 2356 22 is_stmt 0 view .LVU1926
 6483 0022 3E1B     		subs	r6, r7, r4
 6484 0024 102E     		cmp	r6, #16
 6485 0026 A8BF     		it	ge
 6486 0028 1026     		movge	r6, #16
 6487              		.loc 1 2356 20 view .LVU1927
 6488 002a B5B2     		uxth	r5, r6
 6489              	.LVL442:
2357:Modules/mpu6050/inv_mpu.c ****         if (mpu_write_mem(ii, this_write, (unsigned char*)&firmware[ii]))
 6490              		.loc 1 2357 9 is_stmt 1 view .LVU1928
 6491              		.loc 1 2357 59 is_stmt 0 view .LVU1929
 6492 002c 08EB040B 		add	fp, r8, r4
 6493              		.loc 1 2357 13 view .LVU1930
 6494 0030 5A46     		mov	r2, fp
 6495 0032 2946     		mov	r1, r5
 6496 0034 2046     		mov	r0, r4
 6497 0036 FFF7FEFF 		bl	mpu_write_mem
 6498              	.LVL443:
 6499              		.loc 1 2357 12 discriminator 1 view .LVU1931
 6500 003a 68BB     		cbnz	r0, .L536
2358:Modules/mpu6050/inv_mpu.c ****             return -1;
2359:Modules/mpu6050/inv_mpu.c ****         if (mpu_read_mem(ii, this_write, cur))
 6501              		.loc 1 2359 9 is_stmt 1 view .LVU1932
 6502              		.loc 1 2359 13 is_stmt 0 view .LVU1933
ARM GAS  C:\Users\FASCIN~1\AppData\Local\Temp\ccNBUjvk.s 			page 183


 6503 003c 02AA     		add	r2, sp, #8
 6504 003e 2946     		mov	r1, r5
 6505 0040 2046     		mov	r0, r4
 6506 0042 FFF7FEFF 		bl	mpu_read_mem
 6507              	.LVL444:
 6508              		.loc 1 2359 12 discriminator 1 view .LVU1934
 6509 0046 50BB     		cbnz	r0, .L537
2360:Modules/mpu6050/inv_mpu.c ****             return -1;
2361:Modules/mpu6050/inv_mpu.c ****         if (memcmp(firmware+ii, cur, this_write))
 6510              		.loc 1 2361 9 is_stmt 1 view .LVU1935
 6511              		.loc 1 2361 13 is_stmt 0 view .LVU1936
 6512 0048 2A46     		mov	r2, r5
 6513 004a 02A9     		add	r1, sp, #8
 6514 004c 5846     		mov	r0, fp
 6515 004e FFF7FEFF 		bl	memcmp
 6516              	.LVL445:
 6517              		.loc 1 2361 12 discriminator 1 view .LVU1937
 6518 0052 38BB     		cbnz	r0, .L538
2355:Modules/mpu6050/inv_mpu.c ****         this_write = min(LOAD_CHUNK, length - ii);
 6519              		.loc 1 2355 34 is_stmt 1 discriminator 2 view .LVU1938
 6520 0054 2544     		add	r5, r5, r4
 6521              	.LVL446:
2355:Modules/mpu6050/inv_mpu.c ****         this_write = min(LOAD_CHUNK, length - ii);
 6522              		.loc 1 2355 34 is_stmt 0 discriminator 2 view .LVU1939
 6523 0056 ACB2     		uxth	r4, r5
 6524              	.LVL447:
2355:Modules/mpu6050/inv_mpu.c ****         this_write = min(LOAD_CHUNK, length - ii);
 6525              		.loc 1 2355 34 discriminator 2 view .LVU1940
 6526 0058 E1E7     		b	.L532
 6527              	.LVL448:
 6528              	.L541:
2362:Modules/mpu6050/inv_mpu.c ****             return -2;
2363:Modules/mpu6050/inv_mpu.c ****     }
2364:Modules/mpu6050/inv_mpu.c **** 
2365:Modules/mpu6050/inv_mpu.c ****     /* Set program start address. */
2366:Modules/mpu6050/inv_mpu.c ****     tmp[0] = start_addr >> 8;
 6529              		.loc 1 2366 5 is_stmt 1 view .LVU1941
 6530              		.loc 1 2366 12 is_stmt 0 view .LVU1942
 6531 005a 4FEA1923 		lsr	r3, r9, #8
 6532 005e 8DF80430 		strb	r3, [sp, #4]
2367:Modules/mpu6050/inv_mpu.c ****     tmp[1] = start_addr & 0xFF;
 6533              		.loc 1 2367 5 is_stmt 1 view .LVU1943
 6534              		.loc 1 2367 12 is_stmt 0 view .LVU1944
 6535 0062 8DF80590 		strb	r9, [sp, #5]
2368:Modules/mpu6050/inv_mpu.c ****     if (i2c_write(st.hw->addr, st.reg->prgm_start_h, 2, tmp))
 6536              		.loc 1 2368 5 is_stmt 1 view .LVU1945
 6537              		.loc 1 2368 21 is_stmt 0 view .LVU1946
 6538 0066 124B     		ldr	r3, .L542
 6539 0068 5868     		ldr	r0, [r3, #4]
 6540              		.loc 1 2368 34 view .LVU1947
 6541 006a 1968     		ldr	r1, [r3]
 6542              		.loc 1 2368 9 view .LVU1948
 6543 006c 01AB     		add	r3, sp, #4
 6544 006e 0222     		movs	r2, #2
 6545 0070 897E     		ldrb	r1, [r1, #26]	@ zero_extendqisi2
 6546 0072 0078     		ldrb	r0, [r0]	@ zero_extendqisi2
 6547 0074 FFF7FEFF 		bl	MPU_Write_Len
ARM GAS  C:\Users\FASCIN~1\AppData\Local\Temp\ccNBUjvk.s 			page 184


 6548              	.LVL449:
 6549              		.loc 1 2368 8 discriminator 1 view .LVU1949
 6550 0078 B8B9     		cbnz	r0, .L539
2369:Modules/mpu6050/inv_mpu.c ****         return -1;
2370:Modules/mpu6050/inv_mpu.c **** 
2371:Modules/mpu6050/inv_mpu.c ****     st.chip_cfg.dmp_loaded = 1;
 6551              		.loc 1 2371 5 is_stmt 1 view .LVU1950
 6552              		.loc 1 2371 28 is_stmt 0 view .LVU1951
 6553 007a 0D4B     		ldr	r3, .L542
 6554 007c 0122     		movs	r2, #1
 6555 007e 83F82520 		strb	r2, [r3, #37]
2372:Modules/mpu6050/inv_mpu.c ****     st.chip_cfg.dmp_sample_rate = sample_rate;
 6556              		.loc 1 2372 5 is_stmt 1 view .LVU1952
 6557              		.loc 1 2372 33 is_stmt 0 view .LVU1953
 6558 0082 A3F826A0 		strh	r10, [r3, #38]	@ movhi
2373:Modules/mpu6050/inv_mpu.c ****     return 0;
 6559              		.loc 1 2373 5 is_stmt 1 view .LVU1954
 6560              	.LVL450:
 6561              	.L530:
2374:Modules/mpu6050/inv_mpu.c **** }
 6562              		.loc 1 2374 1 is_stmt 0 view .LVU1955
 6563 0086 07B0     		add	sp, sp, #28
 6564              	.LCFI128:
 6565              		.cfi_remember_state
 6566              		.cfi_def_cfa_offset 36
 6567              		@ sp needed
 6568 0088 BDE8F08F 		pop	{r4, r5, r6, r7, r8, r9, r10, fp, pc}
 6569              	.LVL451:
 6570              	.L534:
 6571              	.LCFI129:
 6572              		.cfi_restore_state
2351:Modules/mpu6050/inv_mpu.c **** 
 6573              		.loc 1 2351 16 view .LVU1956
 6574 008c 4FF0FF30 		mov	r0, #-1
 6575              	.LVL452:
2351:Modules/mpu6050/inv_mpu.c **** 
 6576              		.loc 1 2351 16 view .LVU1957
 6577 0090 F9E7     		b	.L530
 6578              	.LVL453:
 6579              	.L535:
2354:Modules/mpu6050/inv_mpu.c ****     for (ii = 0; ii < length; ii += this_write) {
 6580              		.loc 1 2354 16 view .LVU1958
 6581 0092 4FF0FF30 		mov	r0, #-1
 6582              	.LVL454:
2354:Modules/mpu6050/inv_mpu.c ****     for (ii = 0; ii < length; ii += this_write) {
 6583              		.loc 1 2354 16 view .LVU1959
 6584 0096 F6E7     		b	.L530
 6585              	.LVL455:
 6586              	.L536:
2358:Modules/mpu6050/inv_mpu.c ****         if (mpu_read_mem(ii, this_write, cur))
 6587              		.loc 1 2358 20 view .LVU1960
 6588 0098 4FF0FF30 		mov	r0, #-1
 6589 009c F3E7     		b	.L530
 6590              	.L537:
2360:Modules/mpu6050/inv_mpu.c ****         if (memcmp(firmware+ii, cur, this_write))
 6591              		.loc 1 2360 20 view .LVU1961
 6592 009e 4FF0FF30 		mov	r0, #-1
ARM GAS  C:\Users\FASCIN~1\AppData\Local\Temp\ccNBUjvk.s 			page 185


 6593 00a2 F0E7     		b	.L530
 6594              	.L538:
2362:Modules/mpu6050/inv_mpu.c ****     }
 6595              		.loc 1 2362 20 view .LVU1962
 6596 00a4 6FF00100 		mvn	r0, #1
 6597 00a8 EDE7     		b	.L530
 6598              	.LVL456:
 6599              	.L539:
2369:Modules/mpu6050/inv_mpu.c **** 
 6600              		.loc 1 2369 16 view .LVU1963
 6601 00aa 4FF0FF30 		mov	r0, #-1
 6602 00ae EAE7     		b	.L530
 6603              	.L543:
 6604              		.align	2
 6605              	.L542:
 6606 00b0 00000000 		.word	st
 6607              		.cfi_endproc
 6608              	.LFE107:
 6610              		.section	.text.mpu_set_dmp_state,"ax",%progbits
 6611              		.align	1
 6612              		.global	mpu_set_dmp_state
 6613              		.syntax unified
 6614              		.thumb
 6615              		.thumb_func
 6617              	mpu_set_dmp_state:
 6618              	.LVL457:
 6619              	.LFB108:
2375:Modules/mpu6050/inv_mpu.c **** 
2376:Modules/mpu6050/inv_mpu.c **** /**
2377:Modules/mpu6050/inv_mpu.c ****  *  @brief      Enable/disable DMP support.
2378:Modules/mpu6050/inv_mpu.c ****  *  @param[in]  enable  1 to turn on the DMP.
2379:Modules/mpu6050/inv_mpu.c ****  *  @return     0 if successful.
2380:Modules/mpu6050/inv_mpu.c ****  */
2381:Modules/mpu6050/inv_mpu.c **** int mpu_set_dmp_state(unsigned char enable)
2382:Modules/mpu6050/inv_mpu.c **** {
 6620              		.loc 1 2382 1 is_stmt 1 view -0
 6621              		.cfi_startproc
 6622              		@ args = 0, pretend = 0, frame = 8
 6623              		@ frame_needed = 0, uses_anonymous_args = 0
2383:Modules/mpu6050/inv_mpu.c ****     unsigned char tmp;
 6624              		.loc 1 2383 5 view .LVU1965
2384:Modules/mpu6050/inv_mpu.c ****     if (st.chip_cfg.dmp_on == enable)
 6625              		.loc 1 2384 5 view .LVU1966
 6626              		.loc 1 2384 20 is_stmt 0 view .LVU1967
 6627 0000 234B     		ldr	r3, .L553
 6628 0002 93F82430 		ldrb	r3, [r3, #36]	@ zero_extendqisi2
 6629              		.loc 1 2384 8 view .LVU1968
 6630 0006 8342     		cmp	r3, r0
 6631 0008 3CD0     		beq	.L547
2382:Modules/mpu6050/inv_mpu.c ****     unsigned char tmp;
 6632              		.loc 1 2382 1 view .LVU1969
 6633 000a 30B5     		push	{r4, r5, lr}
 6634              	.LCFI130:
 6635              		.cfi_def_cfa_offset 12
 6636              		.cfi_offset 4, -12
 6637              		.cfi_offset 5, -8
 6638              		.cfi_offset 14, -4
ARM GAS  C:\Users\FASCIN~1\AppData\Local\Temp\ccNBUjvk.s 			page 186


 6639 000c 83B0     		sub	sp, sp, #12
 6640              	.LCFI131:
 6641              		.cfi_def_cfa_offset 24
2385:Modules/mpu6050/inv_mpu.c ****         return 0;
2386:Modules/mpu6050/inv_mpu.c **** 
2387:Modules/mpu6050/inv_mpu.c ****     if (enable) {
 6642              		.loc 1 2387 5 is_stmt 1 view .LVU1970
 6643              		.loc 1 2387 8 is_stmt 0 view .LVU1971
 6644 000e 18B3     		cbz	r0, .L546
2388:Modules/mpu6050/inv_mpu.c ****         if (!st.chip_cfg.dmp_loaded)
 6645              		.loc 1 2388 9 is_stmt 1 view .LVU1972
 6646              		.loc 1 2388 25 is_stmt 0 view .LVU1973
 6647 0010 1F4B     		ldr	r3, .L553
 6648 0012 93F82530 		ldrb	r3, [r3, #37]	@ zero_extendqisi2
 6649              		.loc 1 2388 12 view .LVU1974
 6650 0016 002B     		cmp	r3, #0
 6651 0018 36D0     		beq	.L548
2389:Modules/mpu6050/inv_mpu.c ****             return -1;
2390:Modules/mpu6050/inv_mpu.c ****         /* Disable data ready interrupt. */
2391:Modules/mpu6050/inv_mpu.c ****         set_int_enable(0);
 6652              		.loc 1 2391 9 is_stmt 1 view .LVU1975
 6653 001a 0020     		movs	r0, #0
 6654              	.LVL458:
 6655              		.loc 1 2391 9 is_stmt 0 view .LVU1976
 6656 001c FFF7FEFF 		bl	set_int_enable
 6657              	.LVL459:
2392:Modules/mpu6050/inv_mpu.c ****         /* Disable bypass mode. */
2393:Modules/mpu6050/inv_mpu.c ****         mpu_set_bypass(0);
 6658              		.loc 1 2393 9 is_stmt 1 view .LVU1977
 6659 0020 0020     		movs	r0, #0
 6660 0022 FFF7FEFF 		bl	mpu_set_bypass
 6661              	.LVL460:
2394:Modules/mpu6050/inv_mpu.c ****         /* Keep constant sample rate, FIFO rate controlled by DMP. */
2395:Modules/mpu6050/inv_mpu.c ****         mpu_set_sample_rate(st.chip_cfg.dmp_sample_rate);
 6662              		.loc 1 2395 9 view .LVU1978
 6663 0026 1A4D     		ldr	r5, .L553
 6664 0028 E88C     		ldrh	r0, [r5, #38]
 6665 002a FFF7FEFF 		bl	mpu_set_sample_rate
 6666              	.LVL461:
2396:Modules/mpu6050/inv_mpu.c ****         /* Remove FIFO elements. */
2397:Modules/mpu6050/inv_mpu.c ****         tmp = 0;
 6667              		.loc 1 2397 9 view .LVU1979
 6668              		.loc 1 2397 13 is_stmt 0 view .LVU1980
 6669 002e 0024     		movs	r4, #0
 6670 0030 8DF80740 		strb	r4, [sp, #7]
2398:Modules/mpu6050/inv_mpu.c ****         i2c_write(st.hw->addr, 0x23, 1, &tmp);
 6671              		.loc 1 2398 9 is_stmt 1 view .LVU1981
 6672              		.loc 1 2398 21 is_stmt 0 view .LVU1982
 6673 0034 6868     		ldr	r0, [r5, #4]
 6674              		.loc 1 2398 9 view .LVU1983
 6675 0036 0DF10703 		add	r3, sp, #7
 6676 003a 0122     		movs	r2, #1
 6677 003c 2321     		movs	r1, #35
 6678 003e 0078     		ldrb	r0, [r0]	@ zero_extendqisi2
 6679 0040 FFF7FEFF 		bl	MPU_Write_Len
 6680              	.LVL462:
2399:Modules/mpu6050/inv_mpu.c ****         st.chip_cfg.dmp_on = 1;
ARM GAS  C:\Users\FASCIN~1\AppData\Local\Temp\ccNBUjvk.s 			page 187


 6681              		.loc 1 2399 9 is_stmt 1 view .LVU1984
 6682              		.loc 1 2399 28 is_stmt 0 view .LVU1985
 6683 0044 0120     		movs	r0, #1
 6684 0046 85F82400 		strb	r0, [r5, #36]
2400:Modules/mpu6050/inv_mpu.c ****         /* Enable DMP interrupt. */
2401:Modules/mpu6050/inv_mpu.c ****         set_int_enable(1);
 6685              		.loc 1 2401 9 is_stmt 1 view .LVU1986
 6686 004a FFF7FEFF 		bl	set_int_enable
 6687              	.LVL463:
2402:Modules/mpu6050/inv_mpu.c ****         mpu_reset_fifo();
 6688              		.loc 1 2402 9 view .LVU1987
 6689 004e FFF7FEFF 		bl	mpu_reset_fifo
 6690              	.LVL464:
2403:Modules/mpu6050/inv_mpu.c ****     } else {
2404:Modules/mpu6050/inv_mpu.c ****         /* Disable DMP interrupt. */
2405:Modules/mpu6050/inv_mpu.c ****         set_int_enable(0);
2406:Modules/mpu6050/inv_mpu.c ****         /* Restore FIFO settings. */
2407:Modules/mpu6050/inv_mpu.c ****         tmp = st.chip_cfg.fifo_enable;
2408:Modules/mpu6050/inv_mpu.c ****         i2c_write(st.hw->addr, 0x23, 1, &tmp);
2409:Modules/mpu6050/inv_mpu.c ****         st.chip_cfg.dmp_on = 0;
2410:Modules/mpu6050/inv_mpu.c ****         mpu_reset_fifo();
2411:Modules/mpu6050/inv_mpu.c ****     }
2412:Modules/mpu6050/inv_mpu.c ****     return 0;
 6691              		.loc 1 2412 12 is_stmt 0 view .LVU1988
 6692 0052 2046     		mov	r0, r4
 6693              	.L544:
2413:Modules/mpu6050/inv_mpu.c **** }
 6694              		.loc 1 2413 1 view .LVU1989
 6695 0054 03B0     		add	sp, sp, #12
 6696              	.LCFI132:
 6697              		.cfi_remember_state
 6698              		.cfi_def_cfa_offset 12
 6699              		@ sp needed
 6700 0056 30BD     		pop	{r4, r5, pc}
 6701              	.LVL465:
 6702              	.L546:
 6703              	.LCFI133:
 6704              		.cfi_restore_state
2405:Modules/mpu6050/inv_mpu.c ****         /* Restore FIFO settings. */
 6705              		.loc 1 2405 9 is_stmt 1 view .LVU1990
 6706 0058 0020     		movs	r0, #0
 6707              	.LVL466:
2405:Modules/mpu6050/inv_mpu.c ****         /* Restore FIFO settings. */
 6708              		.loc 1 2405 9 is_stmt 0 view .LVU1991
 6709 005a FFF7FEFF 		bl	set_int_enable
 6710              	.LVL467:
2407:Modules/mpu6050/inv_mpu.c ****         i2c_write(st.hw->addr, 0x23, 1, &tmp);
 6711              		.loc 1 2407 9 is_stmt 1 view .LVU1992
2407:Modules/mpu6050/inv_mpu.c ****         i2c_write(st.hw->addr, 0x23, 1, &tmp);
 6712              		.loc 1 2407 26 is_stmt 0 view .LVU1993
 6713 005e 0C4D     		ldr	r5, .L553
 6714 0060 2B7C     		ldrb	r3, [r5, #16]	@ zero_extendqisi2
2407:Modules/mpu6050/inv_mpu.c ****         i2c_write(st.hw->addr, 0x23, 1, &tmp);
 6715              		.loc 1 2407 13 view .LVU1994
 6716 0062 8DF80730 		strb	r3, [sp, #7]
2408:Modules/mpu6050/inv_mpu.c ****         st.chip_cfg.dmp_on = 0;
 6717              		.loc 1 2408 9 is_stmt 1 view .LVU1995
ARM GAS  C:\Users\FASCIN~1\AppData\Local\Temp\ccNBUjvk.s 			page 188


2408:Modules/mpu6050/inv_mpu.c ****         st.chip_cfg.dmp_on = 0;
 6718              		.loc 1 2408 21 is_stmt 0 view .LVU1996
 6719 0066 6868     		ldr	r0, [r5, #4]
2408:Modules/mpu6050/inv_mpu.c ****         st.chip_cfg.dmp_on = 0;
 6720              		.loc 1 2408 9 view .LVU1997
 6721 0068 0DF10703 		add	r3, sp, #7
 6722 006c 0122     		movs	r2, #1
 6723 006e 2321     		movs	r1, #35
 6724 0070 0078     		ldrb	r0, [r0]	@ zero_extendqisi2
 6725 0072 FFF7FEFF 		bl	MPU_Write_Len
 6726              	.LVL468:
2409:Modules/mpu6050/inv_mpu.c ****         mpu_reset_fifo();
 6727              		.loc 1 2409 9 is_stmt 1 view .LVU1998
2409:Modules/mpu6050/inv_mpu.c ****         mpu_reset_fifo();
 6728              		.loc 1 2409 28 is_stmt 0 view .LVU1999
 6729 0076 0024     		movs	r4, #0
 6730 0078 85F82440 		strb	r4, [r5, #36]
2410:Modules/mpu6050/inv_mpu.c ****     }
 6731              		.loc 1 2410 9 is_stmt 1 view .LVU2000
 6732 007c FFF7FEFF 		bl	mpu_reset_fifo
 6733              	.LVL469:
2412:Modules/mpu6050/inv_mpu.c **** }
 6734              		.loc 1 2412 12 is_stmt 0 view .LVU2001
 6735 0080 2046     		mov	r0, r4
 6736 0082 E7E7     		b	.L544
 6737              	.LVL470:
 6738              	.L547:
 6739              	.LCFI134:
 6740              		.cfi_def_cfa_offset 0
 6741              		.cfi_restore 4
 6742              		.cfi_restore 5
 6743              		.cfi_restore 14
2385:Modules/mpu6050/inv_mpu.c **** 
 6744              		.loc 1 2385 16 view .LVU2002
 6745 0084 0020     		movs	r0, #0
 6746              	.LVL471:
 6747              		.loc 1 2413 1 view .LVU2003
 6748 0086 7047     		bx	lr
 6749              	.LVL472:
 6750              	.L548:
 6751              	.LCFI135:
 6752              		.cfi_def_cfa_offset 24
 6753              		.cfi_offset 4, -12
 6754              		.cfi_offset 5, -8
 6755              		.cfi_offset 14, -4
2389:Modules/mpu6050/inv_mpu.c ****         /* Disable data ready interrupt. */
 6756              		.loc 1 2389 20 view .LVU2004
 6757 0088 4FF0FF30 		mov	r0, #-1
 6758              	.LVL473:
2389:Modules/mpu6050/inv_mpu.c ****         /* Disable data ready interrupt. */
 6759              		.loc 1 2389 20 view .LVU2005
 6760 008c E2E7     		b	.L544
 6761              	.L554:
 6762 008e 00BF     		.align	2
 6763              	.L553:
 6764 0090 00000000 		.word	st
 6765              		.cfi_endproc
ARM GAS  C:\Users\FASCIN~1\AppData\Local\Temp\ccNBUjvk.s 			page 189


 6766              	.LFE108:
 6768              		.section	.text.mpu_run_self_test,"ax",%progbits
 6769              		.align	1
 6770              		.global	mpu_run_self_test
 6771              		.syntax unified
 6772              		.thumb
 6773              		.thumb_func
 6775              	mpu_run_self_test:
 6776              	.LVL474:
 6777              	.LFB104:
2174:Modules/mpu6050/inv_mpu.c **** #ifdef MPU6050
 6778              		.loc 1 2174 1 is_stmt 1 view -0
 6779              		.cfi_startproc
 6780              		@ args = 0, pretend = 0, frame = 32
 6781              		@ frame_needed = 0, uses_anonymous_args = 0
2174:Modules/mpu6050/inv_mpu.c **** #ifdef MPU6050
 6782              		.loc 1 2174 1 is_stmt 0 view .LVU2007
 6783 0000 2DE9F041 		push	{r4, r5, r6, r7, r8, lr}
 6784              	.LCFI136:
 6785              		.cfi_def_cfa_offset 24
 6786              		.cfi_offset 4, -24
 6787              		.cfi_offset 5, -20
 6788              		.cfi_offset 6, -16
 6789              		.cfi_offset 7, -12
 6790              		.cfi_offset 8, -8
 6791              		.cfi_offset 14, -4
 6792 0004 88B0     		sub	sp, sp, #32
 6793              	.LCFI137:
 6794              		.cfi_def_cfa_offset 56
 6795 0006 0546     		mov	r5, r0
 6796 0008 0E46     		mov	r6, r1
2176:Modules/mpu6050/inv_mpu.c ****     long gyro_st[3], accel_st[3];
 6797              		.loc 1 2176 5 is_stmt 1 view .LVU2008
 6798              	.LVL475:
2177:Modules/mpu6050/inv_mpu.c ****     unsigned char accel_result, gyro_result;
 6799              		.loc 1 2177 5 view .LVU2009
2178:Modules/mpu6050/inv_mpu.c **** #ifdef AK89xx_SECONDARY
 6800              		.loc 1 2178 5 view .LVU2010
2182:Modules/mpu6050/inv_mpu.c **** #endif
 6801              		.loc 1 2182 5 view .LVU2011
2184:Modules/mpu6050/inv_mpu.c ****     unsigned char accel_fsr, fifo_sensors, sensors_on;
 6802              		.loc 1 2184 5 view .LVU2012
2185:Modules/mpu6050/inv_mpu.c ****     unsigned short gyro_fsr, sample_rate, lpf;
 6803              		.loc 1 2185 5 view .LVU2013
2186:Modules/mpu6050/inv_mpu.c ****     unsigned char dmp_was_on;
 6804              		.loc 1 2186 5 view .LVU2014
2187:Modules/mpu6050/inv_mpu.c **** 
 6805              		.loc 1 2187 5 view .LVU2015
2189:Modules/mpu6050/inv_mpu.c ****         mpu_set_dmp_state(0);
 6806              		.loc 1 2189 5 view .LVU2016
2189:Modules/mpu6050/inv_mpu.c ****         mpu_set_dmp_state(0);
 6807              		.loc 1 2189 20 is_stmt 0 view .LVU2017
 6808 000a 3D4B     		ldr	r3, .L572
 6809 000c 93F82470 		ldrb	r7, [r3, #36]	@ zero_extendqisi2
2189:Modules/mpu6050/inv_mpu.c ****         mpu_set_dmp_state(0);
 6810              		.loc 1 2189 8 view .LVU2018
 6811 0010 FFB9     		cbnz	r7, .L570
ARM GAS  C:\Users\FASCIN~1\AppData\Local\Temp\ccNBUjvk.s 			page 190


 6812              	.LVL476:
 6813              	.L556:
2196:Modules/mpu6050/inv_mpu.c ****     mpu_get_accel_fsr(&accel_fsr);
 6814              		.loc 1 2196 5 is_stmt 1 view .LVU2019
 6815 0012 01A8     		add	r0, sp, #4
 6816 0014 FFF7FEFF 		bl	mpu_get_gyro_fsr
 6817              	.LVL477:
2197:Modules/mpu6050/inv_mpu.c ****     mpu_get_lpf(&lpf);
 6818              		.loc 1 2197 5 view .LVU2020
 6819 0018 0DF10700 		add	r0, sp, #7
 6820 001c FFF7FEFF 		bl	mpu_get_accel_fsr
 6821              	.LVL478:
2198:Modules/mpu6050/inv_mpu.c ****     mpu_get_sample_rate(&sample_rate);
 6822              		.loc 1 2198 5 view .LVU2021
 6823 0020 6846     		mov	r0, sp
 6824 0022 FFF7FEFF 		bl	mpu_get_lpf
 6825              	.LVL479:
2199:Modules/mpu6050/inv_mpu.c ****     sensors_on = st.chip_cfg.sensors;
 6826              		.loc 1 2199 5 view .LVU2022
 6827 0026 0DF10200 		add	r0, sp, #2
 6828 002a FFF7FEFF 		bl	mpu_get_sample_rate
 6829              	.LVL480:
2200:Modules/mpu6050/inv_mpu.c ****     mpu_get_fifo_config(&fifo_sensors);
 6830              		.loc 1 2200 5 view .LVU2023
2200:Modules/mpu6050/inv_mpu.c ****     mpu_get_fifo_config(&fifo_sensors);
 6831              		.loc 1 2200 16 is_stmt 0 view .LVU2024
 6832 002e 344B     		ldr	r3, .L572
 6833 0030 93F80A80 		ldrb	r8, [r3, #10]	@ zero_extendqisi2
 6834              	.LVL481:
2201:Modules/mpu6050/inv_mpu.c **** 
 6835              		.loc 1 2201 5 is_stmt 1 view .LVU2025
 6836 0034 0DF10600 		add	r0, sp, #6
 6837 0038 FFF7FEFF 		bl	mpu_get_fifo_config
 6838              	.LVL482:
2205:Modules/mpu6050/inv_mpu.c ****         if (!get_st_biases(gyro, accel, 0))
 6839              		.loc 1 2205 5 view .LVU2026
2205:Modules/mpu6050/inv_mpu.c ****         if (!get_st_biases(gyro, accel, 0))
 6840              		.loc 1 2205 13 is_stmt 0 view .LVU2027
 6841 003c 0024     		movs	r4, #0
 6842              	.LVL483:
 6843              	.L557:
2205:Modules/mpu6050/inv_mpu.c ****         if (!get_st_biases(gyro, accel, 0))
 6844              		.loc 1 2205 21 is_stmt 1 discriminator 1 view .LVU2028
 6845 003e 012C     		cmp	r4, #1
 6846 0040 0CDC     		bgt	.L558
2206:Modules/mpu6050/inv_mpu.c ****             break;
 6847              		.loc 1 2206 9 view .LVU2029
2206:Modules/mpu6050/inv_mpu.c ****             break;
 6848              		.loc 1 2206 14 is_stmt 0 view .LVU2030
 6849 0042 0022     		movs	r2, #0
 6850 0044 3146     		mov	r1, r6
 6851 0046 2846     		mov	r0, r5
 6852 0048 FFF7FEFF 		bl	get_st_biases
 6853              	.LVL484:
2206:Modules/mpu6050/inv_mpu.c ****             break;
 6854              		.loc 1 2206 12 discriminator 1 view .LVU2031
 6855 004c 30B1     		cbz	r0, .L558
ARM GAS  C:\Users\FASCIN~1\AppData\Local\Temp\ccNBUjvk.s 			page 191


2205:Modules/mpu6050/inv_mpu.c ****         if (!get_st_biases(gyro, accel, 0))
 6856              		.loc 1 2205 32 is_stmt 1 discriminator 2 view .LVU2032
 6857 004e 0134     		adds	r4, r4, #1
 6858              	.LVL485:
2205:Modules/mpu6050/inv_mpu.c ****         if (!get_st_biases(gyro, accel, 0))
 6859              		.loc 1 2205 32 is_stmt 0 discriminator 2 view .LVU2033
 6860 0050 F5E7     		b	.L557
 6861              	.LVL486:
 6862              	.L570:
2190:Modules/mpu6050/inv_mpu.c ****         dmp_was_on = 1;
 6863              		.loc 1 2190 9 is_stmt 1 view .LVU2034
 6864 0052 0020     		movs	r0, #0
 6865              	.LVL487:
2190:Modules/mpu6050/inv_mpu.c ****         dmp_was_on = 1;
 6866              		.loc 1 2190 9 is_stmt 0 view .LVU2035
 6867 0054 FFF7FEFF 		bl	mpu_set_dmp_state
 6868              	.LVL488:
2191:Modules/mpu6050/inv_mpu.c ****     } else
 6869              		.loc 1 2191 9 is_stmt 1 view .LVU2036
2191:Modules/mpu6050/inv_mpu.c ****     } else
 6870              		.loc 1 2191 20 is_stmt 0 view .LVU2037
 6871 0058 0127     		movs	r7, #1
 6872 005a DAE7     		b	.L556
 6873              	.LVL489:
 6874              	.L558:
2208:Modules/mpu6050/inv_mpu.c ****         /* If we reach this point, we most likely encountered an I2C error.
 6875              		.loc 1 2208 5 is_stmt 1 view .LVU2038
2208:Modules/mpu6050/inv_mpu.c ****         /* If we reach this point, we most likely encountered an I2C error.
 6876              		.loc 1 2208 8 is_stmt 0 view .LVU2039
 6877 005c 022C     		cmp	r4, #2
 6878 005e 1FD0     		beq	.L566
2215:Modules/mpu6050/inv_mpu.c ****         if (!get_st_biases(gyro_st, accel_st, 1))
 6879              		.loc 1 2215 13 view .LVU2040
 6880 0060 0024     		movs	r4, #0
 6881              	.LVL490:
 6882              	.L561:
2215:Modules/mpu6050/inv_mpu.c ****         if (!get_st_biases(gyro_st, accel_st, 1))
 6883              		.loc 1 2215 21 is_stmt 1 discriminator 1 view .LVU2041
 6884 0062 012C     		cmp	r4, #1
 6885 0064 07DC     		bgt	.L562
2216:Modules/mpu6050/inv_mpu.c ****             break;
 6886              		.loc 1 2216 9 view .LVU2042
2216:Modules/mpu6050/inv_mpu.c ****             break;
 6887              		.loc 1 2216 14 is_stmt 0 view .LVU2043
 6888 0066 0122     		movs	r2, #1
 6889 0068 02A9     		add	r1, sp, #8
 6890 006a 05A8     		add	r0, sp, #20
 6891 006c FFF7FEFF 		bl	get_st_biases
 6892              	.LVL491:
2216:Modules/mpu6050/inv_mpu.c ****             break;
 6893              		.loc 1 2216 12 discriminator 1 view .LVU2044
 6894 0070 08B1     		cbz	r0, .L562
2215:Modules/mpu6050/inv_mpu.c ****         if (!get_st_biases(gyro_st, accel_st, 1))
 6895              		.loc 1 2215 32 is_stmt 1 discriminator 2 view .LVU2045
 6896 0072 0134     		adds	r4, r4, #1
 6897              	.LVL492:
2215:Modules/mpu6050/inv_mpu.c ****         if (!get_st_biases(gyro_st, accel_st, 1))
ARM GAS  C:\Users\FASCIN~1\AppData\Local\Temp\ccNBUjvk.s 			page 192


 6898              		.loc 1 2215 32 is_stmt 0 discriminator 2 view .LVU2046
 6899 0074 F5E7     		b	.L561
 6900              	.L562:
2218:Modules/mpu6050/inv_mpu.c ****         /* Again, probably an I2C error. */
 6901              		.loc 1 2218 5 is_stmt 1 view .LVU2047
2218:Modules/mpu6050/inv_mpu.c ****         /* Again, probably an I2C error. */
 6902              		.loc 1 2218 8 is_stmt 0 view .LVU2048
 6903 0076 022C     		cmp	r4, #2
 6904 0078 14D0     		beq	.L567
2223:Modules/mpu6050/inv_mpu.c ****     gyro_result = gyro_self_test(gyro, gyro_st);
 6905              		.loc 1 2223 5 is_stmt 1 view .LVU2049
2223:Modules/mpu6050/inv_mpu.c ****     gyro_result = gyro_self_test(gyro, gyro_st);
 6906              		.loc 1 2223 20 is_stmt 0 view .LVU2050
 6907 007a 02A9     		add	r1, sp, #8
 6908 007c 3046     		mov	r0, r6
 6909 007e FFF7FEFF 		bl	accel_self_test
 6910              	.LVL493:
2223:Modules/mpu6050/inv_mpu.c ****     gyro_result = gyro_self_test(gyro, gyro_st);
 6911              		.loc 1 2223 18 discriminator 1 view .LVU2051
 6912 0082 C6B2     		uxtb	r6, r0
 6913              	.LVL494:
2224:Modules/mpu6050/inv_mpu.c **** 
 6914              		.loc 1 2224 5 is_stmt 1 view .LVU2052
2224:Modules/mpu6050/inv_mpu.c **** 
 6915              		.loc 1 2224 19 is_stmt 0 view .LVU2053
 6916 0084 05A9     		add	r1, sp, #20
 6917 0086 2846     		mov	r0, r5
 6918 0088 FFF7FEFF 		bl	gyro_self_test
 6919              	.LVL495:
2226:Modules/mpu6050/inv_mpu.c ****     if (!gyro_result)
 6920              		.loc 1 2226 5 is_stmt 1 view .LVU2054
2227:Modules/mpu6050/inv_mpu.c ****         result |= 0x01;
 6921              		.loc 1 2227 5 view .LVU2055
2227:Modules/mpu6050/inv_mpu.c ****         result |= 0x01;
 6922              		.loc 1 2227 8 is_stmt 0 view .LVU2056
 6923 008c 10F0FF0F 		tst	r0, #255
 6924 0090 04D0     		beq	.L568
2226:Modules/mpu6050/inv_mpu.c ****     if (!gyro_result)
 6925              		.loc 1 2226 12 view .LVU2057
 6926 0092 0024     		movs	r4, #0
 6927              	.LVL496:
 6928              	.L564:
2229:Modules/mpu6050/inv_mpu.c ****         result |= 0x02;
 6929              		.loc 1 2229 5 is_stmt 1 view .LVU2058
2229:Modules/mpu6050/inv_mpu.c ****         result |= 0x02;
 6930              		.loc 1 2229 8 is_stmt 0 view .LVU2059
 6931 0094 3EB9     		cbnz	r6, .L560
2230:Modules/mpu6050/inv_mpu.c **** 
 6932              		.loc 1 2230 9 is_stmt 1 view .LVU2060
2230:Modules/mpu6050/inv_mpu.c **** 
 6933              		.loc 1 2230 16 is_stmt 0 view .LVU2061
 6934 0096 44F00204 		orr	r4, r4, #2
 6935              	.LVL497:
2230:Modules/mpu6050/inv_mpu.c **** 
 6936              		.loc 1 2230 16 view .LVU2062
 6937 009a 04E0     		b	.L560
 6938              	.LVL498:
ARM GAS  C:\Users\FASCIN~1\AppData\Local\Temp\ccNBUjvk.s 			page 193


 6939              	.L568:
2228:Modules/mpu6050/inv_mpu.c ****     if (!accel_result)
 6940              		.loc 1 2228 16 view .LVU2063
 6941 009c 0124     		movs	r4, #1
 6942              	.LVL499:
2228:Modules/mpu6050/inv_mpu.c ****     if (!accel_result)
 6943              		.loc 1 2228 16 view .LVU2064
 6944 009e F9E7     		b	.L564
 6945              	.LVL500:
 6946              	.L566:
2212:Modules/mpu6050/inv_mpu.c ****         goto restore;
 6947              		.loc 1 2212 16 view .LVU2065
 6948 00a0 0024     		movs	r4, #0
 6949              	.LVL501:
2212:Modules/mpu6050/inv_mpu.c ****         goto restore;
 6950              		.loc 1 2212 16 view .LVU2066
 6951 00a2 00E0     		b	.L560
 6952              	.LVL502:
 6953              	.L567:
2220:Modules/mpu6050/inv_mpu.c ****         goto restore;
 6954              		.loc 1 2220 16 view .LVU2067
 6955 00a4 0024     		movs	r4, #0
 6956              	.LVL503:
 6957              	.L560:
2246:Modules/mpu6050/inv_mpu.c ****     st.chip_cfg.accel_fsr = 0xFF;
 6958              		.loc 1 2246 5 is_stmt 1 view .LVU2068
2246:Modules/mpu6050/inv_mpu.c ****     st.chip_cfg.accel_fsr = 0xFF;
 6959              		.loc 1 2246 26 is_stmt 0 view .LVU2069
 6960 00a6 164B     		ldr	r3, .L572
 6961 00a8 FF22     		movs	r2, #255
 6962 00aa 1A72     		strb	r2, [r3, #8]
2247:Modules/mpu6050/inv_mpu.c ****     st.chip_cfg.lpf = 0xFF;
 6963              		.loc 1 2247 5 is_stmt 1 view .LVU2070
2247:Modules/mpu6050/inv_mpu.c ****     st.chip_cfg.lpf = 0xFF;
 6964              		.loc 1 2247 27 is_stmt 0 view .LVU2071
 6965 00ac 5A72     		strb	r2, [r3, #9]
2248:Modules/mpu6050/inv_mpu.c ****     st.chip_cfg.sample_rate = 0xFFFF;
 6966              		.loc 1 2248 5 is_stmt 1 view .LVU2072
2248:Modules/mpu6050/inv_mpu.c ****     st.chip_cfg.sample_rate = 0xFFFF;
 6967              		.loc 1 2248 21 is_stmt 0 view .LVU2073
 6968 00ae DA72     		strb	r2, [r3, #11]
2249:Modules/mpu6050/inv_mpu.c ****     st.chip_cfg.sensors = 0xFF;
 6969              		.loc 1 2249 5 is_stmt 1 view .LVU2074
2249:Modules/mpu6050/inv_mpu.c ****     st.chip_cfg.sensors = 0xFF;
 6970              		.loc 1 2249 29 is_stmt 0 view .LVU2075
 6971 00b0 4FF6FF71 		movw	r1, #65535
 6972 00b4 D981     		strh	r1, [r3, #14]	@ movhi
2250:Modules/mpu6050/inv_mpu.c ****     st.chip_cfg.fifo_enable = 0xFF;
 6973              		.loc 1 2250 5 is_stmt 1 view .LVU2076
2250:Modules/mpu6050/inv_mpu.c ****     st.chip_cfg.fifo_enable = 0xFF;
 6974              		.loc 1 2250 25 is_stmt 0 view .LVU2077
 6975 00b6 9A72     		strb	r2, [r3, #10]
2251:Modules/mpu6050/inv_mpu.c ****     st.chip_cfg.clk_src = INV_CLK_PLL;
 6976              		.loc 1 2251 5 is_stmt 1 view .LVU2078
2251:Modules/mpu6050/inv_mpu.c ****     st.chip_cfg.clk_src = INV_CLK_PLL;
 6977              		.loc 1 2251 29 is_stmt 0 view .LVU2079
 6978 00b8 1A74     		strb	r2, [r3, #16]
ARM GAS  C:\Users\FASCIN~1\AppData\Local\Temp\ccNBUjvk.s 			page 194


2252:Modules/mpu6050/inv_mpu.c ****     mpu_set_gyro_fsr(gyro_fsr);
 6979              		.loc 1 2252 5 is_stmt 1 view .LVU2080
2252:Modules/mpu6050/inv_mpu.c ****     mpu_set_gyro_fsr(gyro_fsr);
 6980              		.loc 1 2252 25 is_stmt 0 view .LVU2081
 6981 00ba 0122     		movs	r2, #1
 6982 00bc 1A73     		strb	r2, [r3, #12]
2253:Modules/mpu6050/inv_mpu.c ****     mpu_set_accel_fsr(accel_fsr);
 6983              		.loc 1 2253 5 is_stmt 1 view .LVU2082
 6984 00be BDF80400 		ldrh	r0, [sp, #4]
 6985 00c2 FFF7FEFF 		bl	mpu_set_gyro_fsr
 6986              	.LVL504:
2254:Modules/mpu6050/inv_mpu.c ****     mpu_set_lpf(lpf);
 6987              		.loc 1 2254 5 view .LVU2083
 6988 00c6 9DF80700 		ldrb	r0, [sp, #7]	@ zero_extendqisi2
 6989 00ca FFF7FEFF 		bl	mpu_set_accel_fsr
 6990              	.LVL505:
2255:Modules/mpu6050/inv_mpu.c ****     mpu_set_sample_rate(sample_rate);
 6991              		.loc 1 2255 5 view .LVU2084
 6992 00ce BDF80000 		ldrh	r0, [sp]
 6993 00d2 FFF7FEFF 		bl	mpu_set_lpf
 6994              	.LVL506:
2256:Modules/mpu6050/inv_mpu.c ****     mpu_set_sensors(sensors_on);
 6995              		.loc 1 2256 5 view .LVU2085
 6996 00d6 BDF80200 		ldrh	r0, [sp, #2]
 6997 00da FFF7FEFF 		bl	mpu_set_sample_rate
 6998              	.LVL507:
2257:Modules/mpu6050/inv_mpu.c ****     mpu_configure_fifo(fifo_sensors);
 6999              		.loc 1 2257 5 view .LVU2086
 7000 00de 4046     		mov	r0, r8
 7001 00e0 FFF7FEFF 		bl	mpu_set_sensors
 7002              	.LVL508:
2258:Modules/mpu6050/inv_mpu.c **** 
 7003              		.loc 1 2258 5 view .LVU2087
 7004 00e4 9DF80600 		ldrb	r0, [sp, #6]	@ zero_extendqisi2
 7005 00e8 FFF7FEFF 		bl	mpu_configure_fifo
 7006              	.LVL509:
2260:Modules/mpu6050/inv_mpu.c ****         mpu_set_dmp_state(1);
 7007              		.loc 1 2260 5 view .LVU2088
2260:Modules/mpu6050/inv_mpu.c ****         mpu_set_dmp_state(1);
 7008              		.loc 1 2260 8 is_stmt 0 view .LVU2089
 7009 00ec 1FB9     		cbnz	r7, .L571
 7010              	.L555:
2264:Modules/mpu6050/inv_mpu.c **** 
 7011              		.loc 1 2264 1 view .LVU2090
 7012 00ee 2046     		mov	r0, r4
 7013 00f0 08B0     		add	sp, sp, #32
 7014              	.LCFI138:
 7015              		.cfi_remember_state
 7016              		.cfi_def_cfa_offset 24
 7017              		@ sp needed
 7018 00f2 BDE8F081 		pop	{r4, r5, r6, r7, r8, pc}
 7019              	.LVL510:
 7020              	.L571:
 7021              	.LCFI139:
 7022              		.cfi_restore_state
2261:Modules/mpu6050/inv_mpu.c **** 
 7023              		.loc 1 2261 9 is_stmt 1 view .LVU2091
ARM GAS  C:\Users\FASCIN~1\AppData\Local\Temp\ccNBUjvk.s 			page 195


 7024 00f6 0120     		movs	r0, #1
 7025 00f8 FFF7FEFF 		bl	mpu_set_dmp_state
 7026              	.LVL511:
2263:Modules/mpu6050/inv_mpu.c **** }
 7027              		.loc 1 2263 5 view .LVU2092
2263:Modules/mpu6050/inv_mpu.c **** }
 7028              		.loc 1 2263 12 is_stmt 0 view .LVU2093
 7029 00fc F7E7     		b	.L555
 7030              	.L573:
 7031 00fe 00BF     		.align	2
 7032              	.L572:
 7033 0100 00000000 		.word	st
 7034              		.cfi_endproc
 7035              	.LFE104:
 7037              		.section	.text.mpu_get_dmp_state,"ax",%progbits
 7038              		.align	1
 7039              		.global	mpu_get_dmp_state
 7040              		.syntax unified
 7041              		.thumb
 7042              		.thumb_func
 7044              	mpu_get_dmp_state:
 7045              	.LVL512:
 7046              	.LFB109:
2414:Modules/mpu6050/inv_mpu.c **** 
2415:Modules/mpu6050/inv_mpu.c **** /**
2416:Modules/mpu6050/inv_mpu.c ****  *  @brief      Get DMP state.
2417:Modules/mpu6050/inv_mpu.c ****  *  @param[out] enabled 1 if enabled.
2418:Modules/mpu6050/inv_mpu.c ****  *  @return     0 if successful.
2419:Modules/mpu6050/inv_mpu.c ****  */
2420:Modules/mpu6050/inv_mpu.c **** int mpu_get_dmp_state(unsigned char *enabled)
2421:Modules/mpu6050/inv_mpu.c **** {
 7047              		.loc 1 2421 1 is_stmt 1 view -0
 7048              		.cfi_startproc
 7049              		@ args = 0, pretend = 0, frame = 0
 7050              		@ frame_needed = 0, uses_anonymous_args = 0
 7051              		@ link register save eliminated.
2422:Modules/mpu6050/inv_mpu.c ****     enabled[0] = st.chip_cfg.dmp_on;
 7052              		.loc 1 2422 5 view .LVU2095
 7053              		.loc 1 2422 29 is_stmt 0 view .LVU2096
 7054 0000 024B     		ldr	r3, .L575
 7055 0002 93F82430 		ldrb	r3, [r3, #36]	@ zero_extendqisi2
 7056              		.loc 1 2422 16 view .LVU2097
 7057 0006 0370     		strb	r3, [r0]
2423:Modules/mpu6050/inv_mpu.c ****     return 0;
 7058              		.loc 1 2423 5 is_stmt 1 view .LVU2098
2424:Modules/mpu6050/inv_mpu.c **** }
 7059              		.loc 1 2424 1 is_stmt 0 view .LVU2099
 7060 0008 0020     		movs	r0, #0
 7061              	.LVL513:
 7062              		.loc 1 2424 1 view .LVU2100
 7063 000a 7047     		bx	lr
 7064              	.L576:
 7065              		.align	2
 7066              	.L575:
 7067 000c 00000000 		.word	st
 7068              		.cfi_endproc
 7069              	.LFE109:
ARM GAS  C:\Users\FASCIN~1\AppData\Local\Temp\ccNBUjvk.s 			page 196


 7071              		.section	.text.setup_compass,"ax",%progbits
 7072              		.align	1
 7073              		.global	setup_compass
 7074              		.syntax unified
 7075              		.thumb
 7076              		.thumb_func
 7078              	setup_compass:
 7079              	.LFB110:
2425:Modules/mpu6050/inv_mpu.c **** 
2426:Modules/mpu6050/inv_mpu.c **** 
2427:Modules/mpu6050/inv_mpu.c **** /* This initialization is similar to the one in ak8975.c. */
2428:Modules/mpu6050/inv_mpu.c **** int setup_compass(void)
2429:Modules/mpu6050/inv_mpu.c **** {
 7080              		.loc 1 2429 1 is_stmt 1 view -0
 7081              		.cfi_startproc
 7082              		@ args = 0, pretend = 0, frame = 0
 7083              		@ frame_needed = 0, uses_anonymous_args = 0
 7084              		@ link register save eliminated.
2430:Modules/mpu6050/inv_mpu.c **** #ifdef AK89xx_SECONDARY
2431:Modules/mpu6050/inv_mpu.c ****     unsigned char data[4], akm_addr;
2432:Modules/mpu6050/inv_mpu.c **** 
2433:Modules/mpu6050/inv_mpu.c ****     mpu_set_bypass(1);
2434:Modules/mpu6050/inv_mpu.c **** 
2435:Modules/mpu6050/inv_mpu.c ****     /* Find compass. Possible addresses range from 0x0C to 0x0F. */
2436:Modules/mpu6050/inv_mpu.c ****     for (akm_addr = 0x0C; akm_addr <= 0x0F; akm_addr++) {
2437:Modules/mpu6050/inv_mpu.c ****         int result;
2438:Modules/mpu6050/inv_mpu.c ****         result = i2c_read(akm_addr, AKM_REG_WHOAMI, 1, data);
2439:Modules/mpu6050/inv_mpu.c ****         if (!result && (data[0] == AKM_WHOAMI))
2440:Modules/mpu6050/inv_mpu.c ****             break;
2441:Modules/mpu6050/inv_mpu.c ****     }
2442:Modules/mpu6050/inv_mpu.c **** 
2443:Modules/mpu6050/inv_mpu.c ****     if (akm_addr > 0x0F) {
2444:Modules/mpu6050/inv_mpu.c ****         /* TODO: Handle this case in all compass-related functions. */
2445:Modules/mpu6050/inv_mpu.c ****         log_e("Compass not found.\n");
2446:Modules/mpu6050/inv_mpu.c ****         return -1;
2447:Modules/mpu6050/inv_mpu.c ****     }
2448:Modules/mpu6050/inv_mpu.c **** 
2449:Modules/mpu6050/inv_mpu.c ****     st.chip_cfg.compass_addr = akm_addr;
2450:Modules/mpu6050/inv_mpu.c **** 
2451:Modules/mpu6050/inv_mpu.c ****     data[0] = AKM_POWER_DOWN;
2452:Modules/mpu6050/inv_mpu.c ****     if (i2c_write(st.chip_cfg.compass_addr, AKM_REG_CNTL, 1, data))
2453:Modules/mpu6050/inv_mpu.c ****         return -1;
2454:Modules/mpu6050/inv_mpu.c ****     delay_ms(1);
2455:Modules/mpu6050/inv_mpu.c **** 
2456:Modules/mpu6050/inv_mpu.c ****     data[0] = AKM_FUSE_ROM_ACCESS;
2457:Modules/mpu6050/inv_mpu.c ****     if (i2c_write(st.chip_cfg.compass_addr, AKM_REG_CNTL, 1, data))
2458:Modules/mpu6050/inv_mpu.c ****         return -1;
2459:Modules/mpu6050/inv_mpu.c ****     delay_ms(1);
2460:Modules/mpu6050/inv_mpu.c **** 
2461:Modules/mpu6050/inv_mpu.c ****     /* Get sensitivity adjustment data from fuse ROM. */
2462:Modules/mpu6050/inv_mpu.c ****     if (i2c_read(st.chip_cfg.compass_addr, AKM_REG_ASAX, 3, data))
2463:Modules/mpu6050/inv_mpu.c ****         return -1;
2464:Modules/mpu6050/inv_mpu.c ****     st.chip_cfg.mag_sens_adj[0] = (long)data[0] + 128;
2465:Modules/mpu6050/inv_mpu.c ****     st.chip_cfg.mag_sens_adj[1] = (long)data[1] + 128;
2466:Modules/mpu6050/inv_mpu.c ****     st.chip_cfg.mag_sens_adj[2] = (long)data[2] + 128;
2467:Modules/mpu6050/inv_mpu.c **** 
2468:Modules/mpu6050/inv_mpu.c ****     data[0] = AKM_POWER_DOWN;
ARM GAS  C:\Users\FASCIN~1\AppData\Local\Temp\ccNBUjvk.s 			page 197


2469:Modules/mpu6050/inv_mpu.c ****     if (i2c_write(st.chip_cfg.compass_addr, AKM_REG_CNTL, 1, data))
2470:Modules/mpu6050/inv_mpu.c ****         return -1;
2471:Modules/mpu6050/inv_mpu.c ****     delay_ms(1);
2472:Modules/mpu6050/inv_mpu.c **** 
2473:Modules/mpu6050/inv_mpu.c ****     mpu_set_bypass(0);
2474:Modules/mpu6050/inv_mpu.c **** 
2475:Modules/mpu6050/inv_mpu.c ****     /* Set up master mode, master clock, and ES bit. */
2476:Modules/mpu6050/inv_mpu.c ****     data[0] = 0x40;
2477:Modules/mpu6050/inv_mpu.c ****     if (i2c_write(st.hw->addr, st.reg->i2c_mst, 1, data))
2478:Modules/mpu6050/inv_mpu.c ****         return -1;
2479:Modules/mpu6050/inv_mpu.c **** 
2480:Modules/mpu6050/inv_mpu.c ****     /* Slave 0 reads from AKM data registers. */
2481:Modules/mpu6050/inv_mpu.c ****     data[0] = BIT_I2C_READ | st.chip_cfg.compass_addr;
2482:Modules/mpu6050/inv_mpu.c ****     if (i2c_write(st.hw->addr, st.reg->s0_addr, 1, data))
2483:Modules/mpu6050/inv_mpu.c ****         return -1;
2484:Modules/mpu6050/inv_mpu.c **** 
2485:Modules/mpu6050/inv_mpu.c ****     /* Compass reads start at this register. */
2486:Modules/mpu6050/inv_mpu.c ****     data[0] = AKM_REG_ST1;
2487:Modules/mpu6050/inv_mpu.c ****     if (i2c_write(st.hw->addr, st.reg->s0_reg, 1, data))
2488:Modules/mpu6050/inv_mpu.c ****         return -1;
2489:Modules/mpu6050/inv_mpu.c **** 
2490:Modules/mpu6050/inv_mpu.c ****     /* Enable slave 0, 8-byte reads. */
2491:Modules/mpu6050/inv_mpu.c ****     data[0] = BIT_SLAVE_EN | 8;
2492:Modules/mpu6050/inv_mpu.c ****     if (i2c_write(st.hw->addr, st.reg->s0_ctrl, 1, data))
2493:Modules/mpu6050/inv_mpu.c ****         return -1;
2494:Modules/mpu6050/inv_mpu.c **** 
2495:Modules/mpu6050/inv_mpu.c ****     /* Slave 1 changes AKM measurement mode. */
2496:Modules/mpu6050/inv_mpu.c ****     data[0] = st.chip_cfg.compass_addr;
2497:Modules/mpu6050/inv_mpu.c ****     if (i2c_write(st.hw->addr, st.reg->s1_addr, 1, data))
2498:Modules/mpu6050/inv_mpu.c ****         return -1;
2499:Modules/mpu6050/inv_mpu.c **** 
2500:Modules/mpu6050/inv_mpu.c ****     /* AKM measurement mode register. */
2501:Modules/mpu6050/inv_mpu.c ****     data[0] = AKM_REG_CNTL;
2502:Modules/mpu6050/inv_mpu.c ****     if (i2c_write(st.hw->addr, st.reg->s1_reg, 1, data))
2503:Modules/mpu6050/inv_mpu.c ****         return -1;
2504:Modules/mpu6050/inv_mpu.c **** 
2505:Modules/mpu6050/inv_mpu.c ****     /* Enable slave 1, 1-byte writes. */
2506:Modules/mpu6050/inv_mpu.c ****     data[0] = BIT_SLAVE_EN | 1;
2507:Modules/mpu6050/inv_mpu.c ****     if (i2c_write(st.hw->addr, st.reg->s1_ctrl, 1, data))
2508:Modules/mpu6050/inv_mpu.c ****         return -1;
2509:Modules/mpu6050/inv_mpu.c **** 
2510:Modules/mpu6050/inv_mpu.c ****     /* Set slave 1 data. */
2511:Modules/mpu6050/inv_mpu.c ****     data[0] = AKM_SINGLE_MEASUREMENT;
2512:Modules/mpu6050/inv_mpu.c ****     if (i2c_write(st.hw->addr, st.reg->s1_do, 1, data))
2513:Modules/mpu6050/inv_mpu.c ****         return -1;
2514:Modules/mpu6050/inv_mpu.c **** 
2515:Modules/mpu6050/inv_mpu.c ****     /* Trigger slave 0 and slave 1 actions at each sample. */
2516:Modules/mpu6050/inv_mpu.c ****     data[0] = 0x03;
2517:Modules/mpu6050/inv_mpu.c ****     if (i2c_write(st.hw->addr, st.reg->i2c_delay_ctrl, 1, data))
2518:Modules/mpu6050/inv_mpu.c ****         return -1;
2519:Modules/mpu6050/inv_mpu.c **** 
2520:Modules/mpu6050/inv_mpu.c **** #ifdef MPU9150
2521:Modules/mpu6050/inv_mpu.c ****     /* For the MPU9150, the auxiliary I2C bus needs to be set to VDD. */
2522:Modules/mpu6050/inv_mpu.c ****     data[0] = BIT_I2C_MST_VDDIO;
2523:Modules/mpu6050/inv_mpu.c ****     if (i2c_write(st.hw->addr, st.reg->yg_offs_tc, 1, data))
2524:Modules/mpu6050/inv_mpu.c ****         return -1;
2525:Modules/mpu6050/inv_mpu.c **** #endif
ARM GAS  C:\Users\FASCIN~1\AppData\Local\Temp\ccNBUjvk.s 			page 198


2526:Modules/mpu6050/inv_mpu.c **** 
2527:Modules/mpu6050/inv_mpu.c ****     return 0;
2528:Modules/mpu6050/inv_mpu.c **** #else
2529:Modules/mpu6050/inv_mpu.c ****     return -1;
 7085              		.loc 1 2529 5 view .LVU2102
2530:Modules/mpu6050/inv_mpu.c **** #endif
2531:Modules/mpu6050/inv_mpu.c **** }
 7086              		.loc 1 2531 1 is_stmt 0 view .LVU2103
 7087 0000 4FF0FF30 		mov	r0, #-1
 7088 0004 7047     		bx	lr
 7089              		.cfi_endproc
 7090              	.LFE110:
 7092              		.section	.text.mpu_get_compass_reg,"ax",%progbits
 7093              		.align	1
 7094              		.global	mpu_get_compass_reg
 7095              		.syntax unified
 7096              		.thumb
 7097              		.thumb_func
 7099              	mpu_get_compass_reg:
 7100              	.LVL514:
 7101              	.LFB111:
2532:Modules/mpu6050/inv_mpu.c **** 
2533:Modules/mpu6050/inv_mpu.c **** /**
2534:Modules/mpu6050/inv_mpu.c ****  *  @brief      Read raw compass data.
2535:Modules/mpu6050/inv_mpu.c ****  *  @param[out] data        Raw data in hardware units.
2536:Modules/mpu6050/inv_mpu.c ****  *  @param[out] timestamp   Timestamp in milliseconds. Null if not needed.
2537:Modules/mpu6050/inv_mpu.c ****  *  @return     0 if successful.
2538:Modules/mpu6050/inv_mpu.c ****  */
2539:Modules/mpu6050/inv_mpu.c **** int mpu_get_compass_reg(short *data, unsigned long *timestamp)
2540:Modules/mpu6050/inv_mpu.c **** {
 7102              		.loc 1 2540 1 is_stmt 1 view -0
 7103              		.cfi_startproc
 7104              		@ args = 0, pretend = 0, frame = 0
 7105              		@ frame_needed = 0, uses_anonymous_args = 0
 7106              		@ link register save eliminated.
2541:Modules/mpu6050/inv_mpu.c **** #ifdef AK89xx_SECONDARY
2542:Modules/mpu6050/inv_mpu.c ****     unsigned char tmp[9];
2543:Modules/mpu6050/inv_mpu.c **** 
2544:Modules/mpu6050/inv_mpu.c ****     if (!(st.chip_cfg.sensors & INV_XYZ_COMPASS))
2545:Modules/mpu6050/inv_mpu.c ****         return -1;
2546:Modules/mpu6050/inv_mpu.c **** 
2547:Modules/mpu6050/inv_mpu.c **** #ifdef AK89xx_BYPASS
2548:Modules/mpu6050/inv_mpu.c ****     if (i2c_read(st.chip_cfg.compass_addr, AKM_REG_ST1, 8, tmp))
2549:Modules/mpu6050/inv_mpu.c ****         return -1;
2550:Modules/mpu6050/inv_mpu.c ****     tmp[8] = AKM_SINGLE_MEASUREMENT;
2551:Modules/mpu6050/inv_mpu.c ****     if (i2c_write(st.chip_cfg.compass_addr, AKM_REG_CNTL, 1, tmp+8))
2552:Modules/mpu6050/inv_mpu.c ****         return -1;
2553:Modules/mpu6050/inv_mpu.c **** #else
2554:Modules/mpu6050/inv_mpu.c ****     if (i2c_read(st.hw->addr, st.reg->raw_compass, 8, tmp))
2555:Modules/mpu6050/inv_mpu.c ****         return -1;
2556:Modules/mpu6050/inv_mpu.c **** #endif
2557:Modules/mpu6050/inv_mpu.c **** 
2558:Modules/mpu6050/inv_mpu.c **** #if defined AK8975_SECONDARY
2559:Modules/mpu6050/inv_mpu.c ****     /* AK8975 doesn't have the overrun error bit. */
2560:Modules/mpu6050/inv_mpu.c ****     if (!(tmp[0] & AKM_DATA_READY))
2561:Modules/mpu6050/inv_mpu.c ****         return -2;
2562:Modules/mpu6050/inv_mpu.c ****     if ((tmp[7] & AKM_OVERFLOW) || (tmp[7] & AKM_DATA_ERROR))
ARM GAS  C:\Users\FASCIN~1\AppData\Local\Temp\ccNBUjvk.s 			page 199


2563:Modules/mpu6050/inv_mpu.c ****         return -3;
2564:Modules/mpu6050/inv_mpu.c **** #elif defined AK8963_SECONDARY
2565:Modules/mpu6050/inv_mpu.c ****     /* AK8963 doesn't have the data read error bit. */
2566:Modules/mpu6050/inv_mpu.c ****     if (!(tmp[0] & AKM_DATA_READY) || (tmp[0] & AKM_DATA_OVERRUN))
2567:Modules/mpu6050/inv_mpu.c ****         return -2;
2568:Modules/mpu6050/inv_mpu.c ****     if (tmp[7] & AKM_OVERFLOW)
2569:Modules/mpu6050/inv_mpu.c ****         return -3;
2570:Modules/mpu6050/inv_mpu.c **** #endif
2571:Modules/mpu6050/inv_mpu.c ****     data[0] = (tmp[2] << 8) | tmp[1];
2572:Modules/mpu6050/inv_mpu.c ****     data[1] = (tmp[4] << 8) | tmp[3];
2573:Modules/mpu6050/inv_mpu.c ****     data[2] = (tmp[6] << 8) | tmp[5];
2574:Modules/mpu6050/inv_mpu.c **** 
2575:Modules/mpu6050/inv_mpu.c ****     data[0] = ((long)data[0] * st.chip_cfg.mag_sens_adj[0]) >> 8;
2576:Modules/mpu6050/inv_mpu.c ****     data[1] = ((long)data[1] * st.chip_cfg.mag_sens_adj[1]) >> 8;
2577:Modules/mpu6050/inv_mpu.c ****     data[2] = ((long)data[2] * st.chip_cfg.mag_sens_adj[2]) >> 8;
2578:Modules/mpu6050/inv_mpu.c **** 
2579:Modules/mpu6050/inv_mpu.c ****     if (timestamp)
2580:Modules/mpu6050/inv_mpu.c ****         get_ms(timestamp);
2581:Modules/mpu6050/inv_mpu.c ****     return 0;
2582:Modules/mpu6050/inv_mpu.c **** #else
2583:Modules/mpu6050/inv_mpu.c ****     return -1;
 7107              		.loc 1 2583 5 view .LVU2105
2584:Modules/mpu6050/inv_mpu.c **** #endif
2585:Modules/mpu6050/inv_mpu.c **** }
 7108              		.loc 1 2585 1 is_stmt 0 view .LVU2106
 7109 0000 4FF0FF30 		mov	r0, #-1
 7110              	.LVL515:
 7111              		.loc 1 2585 1 view .LVU2107
 7112 0004 7047     		bx	lr
 7113              		.cfi_endproc
 7114              	.LFE111:
 7116              		.section	.text.mpu_get_compass_fsr,"ax",%progbits
 7117              		.align	1
 7118              		.global	mpu_get_compass_fsr
 7119              		.syntax unified
 7120              		.thumb
 7121              		.thumb_func
 7123              	mpu_get_compass_fsr:
 7124              	.LVL516:
 7125              	.LFB112:
2586:Modules/mpu6050/inv_mpu.c **** 
2587:Modules/mpu6050/inv_mpu.c **** /**
2588:Modules/mpu6050/inv_mpu.c ****  *  @brief      Get the compass full-scale range.
2589:Modules/mpu6050/inv_mpu.c ****  *  @param[out] fsr Current full-scale range.
2590:Modules/mpu6050/inv_mpu.c ****  *  @return     0 if successful.
2591:Modules/mpu6050/inv_mpu.c ****  */
2592:Modules/mpu6050/inv_mpu.c **** int mpu_get_compass_fsr(unsigned short *fsr)
2593:Modules/mpu6050/inv_mpu.c **** {
 7126              		.loc 1 2593 1 is_stmt 1 view -0
 7127              		.cfi_startproc
 7128              		@ args = 0, pretend = 0, frame = 0
 7129              		@ frame_needed = 0, uses_anonymous_args = 0
 7130              		@ link register save eliminated.
2594:Modules/mpu6050/inv_mpu.c **** #ifdef AK89xx_SECONDARY
2595:Modules/mpu6050/inv_mpu.c ****     fsr[0] = st.hw->compass_fsr;
2596:Modules/mpu6050/inv_mpu.c ****     return 0;
2597:Modules/mpu6050/inv_mpu.c **** #else
ARM GAS  C:\Users\FASCIN~1\AppData\Local\Temp\ccNBUjvk.s 			page 200


2598:Modules/mpu6050/inv_mpu.c ****     return -1;
 7131              		.loc 1 2598 5 view .LVU2109
2599:Modules/mpu6050/inv_mpu.c **** #endif
2600:Modules/mpu6050/inv_mpu.c **** }
 7132              		.loc 1 2600 1 is_stmt 0 view .LVU2110
 7133 0000 4FF0FF30 		mov	r0, #-1
 7134              	.LVL517:
 7135              		.loc 1 2600 1 view .LVU2111
 7136 0004 7047     		bx	lr
 7137              		.cfi_endproc
 7138              	.LFE112:
 7140              		.section	.text.mpu_lp_motion_interrupt,"ax",%progbits
 7141              		.align	1
 7142              		.global	mpu_lp_motion_interrupt
 7143              		.syntax unified
 7144              		.thumb
 7145              		.thumb_func
 7147              	mpu_lp_motion_interrupt:
 7148              	.LVL518:
 7149              	.LFB113:
2601:Modules/mpu6050/inv_mpu.c **** 
2602:Modules/mpu6050/inv_mpu.c **** /**
2603:Modules/mpu6050/inv_mpu.c ****  *  @brief      Enters LP accel motion interrupt mode.
2604:Modules/mpu6050/inv_mpu.c ****  *  The behavior of this feature is very different between the MPU6050 and the
2605:Modules/mpu6050/inv_mpu.c ****  *  MPU6500. Each chip's version of this feature is explained below.
2606:Modules/mpu6050/inv_mpu.c ****  *
2607:Modules/mpu6050/inv_mpu.c ****  *  \n MPU6050:
2608:Modules/mpu6050/inv_mpu.c ****  *  \n When this mode is first enabled, the hardware captures a single accel
2609:Modules/mpu6050/inv_mpu.c ****  *  sample, and subsequent samples are compared with this one to determine if
2610:Modules/mpu6050/inv_mpu.c ****  *  the device is in motion. Therefore, whenever this "locked" sample needs to
2611:Modules/mpu6050/inv_mpu.c ****  *  be changed, this function must be called again.
2612:Modules/mpu6050/inv_mpu.c ****  *
2613:Modules/mpu6050/inv_mpu.c ****  *  \n The hardware motion threshold can be between 32mg and 8160mg in 32mg
2614:Modules/mpu6050/inv_mpu.c ****  *  increments.
2615:Modules/mpu6050/inv_mpu.c ****  *
2616:Modules/mpu6050/inv_mpu.c ****  *  \n Low-power accel mode supports the following frequencies:
2617:Modules/mpu6050/inv_mpu.c ****  *  \n 1.25Hz, 5Hz, 20Hz, 40Hz
2618:Modules/mpu6050/inv_mpu.c ****  *
2619:Modules/mpu6050/inv_mpu.c ****  *  \n MPU6500:
2620:Modules/mpu6050/inv_mpu.c ****  *  \n Unlike the MPU6050 version, the hardware does not "lock in" a reference
2621:Modules/mpu6050/inv_mpu.c ****  *  sample. The hardware monitors the accel data and detects any large change
2622:Modules/mpu6050/inv_mpu.c ****  *  over a short period of time.
2623:Modules/mpu6050/inv_mpu.c ****  *
2624:Modules/mpu6050/inv_mpu.c ****  *  \n The hardware motion threshold can be between 4mg and 1020mg in 4mg
2625:Modules/mpu6050/inv_mpu.c ****  *  increments.
2626:Modules/mpu6050/inv_mpu.c ****  *
2627:Modules/mpu6050/inv_mpu.c ****  *  \n MPU6500 Low-power accel mode supports the following frequencies:
2628:Modules/mpu6050/inv_mpu.c ****  *  \n 1.25Hz, 2.5Hz, 5Hz, 10Hz, 20Hz, 40Hz, 80Hz, 160Hz, 320Hz, 640Hz
2629:Modules/mpu6050/inv_mpu.c ****  *
2630:Modules/mpu6050/inv_mpu.c ****  *  \n\n NOTES:
2631:Modules/mpu6050/inv_mpu.c ****  *  \n The driver will round down @e thresh to the nearest supported value if
2632:Modules/mpu6050/inv_mpu.c ****  *  an unsupported threshold is selected.
2633:Modules/mpu6050/inv_mpu.c ****  *  \n To select a fractional wake-up frequency, round down the value passed to
2634:Modules/mpu6050/inv_mpu.c ****  *  @e lpa_freq.
2635:Modules/mpu6050/inv_mpu.c ****  *  \n The MPU6500 does not support a delay parameter. If this function is used
2636:Modules/mpu6050/inv_mpu.c ****  *  for the MPU6500, the value passed to @e time will be ignored.
2637:Modules/mpu6050/inv_mpu.c ****  *  \n To disable this mode, set @e lpa_freq to zero. The driver will restore
ARM GAS  C:\Users\FASCIN~1\AppData\Local\Temp\ccNBUjvk.s 			page 201


2638:Modules/mpu6050/inv_mpu.c ****  *  the previous configuration.
2639:Modules/mpu6050/inv_mpu.c ****  *
2640:Modules/mpu6050/inv_mpu.c ****  *  @param[in]  thresh      Motion threshold in mg.
2641:Modules/mpu6050/inv_mpu.c ****  *  @param[in]  time        Duration in milliseconds that the accel data must
2642:Modules/mpu6050/inv_mpu.c ****  *                          exceed @e thresh before motion is reported.
2643:Modules/mpu6050/inv_mpu.c ****  *  @param[in]  lpa_freq    Minimum sampling rate, or zero to disable.
2644:Modules/mpu6050/inv_mpu.c ****  *  @return     0 if successful.
2645:Modules/mpu6050/inv_mpu.c ****  */
2646:Modules/mpu6050/inv_mpu.c **** int mpu_lp_motion_interrupt(unsigned short thresh, unsigned char time,
2647:Modules/mpu6050/inv_mpu.c ****                             unsigned char lpa_freq)
2648:Modules/mpu6050/inv_mpu.c **** {
 7150              		.loc 1 2648 1 is_stmt 1 view -0
 7151              		.cfi_startproc
 7152              		@ args = 0, pretend = 0, frame = 8
 7153              		@ frame_needed = 0, uses_anonymous_args = 0
 7154              		.loc 1 2648 1 is_stmt 0 view .LVU2113
 7155 0000 F0B5     		push	{r4, r5, r6, r7, lr}
 7156              	.LCFI140:
 7157              		.cfi_def_cfa_offset 20
 7158              		.cfi_offset 4, -20
 7159              		.cfi_offset 5, -16
 7160              		.cfi_offset 6, -12
 7161              		.cfi_offset 7, -8
 7162              		.cfi_offset 14, -4
 7163 0002 83B0     		sub	sp, sp, #12
 7164              	.LCFI141:
 7165              		.cfi_def_cfa_offset 32
2649:Modules/mpu6050/inv_mpu.c ****     unsigned char data[3];
 7166              		.loc 1 2649 5 is_stmt 1 view .LVU2114
2650:Modules/mpu6050/inv_mpu.c **** 
2651:Modules/mpu6050/inv_mpu.c ****     if (lpa_freq) {
 7167              		.loc 1 2651 5 view .LVU2115
 7168              		.loc 1 2651 8 is_stmt 0 view .LVU2116
 7169 0004 002A     		cmp	r2, #0
 7170 0006 00F0D480 		beq	.L595
 7171 000a 0D46     		mov	r5, r1
 7172 000c 1746     		mov	r7, r2
 7173              	.LBB4:
2652:Modules/mpu6050/inv_mpu.c ****         unsigned char thresh_hw;
 7174              		.loc 1 2652 9 is_stmt 1 view .LVU2117
2653:Modules/mpu6050/inv_mpu.c **** 
2654:Modules/mpu6050/inv_mpu.c **** #if defined MPU6050
2655:Modules/mpu6050/inv_mpu.c ****         /* TODO: Make these const/#defines. */
2656:Modules/mpu6050/inv_mpu.c ****         /* 1LSb = 32mg. */
2657:Modules/mpu6050/inv_mpu.c ****         if (thresh > 8160)
 7175              		.loc 1 2657 9 view .LVU2118
 7176              		.loc 1 2657 12 is_stmt 0 view .LVU2119
 7177 000e B0F5FF5F 		cmp	r0, #8160
 7178 0012 04D8     		bhi	.L596
2658:Modules/mpu6050/inv_mpu.c ****             thresh_hw = 255;
2659:Modules/mpu6050/inv_mpu.c ****         else if (thresh < 32)
 7179              		.loc 1 2659 14 is_stmt 1 view .LVU2120
 7180              		.loc 1 2659 17 is_stmt 0 view .LVU2121
 7181 0014 1F28     		cmp	r0, #31
 7182 0016 71D9     		bls	.L597
2660:Modules/mpu6050/inv_mpu.c ****             thresh_hw = 1;
2661:Modules/mpu6050/inv_mpu.c ****         else
ARM GAS  C:\Users\FASCIN~1\AppData\Local\Temp\ccNBUjvk.s 			page 202


2662:Modules/mpu6050/inv_mpu.c ****             thresh_hw = thresh >> 5;
 7183              		.loc 1 2662 13 is_stmt 1 view .LVU2122
 7184              		.loc 1 2662 23 is_stmt 0 view .LVU2123
 7185 0018 C0F34714 		ubfx	r4, r0, #5, #8
 7186              	.LVL519:
 7187              		.loc 1 2662 23 view .LVU2124
 7188 001c 00E0     		b	.L582
 7189              	.LVL520:
 7190              	.L596:
2658:Modules/mpu6050/inv_mpu.c ****             thresh_hw = 255;
 7191              		.loc 1 2658 23 view .LVU2125
 7192 001e FF24     		movs	r4, #255
 7193              	.L582:
 7194              	.LVL521:
2663:Modules/mpu6050/inv_mpu.c **** #elif defined MPU6500
2664:Modules/mpu6050/inv_mpu.c ****         /* 1LSb = 4mg. */
2665:Modules/mpu6050/inv_mpu.c ****         if (thresh > 1020)
2666:Modules/mpu6050/inv_mpu.c ****             thresh_hw = 255;
2667:Modules/mpu6050/inv_mpu.c ****         else if (thresh < 4)
2668:Modules/mpu6050/inv_mpu.c ****             thresh_hw = 1;
2669:Modules/mpu6050/inv_mpu.c ****         else
2670:Modules/mpu6050/inv_mpu.c ****             thresh_hw = thresh >> 2;
2671:Modules/mpu6050/inv_mpu.c **** #endif
2672:Modules/mpu6050/inv_mpu.c **** 
2673:Modules/mpu6050/inv_mpu.c ****         if (!time)
 7195              		.loc 1 2673 9 is_stmt 1 view .LVU2126
 7196              		.loc 1 2673 12 is_stmt 0 view .LVU2127
 7197 0020 05B9     		cbnz	r5, .L583
2674:Modules/mpu6050/inv_mpu.c ****             /* Minimum duration must be 1ms. */
2675:Modules/mpu6050/inv_mpu.c ****             time = 1;
 7198              		.loc 1 2675 18 view .LVU2128
 7199 0022 0125     		movs	r5, #1
 7200              	.L583:
 7201              	.LVL522:
2676:Modules/mpu6050/inv_mpu.c **** 
2677:Modules/mpu6050/inv_mpu.c **** #if defined MPU6050
2678:Modules/mpu6050/inv_mpu.c ****         if (lpa_freq > 40)
 7202              		.loc 1 2678 9 is_stmt 1 view .LVU2129
 7203              		.loc 1 2678 12 is_stmt 0 view .LVU2130
 7204 0024 282F     		cmp	r7, #40
 7205 0026 00F2D580 		bhi	.L599
2679:Modules/mpu6050/inv_mpu.c **** #elif defined MPU6500
2680:Modules/mpu6050/inv_mpu.c ****         if (lpa_freq > 640)
2681:Modules/mpu6050/inv_mpu.c **** #endif
2682:Modules/mpu6050/inv_mpu.c ****             /* At this point, the chip has not been re-configured, so the
2683:Modules/mpu6050/inv_mpu.c ****              * function can safely exit.
2684:Modules/mpu6050/inv_mpu.c ****              */
2685:Modules/mpu6050/inv_mpu.c ****             return -1;
2686:Modules/mpu6050/inv_mpu.c **** 
2687:Modules/mpu6050/inv_mpu.c ****         if (!st.chip_cfg.int_motion_only) {
 7206              		.loc 1 2687 9 is_stmt 1 view .LVU2131
 7207              		.loc 1 2687 25 is_stmt 0 view .LVU2132
 7208 002a 6D4B     		ldr	r3, .L607
 7209 002c 5B7D     		ldrb	r3, [r3, #21]	@ zero_extendqisi2
 7210              		.loc 1 2687 12 view .LVU2133
 7211 002e E3B9     		cbnz	r3, .L585
2688:Modules/mpu6050/inv_mpu.c ****             /* Store current settings for later. */
ARM GAS  C:\Users\FASCIN~1\AppData\Local\Temp\ccNBUjvk.s 			page 203


2689:Modules/mpu6050/inv_mpu.c ****             if (st.chip_cfg.dmp_on) {
 7212              		.loc 1 2689 13 is_stmt 1 view .LVU2134
 7213              		.loc 1 2689 28 is_stmt 0 view .LVU2135
 7214 0030 6B4B     		ldr	r3, .L607
 7215 0032 93F82430 		ldrb	r3, [r3, #36]	@ zero_extendqisi2
 7216              		.loc 1 2689 16 view .LVU2136
 7217 0036 002B     		cmp	r3, #0
 7218 0038 62D1     		bne	.L602
2690:Modules/mpu6050/inv_mpu.c ****                 mpu_set_dmp_state(0);
2691:Modules/mpu6050/inv_mpu.c ****                 st.chip_cfg.cache.dmp_on = 1;
2692:Modules/mpu6050/inv_mpu.c ****             } else
2693:Modules/mpu6050/inv_mpu.c ****                 st.chip_cfg.cache.dmp_on = 0;
 7219              		.loc 1 2693 17 is_stmt 1 view .LVU2137
 7220              		.loc 1 2693 42 is_stmt 0 view .LVU2138
 7221 003a 694B     		ldr	r3, .L607
 7222 003c 0022     		movs	r2, #0
 7223              	.LVL523:
 7224              		.loc 1 2693 42 view .LVU2139
 7225 003e 83F82020 		strb	r2, [r3, #32]
 7226              	.LVL524:
 7227              	.L587:
2694:Modules/mpu6050/inv_mpu.c ****             mpu_get_gyro_fsr(&st.chip_cfg.cache.gyro_fsr);
 7228              		.loc 1 2694 13 is_stmt 1 view .LVU2140
 7229 0042 684E     		ldr	r6, .L607+4
 7230 0044 3046     		mov	r0, r6
 7231 0046 FFF7FEFF 		bl	mpu_get_gyro_fsr
 7232              	.LVL525:
2695:Modules/mpu6050/inv_mpu.c ****             mpu_get_accel_fsr(&st.chip_cfg.cache.accel_fsr);
 7233              		.loc 1 2695 13 view .LVU2141
 7234 004a B01C     		adds	r0, r6, #2
 7235 004c FFF7FEFF 		bl	mpu_get_accel_fsr
 7236              	.LVL526:
2696:Modules/mpu6050/inv_mpu.c ****             mpu_get_lpf(&st.chip_cfg.cache.lpf);
 7237              		.loc 1 2696 13 view .LVU2142
 7238 0050 301D     		adds	r0, r6, #4
 7239 0052 FFF7FEFF 		bl	mpu_get_lpf
 7240              	.LVL527:
2697:Modules/mpu6050/inv_mpu.c ****             mpu_get_sample_rate(&st.chip_cfg.cache.sample_rate);
 7241              		.loc 1 2697 13 view .LVU2143
 7242 0056 B01D     		adds	r0, r6, #6
 7243 0058 FFF7FEFF 		bl	mpu_get_sample_rate
 7244              	.LVL528:
2698:Modules/mpu6050/inv_mpu.c ****             st.chip_cfg.cache.sensors_on = st.chip_cfg.sensors;
 7245              		.loc 1 2698 13 view .LVU2144
 7246              		.loc 1 2698 55 is_stmt 0 view .LVU2145
 7247 005c 16F80C3C 		ldrb	r3, [r6, #-12]	@ zero_extendqisi2
 7248              		.loc 1 2698 42 view .LVU2146
 7249 0060 3372     		strb	r3, [r6, #8]
2699:Modules/mpu6050/inv_mpu.c ****             mpu_get_fifo_config(&st.chip_cfg.cache.fifo_sensors);
 7250              		.loc 1 2699 13 is_stmt 1 view .LVU2147
 7251 0062 06F10900 		add	r0, r6, #9
 7252 0066 FFF7FEFF 		bl	mpu_get_fifo_config
 7253              	.LVL529:
 7254              	.L585:
2700:Modules/mpu6050/inv_mpu.c ****         }
2701:Modules/mpu6050/inv_mpu.c **** 
2702:Modules/mpu6050/inv_mpu.c **** #ifdef MPU6050
ARM GAS  C:\Users\FASCIN~1\AppData\Local\Temp\ccNBUjvk.s 			page 204


2703:Modules/mpu6050/inv_mpu.c ****         /* Disable hardware interrupts for now. */
2704:Modules/mpu6050/inv_mpu.c ****         set_int_enable(0);
 7255              		.loc 1 2704 9 view .LVU2148
 7256 006a 0020     		movs	r0, #0
 7257 006c FFF7FEFF 		bl	set_int_enable
 7258              	.LVL530:
2705:Modules/mpu6050/inv_mpu.c **** 
2706:Modules/mpu6050/inv_mpu.c ****         /* Enter full-power accel-only mode. */
2707:Modules/mpu6050/inv_mpu.c ****         mpu_lp_accel_mode(0);
 7259              		.loc 1 2707 9 view .LVU2149
 7260 0070 0020     		movs	r0, #0
 7261 0072 FFF7FEFF 		bl	mpu_lp_accel_mode
 7262              	.LVL531:
2708:Modules/mpu6050/inv_mpu.c **** 
2709:Modules/mpu6050/inv_mpu.c ****         /* Override current LPF (and HPF) settings to obtain a valid accel
2710:Modules/mpu6050/inv_mpu.c ****          * reading.
2711:Modules/mpu6050/inv_mpu.c ****          */
2712:Modules/mpu6050/inv_mpu.c ****         data[0] = INV_FILTER_256HZ_NOLPF2;
 7263              		.loc 1 2712 9 view .LVU2150
 7264              		.loc 1 2712 17 is_stmt 0 view .LVU2151
 7265 0076 0023     		movs	r3, #0
 7266 0078 8DF80430 		strb	r3, [sp, #4]
2713:Modules/mpu6050/inv_mpu.c ****         if (i2c_write(st.hw->addr, st.reg->lpf, 1, data))
 7267              		.loc 1 2713 9 is_stmt 1 view .LVU2152
 7268              		.loc 1 2713 25 is_stmt 0 view .LVU2153
 7269 007c 584B     		ldr	r3, .L607
 7270 007e 5868     		ldr	r0, [r3, #4]
 7271              		.loc 1 2713 38 view .LVU2154
 7272 0080 1968     		ldr	r1, [r3]
 7273              		.loc 1 2713 13 view .LVU2155
 7274 0082 01AB     		add	r3, sp, #4
 7275 0084 0122     		movs	r2, #1
 7276 0086 8978     		ldrb	r1, [r1, #2]	@ zero_extendqisi2
 7277 0088 0078     		ldrb	r0, [r0]	@ zero_extendqisi2
 7278 008a FFF7FEFF 		bl	MPU_Write_Len
 7279              	.LVL532:
 7280              		.loc 1 2713 12 discriminator 1 view .LVU2156
 7281 008e 0028     		cmp	r0, #0
 7282 0090 40F0A380 		bne	.L600
2714:Modules/mpu6050/inv_mpu.c ****             return -1;
2715:Modules/mpu6050/inv_mpu.c **** 
2716:Modules/mpu6050/inv_mpu.c ****         /* NOTE: Digital high pass filter should be configured here. Since this
2717:Modules/mpu6050/inv_mpu.c ****          * driver doesn't modify those bits anywhere, they should already be
2718:Modules/mpu6050/inv_mpu.c ****          * cleared by default.
2719:Modules/mpu6050/inv_mpu.c ****          */
2720:Modules/mpu6050/inv_mpu.c **** 
2721:Modules/mpu6050/inv_mpu.c ****         /* Configure the device to send motion interrupts. */
2722:Modules/mpu6050/inv_mpu.c ****         /* Enable motion interrupt. */
2723:Modules/mpu6050/inv_mpu.c ****         data[0] = BIT_MOT_INT_EN;
 7283              		.loc 1 2723 9 is_stmt 1 view .LVU2157
 7284              		.loc 1 2723 17 is_stmt 0 view .LVU2158
 7285 0094 4023     		movs	r3, #64
 7286 0096 8DF80430 		strb	r3, [sp, #4]
2724:Modules/mpu6050/inv_mpu.c ****         if (i2c_write(st.hw->addr, st.reg->int_enable, 1, data))
 7287              		.loc 1 2724 9 is_stmt 1 view .LVU2159
 7288              		.loc 1 2724 25 is_stmt 0 view .LVU2160
 7289 009a 514B     		ldr	r3, .L607
ARM GAS  C:\Users\FASCIN~1\AppData\Local\Temp\ccNBUjvk.s 			page 205


 7290 009c 5868     		ldr	r0, [r3, #4]
 7291              		.loc 1 2724 38 view .LVU2161
 7292 009e 1968     		ldr	r1, [r3]
 7293              		.loc 1 2724 13 view .LVU2162
 7294 00a0 01AB     		add	r3, sp, #4
 7295 00a2 0122     		movs	r2, #1
 7296 00a4 C97B     		ldrb	r1, [r1, #15]	@ zero_extendqisi2
 7297 00a6 0078     		ldrb	r0, [r0]	@ zero_extendqisi2
 7298 00a8 FFF7FEFF 		bl	MPU_Write_Len
 7299              	.LVL533:
 7300              		.loc 1 2724 12 discriminator 1 view .LVU2163
 7301 00ac 80B3     		cbz	r0, .L603
 7302              	.LVL534:
 7303              	.L588:
 7304              		.loc 1 2724 12 discriminator 1 view .LVU2164
 7305              	.LBE4:
2725:Modules/mpu6050/inv_mpu.c ****             goto lp_int_restore;
2726:Modules/mpu6050/inv_mpu.c **** 
2727:Modules/mpu6050/inv_mpu.c ****         /* Set motion interrupt parameters. */
2728:Modules/mpu6050/inv_mpu.c ****         data[0] = thresh_hw;
2729:Modules/mpu6050/inv_mpu.c ****         data[1] = time;
2730:Modules/mpu6050/inv_mpu.c ****         if (i2c_write(st.hw->addr, st.reg->motion_thr, 2, data))
2731:Modules/mpu6050/inv_mpu.c ****             goto lp_int_restore;
2732:Modules/mpu6050/inv_mpu.c **** 
2733:Modules/mpu6050/inv_mpu.c ****         /* Force hardware to "lock" current accel sample. */
2734:Modules/mpu6050/inv_mpu.c ****         delay_ms(5);
2735:Modules/mpu6050/inv_mpu.c ****         data[0] = (st.chip_cfg.accel_fsr << 3) | BITS_HPF;
2736:Modules/mpu6050/inv_mpu.c ****         if (i2c_write(st.hw->addr, st.reg->accel_cfg, 1, data))
2737:Modules/mpu6050/inv_mpu.c ****             goto lp_int_restore;
2738:Modules/mpu6050/inv_mpu.c **** 
2739:Modules/mpu6050/inv_mpu.c ****         /* Set up LP accel mode. */
2740:Modules/mpu6050/inv_mpu.c ****         data[0] = BIT_LPA_CYCLE;
2741:Modules/mpu6050/inv_mpu.c ****         if (lpa_freq == 1)
2742:Modules/mpu6050/inv_mpu.c ****             data[1] = INV_LPA_1_25HZ;
2743:Modules/mpu6050/inv_mpu.c ****         else if (lpa_freq <= 5)
2744:Modules/mpu6050/inv_mpu.c ****             data[1] = INV_LPA_5HZ;
2745:Modules/mpu6050/inv_mpu.c ****         else if (lpa_freq <= 20)
2746:Modules/mpu6050/inv_mpu.c ****             data[1] = INV_LPA_20HZ;
2747:Modules/mpu6050/inv_mpu.c ****         else
2748:Modules/mpu6050/inv_mpu.c ****             data[1] = INV_LPA_40HZ;
2749:Modules/mpu6050/inv_mpu.c ****         data[1] = (data[1] << 6) | BIT_STBY_XYZG;
2750:Modules/mpu6050/inv_mpu.c ****         if (i2c_write(st.hw->addr, st.reg->pwr_mgmt_1, 2, data))
2751:Modules/mpu6050/inv_mpu.c ****             goto lp_int_restore;
2752:Modules/mpu6050/inv_mpu.c **** 
2753:Modules/mpu6050/inv_mpu.c ****         st.chip_cfg.int_motion_only = 1;
2754:Modules/mpu6050/inv_mpu.c ****         return 0;
2755:Modules/mpu6050/inv_mpu.c **** #elif defined MPU6500
2756:Modules/mpu6050/inv_mpu.c ****         /* Disable hardware interrupts. */
2757:Modules/mpu6050/inv_mpu.c ****         set_int_enable(0);
2758:Modules/mpu6050/inv_mpu.c **** 
2759:Modules/mpu6050/inv_mpu.c ****         /* Enter full-power accel-only mode, no FIFO/DMP. */
2760:Modules/mpu6050/inv_mpu.c ****         data[0] = 0;
2761:Modules/mpu6050/inv_mpu.c ****         data[1] = 0;
2762:Modules/mpu6050/inv_mpu.c ****         data[2] = BIT_STBY_XYZG;
2763:Modules/mpu6050/inv_mpu.c ****         if (i2c_write(st.hw->addr, st.reg->user_ctrl, 3, data))
2764:Modules/mpu6050/inv_mpu.c ****             goto lp_int_restore;
2765:Modules/mpu6050/inv_mpu.c **** 
ARM GAS  C:\Users\FASCIN~1\AppData\Local\Temp\ccNBUjvk.s 			page 206


2766:Modules/mpu6050/inv_mpu.c ****         /* Set motion threshold. */
2767:Modules/mpu6050/inv_mpu.c ****         data[0] = thresh_hw;
2768:Modules/mpu6050/inv_mpu.c ****         if (i2c_write(st.hw->addr, st.reg->motion_thr, 1, data))
2769:Modules/mpu6050/inv_mpu.c ****             goto lp_int_restore;
2770:Modules/mpu6050/inv_mpu.c **** 
2771:Modules/mpu6050/inv_mpu.c ****         /* Set wake frequency. */
2772:Modules/mpu6050/inv_mpu.c ****         if (lpa_freq == 1)
2773:Modules/mpu6050/inv_mpu.c ****             data[0] = INV_LPA_1_25HZ;
2774:Modules/mpu6050/inv_mpu.c ****         else if (lpa_freq == 2)
2775:Modules/mpu6050/inv_mpu.c ****             data[0] = INV_LPA_2_5HZ;
2776:Modules/mpu6050/inv_mpu.c ****         else if (lpa_freq <= 5)
2777:Modules/mpu6050/inv_mpu.c ****             data[0] = INV_LPA_5HZ;
2778:Modules/mpu6050/inv_mpu.c ****         else if (lpa_freq <= 10)
2779:Modules/mpu6050/inv_mpu.c ****             data[0] = INV_LPA_10HZ;
2780:Modules/mpu6050/inv_mpu.c ****         else if (lpa_freq <= 20)
2781:Modules/mpu6050/inv_mpu.c ****             data[0] = INV_LPA_20HZ;
2782:Modules/mpu6050/inv_mpu.c ****         else if (lpa_freq <= 40)
2783:Modules/mpu6050/inv_mpu.c ****             data[0] = INV_LPA_40HZ;
2784:Modules/mpu6050/inv_mpu.c ****         else if (lpa_freq <= 80)
2785:Modules/mpu6050/inv_mpu.c ****             data[0] = INV_LPA_80HZ;
2786:Modules/mpu6050/inv_mpu.c ****         else if (lpa_freq <= 160)
2787:Modules/mpu6050/inv_mpu.c ****             data[0] = INV_LPA_160HZ;
2788:Modules/mpu6050/inv_mpu.c ****         else if (lpa_freq <= 320)
2789:Modules/mpu6050/inv_mpu.c ****             data[0] = INV_LPA_320HZ;
2790:Modules/mpu6050/inv_mpu.c ****         else
2791:Modules/mpu6050/inv_mpu.c ****             data[0] = INV_LPA_640HZ;
2792:Modules/mpu6050/inv_mpu.c ****         if (i2c_write(st.hw->addr, st.reg->lp_accel_odr, 1, data))
2793:Modules/mpu6050/inv_mpu.c ****             goto lp_int_restore;
2794:Modules/mpu6050/inv_mpu.c **** 
2795:Modules/mpu6050/inv_mpu.c ****         /* Enable motion interrupt (MPU6500 version). */
2796:Modules/mpu6050/inv_mpu.c ****         data[0] = BITS_WOM_EN;
2797:Modules/mpu6050/inv_mpu.c ****         if (i2c_write(st.hw->addr, st.reg->accel_intel, 1, data))
2798:Modules/mpu6050/inv_mpu.c ****             goto lp_int_restore;
2799:Modules/mpu6050/inv_mpu.c **** 
2800:Modules/mpu6050/inv_mpu.c ****         /* Enable cycle mode. */
2801:Modules/mpu6050/inv_mpu.c ****         data[0] = BIT_LPA_CYCLE;
2802:Modules/mpu6050/inv_mpu.c ****         if (i2c_write(st.hw->addr, st.reg->pwr_mgmt_1, 1, data))
2803:Modules/mpu6050/inv_mpu.c ****             goto lp_int_restore;
2804:Modules/mpu6050/inv_mpu.c **** 
2805:Modules/mpu6050/inv_mpu.c ****         /* Enable interrupt. */
2806:Modules/mpu6050/inv_mpu.c ****         data[0] = BIT_MOT_INT_EN;
2807:Modules/mpu6050/inv_mpu.c ****         if (i2c_write(st.hw->addr, st.reg->int_enable, 1, data))
2808:Modules/mpu6050/inv_mpu.c ****             goto lp_int_restore;
2809:Modules/mpu6050/inv_mpu.c **** 
2810:Modules/mpu6050/inv_mpu.c ****         st.chip_cfg.int_motion_only = 1;
2811:Modules/mpu6050/inv_mpu.c ****         return 0;
2812:Modules/mpu6050/inv_mpu.c **** #endif
2813:Modules/mpu6050/inv_mpu.c ****     } else {
2814:Modules/mpu6050/inv_mpu.c ****         /* Don't "restore" the previous state if no state has been saved. */
2815:Modules/mpu6050/inv_mpu.c ****         int ii;
2816:Modules/mpu6050/inv_mpu.c ****         char *cache_ptr = (char*)&st.chip_cfg.cache;
2817:Modules/mpu6050/inv_mpu.c ****         for (ii = 0; ii < sizeof(st.chip_cfg.cache); ii++) {
2818:Modules/mpu6050/inv_mpu.c ****             if (cache_ptr[ii] != 0)
2819:Modules/mpu6050/inv_mpu.c ****                 goto lp_int_restore;
2820:Modules/mpu6050/inv_mpu.c ****         }
2821:Modules/mpu6050/inv_mpu.c ****         /* If we reach this point, motion interrupt mode hasn't been used yet. */
2822:Modules/mpu6050/inv_mpu.c ****         return -1;
ARM GAS  C:\Users\FASCIN~1\AppData\Local\Temp\ccNBUjvk.s 			page 207


2823:Modules/mpu6050/inv_mpu.c ****     }
2824:Modules/mpu6050/inv_mpu.c **** lp_int_restore:
2825:Modules/mpu6050/inv_mpu.c ****     /* Set to invalid values to ensure no I2C writes are skipped. */
2826:Modules/mpu6050/inv_mpu.c ****     st.chip_cfg.gyro_fsr = 0xFF;
 7306              		.loc 1 2826 5 is_stmt 1 view .LVU2165
 7307              		.loc 1 2826 26 is_stmt 0 view .LVU2166
 7308 00ae 4C4C     		ldr	r4, .L607
 7309 00b0 FF23     		movs	r3, #255
 7310 00b2 2372     		strb	r3, [r4, #8]
2827:Modules/mpu6050/inv_mpu.c ****     st.chip_cfg.accel_fsr = 0xFF;
 7311              		.loc 1 2827 5 is_stmt 1 view .LVU2167
 7312              		.loc 1 2827 27 is_stmt 0 view .LVU2168
 7313 00b4 6372     		strb	r3, [r4, #9]
2828:Modules/mpu6050/inv_mpu.c ****     st.chip_cfg.lpf = 0xFF;
 7314              		.loc 1 2828 5 is_stmt 1 view .LVU2169
 7315              		.loc 1 2828 21 is_stmt 0 view .LVU2170
 7316 00b6 E372     		strb	r3, [r4, #11]
2829:Modules/mpu6050/inv_mpu.c ****     st.chip_cfg.sample_rate = 0xFFFF;
 7317              		.loc 1 2829 5 is_stmt 1 view .LVU2171
 7318              		.loc 1 2829 29 is_stmt 0 view .LVU2172
 7319 00b8 4FF6FF72 		movw	r2, #65535
 7320 00bc E281     		strh	r2, [r4, #14]	@ movhi
2830:Modules/mpu6050/inv_mpu.c ****     st.chip_cfg.sensors = 0xFF;
 7321              		.loc 1 2830 5 is_stmt 1 view .LVU2173
 7322              		.loc 1 2830 25 is_stmt 0 view .LVU2174
 7323 00be A372     		strb	r3, [r4, #10]
2831:Modules/mpu6050/inv_mpu.c ****     st.chip_cfg.fifo_enable = 0xFF;
 7324              		.loc 1 2831 5 is_stmt 1 view .LVU2175
 7325              		.loc 1 2831 29 is_stmt 0 view .LVU2176
 7326 00c0 2374     		strb	r3, [r4, #16]
2832:Modules/mpu6050/inv_mpu.c ****     st.chip_cfg.clk_src = INV_CLK_PLL;
 7327              		.loc 1 2832 5 is_stmt 1 view .LVU2177
 7328              		.loc 1 2832 25 is_stmt 0 view .LVU2178
 7329 00c2 0123     		movs	r3, #1
 7330 00c4 2373     		strb	r3, [r4, #12]
2833:Modules/mpu6050/inv_mpu.c ****     mpu_set_sensors(st.chip_cfg.cache.sensors_on);
 7331              		.loc 1 2833 5 is_stmt 1 view .LVU2179
 7332 00c6 A07F     		ldrb	r0, [r4, #30]	@ zero_extendqisi2
 7333 00c8 FFF7FEFF 		bl	mpu_set_sensors
 7334              	.LVL535:
2834:Modules/mpu6050/inv_mpu.c ****     mpu_set_gyro_fsr(st.chip_cfg.cache.gyro_fsr);
 7335              		.loc 1 2834 5 view .LVU2180
 7336 00cc E08A     		ldrh	r0, [r4, #22]
 7337 00ce FFF7FEFF 		bl	mpu_set_gyro_fsr
 7338              	.LVL536:
2835:Modules/mpu6050/inv_mpu.c ****     mpu_set_accel_fsr(st.chip_cfg.cache.accel_fsr);
 7339              		.loc 1 2835 5 view .LVU2181
 7340 00d2 207E     		ldrb	r0, [r4, #24]	@ zero_extendqisi2
 7341 00d4 FFF7FEFF 		bl	mpu_set_accel_fsr
 7342              	.LVL537:
2836:Modules/mpu6050/inv_mpu.c ****     mpu_set_lpf(st.chip_cfg.cache.lpf);
 7343              		.loc 1 2836 5 view .LVU2182
 7344 00d8 608B     		ldrh	r0, [r4, #26]
 7345 00da FFF7FEFF 		bl	mpu_set_lpf
 7346              	.LVL538:
2837:Modules/mpu6050/inv_mpu.c ****     mpu_set_sample_rate(st.chip_cfg.cache.sample_rate);
 7347              		.loc 1 2837 5 view .LVU2183
ARM GAS  C:\Users\FASCIN~1\AppData\Local\Temp\ccNBUjvk.s 			page 208


 7348 00de A08B     		ldrh	r0, [r4, #28]
 7349 00e0 FFF7FEFF 		bl	mpu_set_sample_rate
 7350              	.LVL539:
2838:Modules/mpu6050/inv_mpu.c ****     mpu_configure_fifo(st.chip_cfg.cache.fifo_sensors);
 7351              		.loc 1 2838 5 view .LVU2184
 7352 00e4 E07F     		ldrb	r0, [r4, #31]	@ zero_extendqisi2
 7353 00e6 FFF7FEFF 		bl	mpu_configure_fifo
 7354              	.LVL540:
2839:Modules/mpu6050/inv_mpu.c **** 
2840:Modules/mpu6050/inv_mpu.c ****     if (st.chip_cfg.cache.dmp_on)
 7355              		.loc 1 2840 5 view .LVU2185
 7356              		.loc 1 2840 26 is_stmt 0 view .LVU2186
 7357 00ea 94F82030 		ldrb	r3, [r4, #32]	@ zero_extendqisi2
 7358              		.loc 1 2840 8 view .LVU2187
 7359 00ee 002B     		cmp	r3, #0
 7360 00f0 6CD1     		bne	.L604
 7361              	.L594:
2841:Modules/mpu6050/inv_mpu.c ****         mpu_set_dmp_state(1);
2842:Modules/mpu6050/inv_mpu.c **** 
2843:Modules/mpu6050/inv_mpu.c **** #ifdef MPU6500
2844:Modules/mpu6050/inv_mpu.c ****     /* Disable motion interrupt (MPU6500 version). */
2845:Modules/mpu6050/inv_mpu.c ****     data[0] = 0;
2846:Modules/mpu6050/inv_mpu.c ****     if (i2c_write(st.hw->addr, st.reg->accel_intel, 1, data))
2847:Modules/mpu6050/inv_mpu.c ****         goto lp_int_restore;
2848:Modules/mpu6050/inv_mpu.c **** #endif
2849:Modules/mpu6050/inv_mpu.c **** 
2850:Modules/mpu6050/inv_mpu.c ****     st.chip_cfg.int_motion_only = 0;
 7362              		.loc 1 2850 5 is_stmt 1 view .LVU2188
 7363              		.loc 1 2850 33 is_stmt 0 view .LVU2189
 7364 00f2 0020     		movs	r0, #0
 7365 00f4 3A4B     		ldr	r3, .L607
 7366 00f6 5875     		strb	r0, [r3, #21]
2851:Modules/mpu6050/inv_mpu.c ****     return 0;
 7367              		.loc 1 2851 5 is_stmt 1 view .LVU2190
 7368              	.L580:
2852:Modules/mpu6050/inv_mpu.c **** }
 7369              		.loc 1 2852 1 is_stmt 0 view .LVU2191
 7370 00f8 03B0     		add	sp, sp, #12
 7371              	.LCFI142:
 7372              		.cfi_remember_state
 7373              		.cfi_def_cfa_offset 20
 7374              		@ sp needed
 7375 00fa F0BD     		pop	{r4, r5, r6, r7, pc}
 7376              	.LVL541:
 7377              	.L597:
 7378              	.LCFI143:
 7379              		.cfi_restore_state
 7380              	.LBB5:
2660:Modules/mpu6050/inv_mpu.c ****         else
 7381              		.loc 1 2660 23 view .LVU2192
 7382 00fc 0124     		movs	r4, #1
 7383 00fe 8FE7     		b	.L582
 7384              	.LVL542:
 7385              	.L602:
2690:Modules/mpu6050/inv_mpu.c ****                 st.chip_cfg.cache.dmp_on = 1;
 7386              		.loc 1 2690 17 is_stmt 1 view .LVU2193
 7387 0100 0020     		movs	r0, #0
ARM GAS  C:\Users\FASCIN~1\AppData\Local\Temp\ccNBUjvk.s 			page 209


 7388              	.LVL543:
2690:Modules/mpu6050/inv_mpu.c ****                 st.chip_cfg.cache.dmp_on = 1;
 7389              		.loc 1 2690 17 is_stmt 0 view .LVU2194
 7390 0102 FFF7FEFF 		bl	mpu_set_dmp_state
 7391              	.LVL544:
2691:Modules/mpu6050/inv_mpu.c ****             } else
 7392              		.loc 1 2691 17 is_stmt 1 view .LVU2195
2691:Modules/mpu6050/inv_mpu.c ****             } else
 7393              		.loc 1 2691 42 is_stmt 0 view .LVU2196
 7394 0106 364B     		ldr	r3, .L607
 7395 0108 0122     		movs	r2, #1
 7396 010a 83F82020 		strb	r2, [r3, #32]
 7397 010e 98E7     		b	.L587
 7398              	.L603:
2728:Modules/mpu6050/inv_mpu.c ****         data[1] = time;
 7399              		.loc 1 2728 9 is_stmt 1 view .LVU2197
2728:Modules/mpu6050/inv_mpu.c ****         data[1] = time;
 7400              		.loc 1 2728 17 is_stmt 0 view .LVU2198
 7401 0110 8DF80440 		strb	r4, [sp, #4]
2729:Modules/mpu6050/inv_mpu.c ****         if (i2c_write(st.hw->addr, st.reg->motion_thr, 2, data))
 7402              		.loc 1 2729 9 is_stmt 1 view .LVU2199
2729:Modules/mpu6050/inv_mpu.c ****         if (i2c_write(st.hw->addr, st.reg->motion_thr, 2, data))
 7403              		.loc 1 2729 17 is_stmt 0 view .LVU2200
 7404 0114 8DF80550 		strb	r5, [sp, #5]
2730:Modules/mpu6050/inv_mpu.c ****             goto lp_int_restore;
 7405              		.loc 1 2730 9 is_stmt 1 view .LVU2201
2730:Modules/mpu6050/inv_mpu.c ****             goto lp_int_restore;
 7406              		.loc 1 2730 25 is_stmt 0 view .LVU2202
 7407 0118 314B     		ldr	r3, .L607
 7408 011a 5868     		ldr	r0, [r3, #4]
2730:Modules/mpu6050/inv_mpu.c ****             goto lp_int_restore;
 7409              		.loc 1 2730 38 view .LVU2203
 7410 011c 1968     		ldr	r1, [r3]
2730:Modules/mpu6050/inv_mpu.c ****             goto lp_int_restore;
 7411              		.loc 1 2730 13 view .LVU2204
 7412 011e 01AB     		add	r3, sp, #4
 7413 0120 0222     		movs	r2, #2
 7414 0122 097A     		ldrb	r1, [r1, #8]	@ zero_extendqisi2
 7415 0124 0078     		ldrb	r0, [r0]	@ zero_extendqisi2
 7416 0126 FFF7FEFF 		bl	MPU_Write_Len
 7417              	.LVL545:
2730:Modules/mpu6050/inv_mpu.c ****             goto lp_int_restore;
 7418              		.loc 1 2730 12 discriminator 1 view .LVU2205
 7419 012a 0028     		cmp	r0, #0
 7420 012c BFD1     		bne	.L588
2734:Modules/mpu6050/inv_mpu.c ****         data[0] = (st.chip_cfg.accel_fsr << 3) | BITS_HPF;
 7421              		.loc 1 2734 9 is_stmt 1 view .LVU2206
 7422 012e 0520     		movs	r0, #5
 7423 0130 FFF7FEFF 		bl	HAL_Delay
 7424              	.LVL546:
2735:Modules/mpu6050/inv_mpu.c ****         if (i2c_write(st.hw->addr, st.reg->accel_cfg, 1, data))
 7425              		.loc 1 2735 9 view .LVU2207
2735:Modules/mpu6050/inv_mpu.c ****         if (i2c_write(st.hw->addr, st.reg->accel_cfg, 1, data))
 7426              		.loc 1 2735 31 is_stmt 0 view .LVU2208
 7427 0134 2A4A     		ldr	r2, .L607
 7428 0136 537A     		ldrb	r3, [r2, #9]	@ zero_extendqisi2
2735:Modules/mpu6050/inv_mpu.c ****         if (i2c_write(st.hw->addr, st.reg->accel_cfg, 1, data))
ARM GAS  C:\Users\FASCIN~1\AppData\Local\Temp\ccNBUjvk.s 			page 210


 7429              		.loc 1 2735 48 view .LVU2209
 7430 0138 DB00     		lsls	r3, r3, #3
 7431 013a 43F00703 		orr	r3, r3, #7
2735:Modules/mpu6050/inv_mpu.c ****         if (i2c_write(st.hw->addr, st.reg->accel_cfg, 1, data))
 7432              		.loc 1 2735 17 view .LVU2210
 7433 013e 8DF80430 		strb	r3, [sp, #4]
2736:Modules/mpu6050/inv_mpu.c ****             goto lp_int_restore;
 7434              		.loc 1 2736 9 is_stmt 1 view .LVU2211
2736:Modules/mpu6050/inv_mpu.c ****             goto lp_int_restore;
 7435              		.loc 1 2736 25 is_stmt 0 view .LVU2212
 7436 0142 5068     		ldr	r0, [r2, #4]
2736:Modules/mpu6050/inv_mpu.c ****             goto lp_int_restore;
 7437              		.loc 1 2736 38 view .LVU2213
 7438 0144 1168     		ldr	r1, [r2]
2736:Modules/mpu6050/inv_mpu.c ****             goto lp_int_restore;
 7439              		.loc 1 2736 13 view .LVU2214
 7440 0146 01AB     		add	r3, sp, #4
 7441 0148 0122     		movs	r2, #1
 7442 014a C979     		ldrb	r1, [r1, #7]	@ zero_extendqisi2
 7443 014c 0078     		ldrb	r0, [r0]	@ zero_extendqisi2
 7444 014e FFF7FEFF 		bl	MPU_Write_Len
 7445              	.LVL547:
2736:Modules/mpu6050/inv_mpu.c ****             goto lp_int_restore;
 7446              		.loc 1 2736 12 discriminator 1 view .LVU2215
 7447 0152 0028     		cmp	r0, #0
 7448 0154 ABD1     		bne	.L588
2740:Modules/mpu6050/inv_mpu.c ****         if (lpa_freq == 1)
 7449              		.loc 1 2740 9 is_stmt 1 view .LVU2216
2740:Modules/mpu6050/inv_mpu.c ****         if (lpa_freq == 1)
 7450              		.loc 1 2740 17 is_stmt 0 view .LVU2217
 7451 0156 2023     		movs	r3, #32
 7452 0158 8DF80430 		strb	r3, [sp, #4]
2741:Modules/mpu6050/inv_mpu.c ****             data[1] = INV_LPA_1_25HZ;
 7453              		.loc 1 2741 9 is_stmt 1 view .LVU2218
2741:Modules/mpu6050/inv_mpu.c ****             data[1] = INV_LPA_1_25HZ;
 7454              		.loc 1 2741 12 is_stmt 0 view .LVU2219
 7455 015c 012F     		cmp	r7, #1
 7456 015e 05D0     		beq	.L605
2743:Modules/mpu6050/inv_mpu.c ****             data[1] = INV_LPA_5HZ;
 7457              		.loc 1 2743 14 is_stmt 1 view .LVU2220
2743:Modules/mpu6050/inv_mpu.c ****             data[1] = INV_LPA_5HZ;
 7458              		.loc 1 2743 17 is_stmt 0 view .LVU2221
 7459 0160 052F     		cmp	r7, #5
 7460 0162 1CD8     		bhi	.L591
2744:Modules/mpu6050/inv_mpu.c ****         else if (lpa_freq <= 20)
 7461              		.loc 1 2744 13 is_stmt 1 view .LVU2222
2744:Modules/mpu6050/inv_mpu.c ****         else if (lpa_freq <= 20)
 7462              		.loc 1 2744 21 is_stmt 0 view .LVU2223
 7463 0164 0123     		movs	r3, #1
 7464 0166 8DF80530 		strb	r3, [sp, #5]
 7465 016a 02E0     		b	.L590
 7466              	.L605:
2742:Modules/mpu6050/inv_mpu.c ****         else if (lpa_freq <= 5)
 7467              		.loc 1 2742 13 is_stmt 1 view .LVU2224
2742:Modules/mpu6050/inv_mpu.c ****         else if (lpa_freq <= 5)
 7468              		.loc 1 2742 21 is_stmt 0 view .LVU2225
 7469 016c 0023     		movs	r3, #0
ARM GAS  C:\Users\FASCIN~1\AppData\Local\Temp\ccNBUjvk.s 			page 211


 7470 016e 8DF80530 		strb	r3, [sp, #5]
 7471              	.L590:
2749:Modules/mpu6050/inv_mpu.c ****         if (i2c_write(st.hw->addr, st.reg->pwr_mgmt_1, 2, data))
 7472              		.loc 1 2749 9 is_stmt 1 view .LVU2226
2749:Modules/mpu6050/inv_mpu.c ****         if (i2c_write(st.hw->addr, st.reg->pwr_mgmt_1, 2, data))
 7473              		.loc 1 2749 24 is_stmt 0 view .LVU2227
 7474 0172 9DF80530 		ldrb	r3, [sp, #5]	@ zero_extendqisi2
2749:Modules/mpu6050/inv_mpu.c ****         if (i2c_write(st.hw->addr, st.reg->pwr_mgmt_1, 2, data))
 7475              		.loc 1 2749 34 view .LVU2228
 7476 0176 9B01     		lsls	r3, r3, #6
 7477 0178 43F00703 		orr	r3, r3, #7
2749:Modules/mpu6050/inv_mpu.c ****         if (i2c_write(st.hw->addr, st.reg->pwr_mgmt_1, 2, data))
 7478              		.loc 1 2749 17 view .LVU2229
 7479 017c 8DF80530 		strb	r3, [sp, #5]
2750:Modules/mpu6050/inv_mpu.c ****             goto lp_int_restore;
 7480              		.loc 1 2750 9 is_stmt 1 view .LVU2230
2750:Modules/mpu6050/inv_mpu.c ****             goto lp_int_restore;
 7481              		.loc 1 2750 25 is_stmt 0 view .LVU2231
 7482 0180 174B     		ldr	r3, .L607
 7483 0182 5868     		ldr	r0, [r3, #4]
2750:Modules/mpu6050/inv_mpu.c ****             goto lp_int_restore;
 7484              		.loc 1 2750 38 view .LVU2232
 7485 0184 1968     		ldr	r1, [r3]
2750:Modules/mpu6050/inv_mpu.c ****             goto lp_int_restore;
 7486              		.loc 1 2750 13 view .LVU2233
 7487 0186 01AB     		add	r3, sp, #4
 7488 0188 0222     		movs	r2, #2
 7489 018a 897C     		ldrb	r1, [r1, #18]	@ zero_extendqisi2
 7490 018c 0078     		ldrb	r0, [r0]	@ zero_extendqisi2
 7491 018e FFF7FEFF 		bl	MPU_Write_Len
 7492              	.LVL548:
2750:Modules/mpu6050/inv_mpu.c ****             goto lp_int_restore;
 7493              		.loc 1 2750 12 discriminator 1 view .LVU2234
 7494 0192 0028     		cmp	r0, #0
 7495 0194 8BD1     		bne	.L588
2753:Modules/mpu6050/inv_mpu.c ****         return 0;
 7496              		.loc 1 2753 9 is_stmt 1 view .LVU2235
2753:Modules/mpu6050/inv_mpu.c ****         return 0;
 7497              		.loc 1 2753 37 is_stmt 0 view .LVU2236
 7498 0196 124B     		ldr	r3, .L607
 7499 0198 0122     		movs	r2, #1
 7500 019a 5A75     		strb	r2, [r3, #21]
2754:Modules/mpu6050/inv_mpu.c **** #elif defined MPU6500
 7501              		.loc 1 2754 9 is_stmt 1 view .LVU2237
2754:Modules/mpu6050/inv_mpu.c **** #elif defined MPU6500
 7502              		.loc 1 2754 16 is_stmt 0 view .LVU2238
 7503 019c ACE7     		b	.L580
 7504              	.L591:
2745:Modules/mpu6050/inv_mpu.c ****             data[1] = INV_LPA_20HZ;
 7505              		.loc 1 2745 14 is_stmt 1 view .LVU2239
2745:Modules/mpu6050/inv_mpu.c ****             data[1] = INV_LPA_20HZ;
 7506              		.loc 1 2745 17 is_stmt 0 view .LVU2240
 7507 019e 142F     		cmp	r7, #20
 7508 01a0 03D8     		bhi	.L592
2746:Modules/mpu6050/inv_mpu.c ****         else
 7509              		.loc 1 2746 13 is_stmt 1 view .LVU2241
2746:Modules/mpu6050/inv_mpu.c ****         else
ARM GAS  C:\Users\FASCIN~1\AppData\Local\Temp\ccNBUjvk.s 			page 212


 7510              		.loc 1 2746 21 is_stmt 0 view .LVU2242
 7511 01a2 0223     		movs	r3, #2
 7512 01a4 8DF80530 		strb	r3, [sp, #5]
 7513 01a8 E3E7     		b	.L590
 7514              	.L592:
2748:Modules/mpu6050/inv_mpu.c ****         data[1] = (data[1] << 6) | BIT_STBY_XYZG;
 7515              		.loc 1 2748 13 is_stmt 1 view .LVU2243
2748:Modules/mpu6050/inv_mpu.c ****         data[1] = (data[1] << 6) | BIT_STBY_XYZG;
 7516              		.loc 1 2748 21 is_stmt 0 view .LVU2244
 7517 01aa 0323     		movs	r3, #3
 7518 01ac 8DF80530 		strb	r3, [sp, #5]
 7519 01b0 DFE7     		b	.L590
 7520              	.LVL549:
 7521              	.L595:
2748:Modules/mpu6050/inv_mpu.c ****         data[1] = (data[1] << 6) | BIT_STBY_XYZG;
 7522              		.loc 1 2748 21 view .LVU2245
 7523              	.LBE5:
 7524              	.LBB6:
2817:Modules/mpu6050/inv_mpu.c ****             if (cache_ptr[ii] != 0)
 7525              		.loc 1 2817 17 view .LVU2246
 7526 01b2 0023     		movs	r3, #0
 7527              	.LVL550:
 7528              	.L581:
2817:Modules/mpu6050/inv_mpu.c ****             if (cache_ptr[ii] != 0)
 7529              		.loc 1 2817 25 is_stmt 1 discriminator 1 view .LVU2247
 7530 01b4 0B2B     		cmp	r3, #11
 7531 01b6 06D8     		bhi	.L606
2818:Modules/mpu6050/inv_mpu.c ****                 goto lp_int_restore;
 7532              		.loc 1 2818 13 view .LVU2248
2818:Modules/mpu6050/inv_mpu.c ****                 goto lp_int_restore;
 7533              		.loc 1 2818 26 is_stmt 0 view .LVU2249
 7534 01b8 0A4A     		ldr	r2, .L607+4
 7535 01ba D25C     		ldrb	r2, [r2, r3]	@ zero_extendqisi2
2818:Modules/mpu6050/inv_mpu.c ****                 goto lp_int_restore;
 7536              		.loc 1 2818 16 view .LVU2250
 7537 01bc 002A     		cmp	r2, #0
 7538 01be 7FF476AF 		bne	.L588
2817:Modules/mpu6050/inv_mpu.c ****             if (cache_ptr[ii] != 0)
 7539              		.loc 1 2817 56 is_stmt 1 discriminator 2 view .LVU2251
 7540 01c2 0133     		adds	r3, r3, #1
 7541              	.LVL551:
2817:Modules/mpu6050/inv_mpu.c ****             if (cache_ptr[ii] != 0)
 7542              		.loc 1 2817 56 is_stmt 0 discriminator 2 view .LVU2252
 7543 01c4 F6E7     		b	.L581
 7544              	.L606:
2822:Modules/mpu6050/inv_mpu.c ****     }
 7545              		.loc 1 2822 16 view .LVU2253
 7546 01c6 4FF0FF30 		mov	r0, #-1
 7547              	.LVL552:
2822:Modules/mpu6050/inv_mpu.c ****     }
 7548              		.loc 1 2822 16 view .LVU2254
 7549 01ca 95E7     		b	.L580
 7550              	.LVL553:
 7551              	.L604:
2822:Modules/mpu6050/inv_mpu.c ****     }
 7552              		.loc 1 2822 16 view .LVU2255
 7553              	.LBE6:
ARM GAS  C:\Users\FASCIN~1\AppData\Local\Temp\ccNBUjvk.s 			page 213


2841:Modules/mpu6050/inv_mpu.c **** 
 7554              		.loc 1 2841 9 is_stmt 1 view .LVU2256
 7555 01cc 0120     		movs	r0, #1
 7556 01ce FFF7FEFF 		bl	mpu_set_dmp_state
 7557              	.LVL554:
 7558 01d2 8EE7     		b	.L594
 7559              	.LVL555:
 7560              	.L599:
 7561              	.LBB7:
2685:Modules/mpu6050/inv_mpu.c **** 
 7562              		.loc 1 2685 20 is_stmt 0 view .LVU2257
 7563 01d4 4FF0FF30 		mov	r0, #-1
 7564              	.LVL556:
2685:Modules/mpu6050/inv_mpu.c **** 
 7565              		.loc 1 2685 20 view .LVU2258
 7566 01d8 8EE7     		b	.L580
 7567              	.LVL557:
 7568              	.L600:
2714:Modules/mpu6050/inv_mpu.c **** 
 7569              		.loc 1 2714 20 view .LVU2259
 7570 01da 4FF0FF30 		mov	r0, #-1
 7571 01de 8BE7     		b	.L580
 7572              	.L608:
 7573              		.align	2
 7574              	.L607:
 7575 01e0 00000000 		.word	st
 7576 01e4 16000000 		.word	st+22
 7577              	.LBE7:
 7578              		.cfi_endproc
 7579              	.LFE113:
 7581              		.section	.text.run_self_test,"ax",%progbits
 7582              		.align	1
 7583              		.global	run_self_test
 7584              		.syntax unified
 7585              		.thumb
 7586              		.thumb_func
 7588              	run_self_test:
 7589              	.LFB114:
2853:Modules/mpu6050/inv_mpu.c **** 
2854:Modules/mpu6050/inv_mpu.c **** 
2855:Modules/mpu6050/inv_mpu.c **** //q30格式,long转float时的除数.
2856:Modules/mpu6050/inv_mpu.c **** #define q30  1073741824.0f
2857:Modules/mpu6050/inv_mpu.c **** 
2858:Modules/mpu6050/inv_mpu.c **** //陀螺仪方向设置
2859:Modules/mpu6050/inv_mpu.c **** static signed char gyro_orientation[9] = { 1, 0, 0,
2860:Modules/mpu6050/inv_mpu.c ****                                            0, 1, 0,
2861:Modules/mpu6050/inv_mpu.c ****                                            0, 0, 1
2862:Modules/mpu6050/inv_mpu.c ****                                          };
2863:Modules/mpu6050/inv_mpu.c **** //MPU6050自测试
2864:Modules/mpu6050/inv_mpu.c **** //返回值:0,正常
2865:Modules/mpu6050/inv_mpu.c **** //    其他,失败
2866:Modules/mpu6050/inv_mpu.c **** uint8_t run_self_test(void)
2867:Modules/mpu6050/inv_mpu.c **** {
 7590              		.loc 1 2867 1 is_stmt 1 view -0
 7591              		.cfi_startproc
 7592              		@ args = 0, pretend = 0, frame = 32
 7593              		@ frame_needed = 0, uses_anonymous_args = 0
ARM GAS  C:\Users\FASCIN~1\AppData\Local\Temp\ccNBUjvk.s 			page 214


 7594 0000 10B5     		push	{r4, lr}
 7595              	.LCFI144:
 7596              		.cfi_def_cfa_offset 8
 7597              		.cfi_offset 4, -8
 7598              		.cfi_offset 14, -4
 7599 0002 88B0     		sub	sp, sp, #32
 7600              	.LCFI145:
 7601              		.cfi_def_cfa_offset 40
2868:Modules/mpu6050/inv_mpu.c ****     int result;
 7602              		.loc 1 2868 5 view .LVU2261
2869:Modules/mpu6050/inv_mpu.c ****     //char test_packet[4] = {0};
2870:Modules/mpu6050/inv_mpu.c ****     long gyro[3], accel[3];
 7603              		.loc 1 2870 5 view .LVU2262
2871:Modules/mpu6050/inv_mpu.c ****     result = mpu_run_self_test(gyro, accel);
 7604              		.loc 1 2871 5 view .LVU2263
 7605              		.loc 1 2871 14 is_stmt 0 view .LVU2264
 7606 0004 02A9     		add	r1, sp, #8
 7607 0006 05A8     		add	r0, sp, #20
 7608 0008 FFF7FEFF 		bl	mpu_run_self_test
 7609              	.LVL558:
2872:Modules/mpu6050/inv_mpu.c ****     if (result == 0x3)
 7610              		.loc 1 2872 5 is_stmt 1 view .LVU2265
 7611              		.loc 1 2872 8 is_stmt 0 view .LVU2266
 7612 000c 0328     		cmp	r0, #3
 7613 000e 02D0     		beq	.L613
2873:Modules/mpu6050/inv_mpu.c ****     {
2874:Modules/mpu6050/inv_mpu.c ****         /* Test passed. We can trust the gyro data here, so let's push it down
2875:Modules/mpu6050/inv_mpu.c ****         * to the DMP.
2876:Modules/mpu6050/inv_mpu.c ****         */
2877:Modules/mpu6050/inv_mpu.c ****         float sens;
2878:Modules/mpu6050/inv_mpu.c ****         unsigned short accel_sens;
2879:Modules/mpu6050/inv_mpu.c ****         mpu_get_gyro_sens(&sens);
2880:Modules/mpu6050/inv_mpu.c ****         gyro[0] = (long)(gyro[0] * sens);
2881:Modules/mpu6050/inv_mpu.c ****         gyro[1] = (long)(gyro[1] * sens);
2882:Modules/mpu6050/inv_mpu.c ****         gyro[2] = (long)(gyro[2] * sens);
2883:Modules/mpu6050/inv_mpu.c ****         dmp_set_gyro_bias(gyro);
2884:Modules/mpu6050/inv_mpu.c ****         mpu_get_accel_sens(&accel_sens);
2885:Modules/mpu6050/inv_mpu.c ****         accel[0] *= accel_sens;
2886:Modules/mpu6050/inv_mpu.c ****         accel[1] *= accel_sens;
2887:Modules/mpu6050/inv_mpu.c ****         accel[2] *= accel_sens;
2888:Modules/mpu6050/inv_mpu.c ****         dmp_set_accel_bias(accel);
2889:Modules/mpu6050/inv_mpu.c ****         return 0;
2890:Modules/mpu6050/inv_mpu.c ****     } else return 1;
 7614              		.loc 1 2890 19 view .LVU2267
 7615 0010 0120     		movs	r0, #1
 7616              	.LVL559:
 7617              	.L610:
2891:Modules/mpu6050/inv_mpu.c **** }
 7618              		.loc 1 2891 1 view .LVU2268
 7619 0012 08B0     		add	sp, sp, #32
 7620              	.LCFI146:
 7621              		.cfi_remember_state
 7622              		.cfi_def_cfa_offset 8
 7623              		@ sp needed
 7624 0014 10BD     		pop	{r4, pc}
 7625              	.LVL560:
 7626              	.L613:
ARM GAS  C:\Users\FASCIN~1\AppData\Local\Temp\ccNBUjvk.s 			page 215


 7627              	.LCFI147:
 7628              		.cfi_restore_state
 7629              	.LBB8:
2877:Modules/mpu6050/inv_mpu.c ****         unsigned short accel_sens;
 7630              		.loc 1 2877 9 is_stmt 1 view .LVU2269
2878:Modules/mpu6050/inv_mpu.c ****         mpu_get_gyro_sens(&sens);
 7631              		.loc 1 2878 9 view .LVU2270
2879:Modules/mpu6050/inv_mpu.c ****         gyro[0] = (long)(gyro[0] * sens);
 7632              		.loc 1 2879 9 view .LVU2271
 7633 0016 01A8     		add	r0, sp, #4
 7634              	.LVL561:
2879:Modules/mpu6050/inv_mpu.c ****         gyro[0] = (long)(gyro[0] * sens);
 7635              		.loc 1 2879 9 is_stmt 0 view .LVU2272
 7636 0018 FFF7FEFF 		bl	mpu_get_gyro_sens
 7637              	.LVL562:
2880:Modules/mpu6050/inv_mpu.c ****         gyro[1] = (long)(gyro[1] * sens);
 7638              		.loc 1 2880 9 is_stmt 1 view .LVU2273
2880:Modules/mpu6050/inv_mpu.c ****         gyro[1] = (long)(gyro[1] * sens);
 7639              		.loc 1 2880 34 is_stmt 0 view .LVU2274
 7640 001c 019C     		ldr	r4, [sp, #4]	@ float
 7641 001e 0598     		ldr	r0, [sp, #20]
 7642 0020 FFF7FEFF 		bl	__aeabi_i2f
 7643              	.LVL563:
 7644 0024 2146     		mov	r1, r4
 7645 0026 FFF7FEFF 		bl	__aeabi_fmul
 7646              	.LVL564:
2880:Modules/mpu6050/inv_mpu.c ****         gyro[1] = (long)(gyro[1] * sens);
 7647              		.loc 1 2880 19 view .LVU2275
 7648 002a FFF7FEFF 		bl	__aeabi_f2iz
 7649              	.LVL565:
2880:Modules/mpu6050/inv_mpu.c ****         gyro[1] = (long)(gyro[1] * sens);
 7650              		.loc 1 2880 17 view .LVU2276
 7651 002e 0590     		str	r0, [sp, #20]
2881:Modules/mpu6050/inv_mpu.c ****         gyro[2] = (long)(gyro[2] * sens);
 7652              		.loc 1 2881 9 is_stmt 1 view .LVU2277
2881:Modules/mpu6050/inv_mpu.c ****         gyro[2] = (long)(gyro[2] * sens);
 7653              		.loc 1 2881 34 is_stmt 0 view .LVU2278
 7654 0030 0698     		ldr	r0, [sp, #24]
 7655 0032 FFF7FEFF 		bl	__aeabi_i2f
 7656              	.LVL566:
 7657 0036 2146     		mov	r1, r4
 7658 0038 FFF7FEFF 		bl	__aeabi_fmul
 7659              	.LVL567:
2881:Modules/mpu6050/inv_mpu.c ****         gyro[2] = (long)(gyro[2] * sens);
 7660              		.loc 1 2881 19 view .LVU2279
 7661 003c FFF7FEFF 		bl	__aeabi_f2iz
 7662              	.LVL568:
2881:Modules/mpu6050/inv_mpu.c ****         gyro[2] = (long)(gyro[2] * sens);
 7663              		.loc 1 2881 17 view .LVU2280
 7664 0040 0690     		str	r0, [sp, #24]
2882:Modules/mpu6050/inv_mpu.c ****         dmp_set_gyro_bias(gyro);
 7665              		.loc 1 2882 9 is_stmt 1 view .LVU2281
2882:Modules/mpu6050/inv_mpu.c ****         dmp_set_gyro_bias(gyro);
 7666              		.loc 1 2882 34 is_stmt 0 view .LVU2282
 7667 0042 0798     		ldr	r0, [sp, #28]
 7668 0044 FFF7FEFF 		bl	__aeabi_i2f
 7669              	.LVL569:
ARM GAS  C:\Users\FASCIN~1\AppData\Local\Temp\ccNBUjvk.s 			page 216


 7670 0048 2146     		mov	r1, r4
 7671 004a FFF7FEFF 		bl	__aeabi_fmul
 7672              	.LVL570:
2882:Modules/mpu6050/inv_mpu.c ****         dmp_set_gyro_bias(gyro);
 7673              		.loc 1 2882 19 view .LVU2283
 7674 004e FFF7FEFF 		bl	__aeabi_f2iz
 7675              	.LVL571:
2882:Modules/mpu6050/inv_mpu.c ****         dmp_set_gyro_bias(gyro);
 7676              		.loc 1 2882 17 view .LVU2284
 7677 0052 0790     		str	r0, [sp, #28]
2883:Modules/mpu6050/inv_mpu.c ****         mpu_get_accel_sens(&accel_sens);
 7678              		.loc 1 2883 9 is_stmt 1 view .LVU2285
 7679 0054 05A8     		add	r0, sp, #20
 7680 0056 FFF7FEFF 		bl	dmp_set_gyro_bias
 7681              	.LVL572:
2884:Modules/mpu6050/inv_mpu.c ****         accel[0] *= accel_sens;
 7682              		.loc 1 2884 9 view .LVU2286
 7683 005a 0DF10200 		add	r0, sp, #2
 7684 005e FFF7FEFF 		bl	mpu_get_accel_sens
 7685              	.LVL573:
2885:Modules/mpu6050/inv_mpu.c ****         accel[1] *= accel_sens;
 7686              		.loc 1 2885 9 view .LVU2287
2885:Modules/mpu6050/inv_mpu.c ****         accel[1] *= accel_sens;
 7687              		.loc 1 2885 18 is_stmt 0 view .LVU2288
 7688 0062 BDF80230 		ldrh	r3, [sp, #2]
 7689 0066 029A     		ldr	r2, [sp, #8]
 7690 0068 03FB02F2 		mul	r2, r3, r2
 7691 006c 0292     		str	r2, [sp, #8]
2886:Modules/mpu6050/inv_mpu.c ****         accel[2] *= accel_sens;
 7692              		.loc 1 2886 9 is_stmt 1 view .LVU2289
2886:Modules/mpu6050/inv_mpu.c ****         accel[2] *= accel_sens;
 7693              		.loc 1 2886 14 is_stmt 0 view .LVU2290
 7694 006e 039A     		ldr	r2, [sp, #12]
2886:Modules/mpu6050/inv_mpu.c ****         accel[2] *= accel_sens;
 7695              		.loc 1 2886 18 view .LVU2291
 7696 0070 03FB02F2 		mul	r2, r3, r2
 7697 0074 0392     		str	r2, [sp, #12]
2887:Modules/mpu6050/inv_mpu.c ****         dmp_set_accel_bias(accel);
 7698              		.loc 1 2887 9 is_stmt 1 view .LVU2292
2887:Modules/mpu6050/inv_mpu.c ****         dmp_set_accel_bias(accel);
 7699              		.loc 1 2887 14 is_stmt 0 view .LVU2293
 7700 0076 049A     		ldr	r2, [sp, #16]
2887:Modules/mpu6050/inv_mpu.c ****         dmp_set_accel_bias(accel);
 7701              		.loc 1 2887 18 view .LVU2294
 7702 0078 02FB03F3 		mul	r3, r2, r3
 7703 007c 0493     		str	r3, [sp, #16]
2888:Modules/mpu6050/inv_mpu.c ****         return 0;
 7704              		.loc 1 2888 9 is_stmt 1 view .LVU2295
 7705 007e 02A8     		add	r0, sp, #8
 7706 0080 FFF7FEFF 		bl	dmp_set_accel_bias
 7707              	.LVL574:
2889:Modules/mpu6050/inv_mpu.c ****     } else return 1;
 7708              		.loc 1 2889 9 view .LVU2296
2889:Modules/mpu6050/inv_mpu.c ****     } else return 1;
 7709              		.loc 1 2889 16 is_stmt 0 view .LVU2297
 7710 0084 0020     		movs	r0, #0
 7711 0086 C4E7     		b	.L610
ARM GAS  C:\Users\FASCIN~1\AppData\Local\Temp\ccNBUjvk.s 			page 217


 7712              	.LBE8:
 7713              		.cfi_endproc
 7714              	.LFE114:
 7716              		.section	.text.inv_row_2_scale,"ax",%progbits
 7717              		.align	1
 7718              		.global	inv_row_2_scale
 7719              		.syntax unified
 7720              		.thumb
 7721              		.thumb_func
 7723              	inv_row_2_scale:
 7724              	.LVL575:
 7725              	.LFB116:
2892:Modules/mpu6050/inv_mpu.c **** //陀螺仪方向控制
2893:Modules/mpu6050/inv_mpu.c **** unsigned short inv_orientation_matrix_to_scalar(
2894:Modules/mpu6050/inv_mpu.c ****     const signed char *mtx)
2895:Modules/mpu6050/inv_mpu.c **** {
2896:Modules/mpu6050/inv_mpu.c ****     unsigned short scalar;
2897:Modules/mpu6050/inv_mpu.c ****     /*
2898:Modules/mpu6050/inv_mpu.c ****        XYZ  010_001_000 Identity Matrix
2899:Modules/mpu6050/inv_mpu.c ****        XZY  001_010_000
2900:Modules/mpu6050/inv_mpu.c ****        YXZ  010_000_001
2901:Modules/mpu6050/inv_mpu.c ****        YZX  000_010_001
2902:Modules/mpu6050/inv_mpu.c ****        ZXY  001_000_010
2903:Modules/mpu6050/inv_mpu.c ****        ZYX  000_001_010
2904:Modules/mpu6050/inv_mpu.c ****      */
2905:Modules/mpu6050/inv_mpu.c **** 
2906:Modules/mpu6050/inv_mpu.c ****     scalar = inv_row_2_scale(mtx);
2907:Modules/mpu6050/inv_mpu.c ****     scalar |= inv_row_2_scale(mtx + 3) << 3;
2908:Modules/mpu6050/inv_mpu.c ****     scalar |= inv_row_2_scale(mtx + 6) << 6;
2909:Modules/mpu6050/inv_mpu.c **** 
2910:Modules/mpu6050/inv_mpu.c **** 
2911:Modules/mpu6050/inv_mpu.c ****     return scalar;
2912:Modules/mpu6050/inv_mpu.c **** }
2913:Modules/mpu6050/inv_mpu.c **** //方向转换
2914:Modules/mpu6050/inv_mpu.c **** unsigned short inv_row_2_scale(const signed char *row)
2915:Modules/mpu6050/inv_mpu.c **** {
 7726              		.loc 1 2915 1 is_stmt 1 view -0
 7727              		.cfi_startproc
 7728              		@ args = 0, pretend = 0, frame = 0
 7729              		@ frame_needed = 0, uses_anonymous_args = 0
 7730              		@ link register save eliminated.
2916:Modules/mpu6050/inv_mpu.c ****     unsigned short b;
 7731              		.loc 1 2916 5 view .LVU2299
2917:Modules/mpu6050/inv_mpu.c **** 
2918:Modules/mpu6050/inv_mpu.c ****     if (row[0] > 0)
 7732              		.loc 1 2918 5 view .LVU2300
 7733              		.loc 1 2918 12 is_stmt 0 view .LVU2301
 7734 0000 90F90030 		ldrsb	r3, [r0]
 7735              		.loc 1 2918 8 view .LVU2302
 7736 0004 002B     		cmp	r3, #0
 7737 0006 01DD     		ble	.L622
2919:Modules/mpu6050/inv_mpu.c ****         b = 0;
 7738              		.loc 1 2919 11 view .LVU2303
 7739 0008 0020     		movs	r0, #0
 7740              	.LVL576:
 7741              		.loc 1 2919 11 view .LVU2304
 7742 000a 7047     		bx	lr
ARM GAS  C:\Users\FASCIN~1\AppData\Local\Temp\ccNBUjvk.s 			page 218


 7743              	.LVL577:
 7744              	.L622:
2920:Modules/mpu6050/inv_mpu.c ****     else if (row[0] < 0)
 7745              		.loc 1 2920 10 is_stmt 1 view .LVU2305
 7746              		.loc 1 2920 13 is_stmt 0 view .LVU2306
 7747 000c 0FDB     		blt	.L617
2921:Modules/mpu6050/inv_mpu.c ****         b = 4;
2922:Modules/mpu6050/inv_mpu.c ****     else if (row[1] > 0)
 7748              		.loc 1 2922 10 is_stmt 1 view .LVU2307
 7749              		.loc 1 2922 17 is_stmt 0 view .LVU2308
 7750 000e 90F90130 		ldrsb	r3, [r0, #1]
 7751              		.loc 1 2922 13 view .LVU2309
 7752 0012 002B     		cmp	r3, #0
 7753 0014 01DD     		ble	.L623
2923:Modules/mpu6050/inv_mpu.c ****         b = 1;
 7754              		.loc 1 2923 11 view .LVU2310
 7755 0016 0120     		movs	r0, #1
 7756              	.LVL578:
 7757              		.loc 1 2923 11 view .LVU2311
 7758 0018 7047     		bx	lr
 7759              	.LVL579:
 7760              	.L623:
2924:Modules/mpu6050/inv_mpu.c ****     else if (row[1] < 0)
 7761              		.loc 1 2924 10 is_stmt 1 view .LVU2312
 7762              		.loc 1 2924 13 is_stmt 0 view .LVU2313
 7763 001a 0ADB     		blt	.L619
2925:Modules/mpu6050/inv_mpu.c ****         b = 5;
2926:Modules/mpu6050/inv_mpu.c ****     else if (row[2] > 0)
 7764              		.loc 1 2926 10 is_stmt 1 view .LVU2314
 7765              		.loc 1 2926 17 is_stmt 0 view .LVU2315
 7766 001c 90F90230 		ldrsb	r3, [r0, #2]
 7767              		.loc 1 2926 13 view .LVU2316
 7768 0020 002B     		cmp	r3, #0
 7769 0022 08DC     		bgt	.L620
2927:Modules/mpu6050/inv_mpu.c ****         b = 2;
2928:Modules/mpu6050/inv_mpu.c ****     else if (row[2] < 0)
 7770              		.loc 1 2928 10 is_stmt 1 view .LVU2317
 7771              		.loc 1 2928 13 is_stmt 0 view .LVU2318
 7772 0024 01DB     		blt	.L624
2929:Modules/mpu6050/inv_mpu.c ****         b = 6;
2930:Modules/mpu6050/inv_mpu.c ****     else
2931:Modules/mpu6050/inv_mpu.c ****         b = 7;      // error
 7773              		.loc 1 2931 11 view .LVU2319
 7774 0026 0720     		movs	r0, #7
 7775              	.LVL580:
2932:Modules/mpu6050/inv_mpu.c ****     return b;
 7776              		.loc 1 2932 5 is_stmt 1 view .LVU2320
2933:Modules/mpu6050/inv_mpu.c **** }
 7777              		.loc 1 2933 1 is_stmt 0 view .LVU2321
 7778 0028 7047     		bx	lr
 7779              	.LVL581:
 7780              	.L624:
2929:Modules/mpu6050/inv_mpu.c ****         b = 6;
 7781              		.loc 1 2929 11 view .LVU2322
 7782 002a 0620     		movs	r0, #6
 7783              	.LVL582:
2929:Modules/mpu6050/inv_mpu.c ****         b = 6;
ARM GAS  C:\Users\FASCIN~1\AppData\Local\Temp\ccNBUjvk.s 			page 219


 7784              		.loc 1 2929 11 view .LVU2323
 7785 002c 7047     		bx	lr
 7786              	.LVL583:
 7787              	.L617:
2921:Modules/mpu6050/inv_mpu.c ****     else if (row[1] > 0)
 7788              		.loc 1 2921 11 view .LVU2324
 7789 002e 0420     		movs	r0, #4
 7790              	.LVL584:
2921:Modules/mpu6050/inv_mpu.c ****     else if (row[1] > 0)
 7791              		.loc 1 2921 11 view .LVU2325
 7792 0030 7047     		bx	lr
 7793              	.LVL585:
 7794              	.L619:
2925:Modules/mpu6050/inv_mpu.c ****     else if (row[2] > 0)
 7795              		.loc 1 2925 11 view .LVU2326
 7796 0032 0520     		movs	r0, #5
 7797              	.LVL586:
2925:Modules/mpu6050/inv_mpu.c ****     else if (row[2] > 0)
 7798              		.loc 1 2925 11 view .LVU2327
 7799 0034 7047     		bx	lr
 7800              	.LVL587:
 7801              	.L620:
2927:Modules/mpu6050/inv_mpu.c ****     else if (row[2] < 0)
 7802              		.loc 1 2927 11 view .LVU2328
 7803 0036 0220     		movs	r0, #2
 7804              	.LVL588:
2927:Modules/mpu6050/inv_mpu.c ****     else if (row[2] < 0)
 7805              		.loc 1 2927 11 view .LVU2329
 7806 0038 7047     		bx	lr
 7807              		.cfi_endproc
 7808              	.LFE116:
 7810              		.section	.text.inv_orientation_matrix_to_scalar,"ax",%progbits
 7811              		.align	1
 7812              		.global	inv_orientation_matrix_to_scalar
 7813              		.syntax unified
 7814              		.thumb
 7815              		.thumb_func
 7817              	inv_orientation_matrix_to_scalar:
 7818              	.LVL589:
 7819              	.LFB115:
2895:Modules/mpu6050/inv_mpu.c ****     unsigned short scalar;
 7820              		.loc 1 2895 1 is_stmt 1 view -0
 7821              		.cfi_startproc
 7822              		@ args = 0, pretend = 0, frame = 0
 7823              		@ frame_needed = 0, uses_anonymous_args = 0
2895:Modules/mpu6050/inv_mpu.c ****     unsigned short scalar;
 7824              		.loc 1 2895 1 is_stmt 0 view .LVU2331
 7825 0000 38B5     		push	{r3, r4, r5, lr}
 7826              	.LCFI148:
 7827              		.cfi_def_cfa_offset 16
 7828              		.cfi_offset 3, -16
 7829              		.cfi_offset 4, -12
 7830              		.cfi_offset 5, -8
 7831              		.cfi_offset 14, -4
 7832 0002 0546     		mov	r5, r0
2896:Modules/mpu6050/inv_mpu.c ****     /*
 7833              		.loc 1 2896 5 is_stmt 1 view .LVU2332
ARM GAS  C:\Users\FASCIN~1\AppData\Local\Temp\ccNBUjvk.s 			page 220


2906:Modules/mpu6050/inv_mpu.c ****     scalar |= inv_row_2_scale(mtx + 3) << 3;
 7834              		.loc 1 2906 5 view .LVU2333
2906:Modules/mpu6050/inv_mpu.c ****     scalar |= inv_row_2_scale(mtx + 3) << 3;
 7835              		.loc 1 2906 14 is_stmt 0 view .LVU2334
 7836 0004 FFF7FEFF 		bl	inv_row_2_scale
 7837              	.LVL590:
2906:Modules/mpu6050/inv_mpu.c ****     scalar |= inv_row_2_scale(mtx + 3) << 3;
 7838              		.loc 1 2906 14 view .LVU2335
 7839 0008 0446     		mov	r4, r0
 7840              	.LVL591:
2907:Modules/mpu6050/inv_mpu.c ****     scalar |= inv_row_2_scale(mtx + 6) << 6;
 7841              		.loc 1 2907 5 is_stmt 1 view .LVU2336
2907:Modules/mpu6050/inv_mpu.c ****     scalar |= inv_row_2_scale(mtx + 6) << 6;
 7842              		.loc 1 2907 15 is_stmt 0 view .LVU2337
 7843 000a E81C     		adds	r0, r5, #3
 7844 000c FFF7FEFF 		bl	inv_row_2_scale
 7845              	.LVL592:
2907:Modules/mpu6050/inv_mpu.c ****     scalar |= inv_row_2_scale(mtx + 6) << 6;
 7846              		.loc 1 2907 12 discriminator 1 view .LVU2338
 7847 0010 44EAC004 		orr	r4, r4, r0, lsl #3
 7848              	.LVL593:
2907:Modules/mpu6050/inv_mpu.c ****     scalar |= inv_row_2_scale(mtx + 6) << 6;
 7849              		.loc 1 2907 12 discriminator 1 view .LVU2339
 7850 0014 24B2     		sxth	r4, r4
 7851              	.LVL594:
2908:Modules/mpu6050/inv_mpu.c **** 
 7852              		.loc 1 2908 5 is_stmt 1 view .LVU2340
2908:Modules/mpu6050/inv_mpu.c **** 
 7853              		.loc 1 2908 15 is_stmt 0 view .LVU2341
 7854 0016 A81D     		adds	r0, r5, #6
 7855 0018 FFF7FEFF 		bl	inv_row_2_scale
 7856              	.LVL595:
2908:Modules/mpu6050/inv_mpu.c **** 
 7857              		.loc 1 2908 12 discriminator 1 view .LVU2342
 7858 001c 44EA8010 		orr	r0, r4, r0, lsl #6
 7859              	.LVL596:
2911:Modules/mpu6050/inv_mpu.c **** }
 7860              		.loc 1 2911 5 is_stmt 1 view .LVU2343
2912:Modules/mpu6050/inv_mpu.c **** //方向转换
 7861              		.loc 1 2912 1 is_stmt 0 view .LVU2344
 7862 0020 80B2     		uxth	r0, r0
2912:Modules/mpu6050/inv_mpu.c **** //方向转换
 7863              		.loc 1 2912 1 view .LVU2345
 7864 0022 38BD     		pop	{r3, r4, r5, pc}
2912:Modules/mpu6050/inv_mpu.c **** //方向转换
 7865              		.loc 1 2912 1 view .LVU2346
 7866              		.cfi_endproc
 7867              	.LFE115:
 7869              		.section	.text.mget_ms,"ax",%progbits
 7870              		.align	1
 7871              		.global	mget_ms
 7872              		.syntax unified
 7873              		.thumb
 7874              		.thumb_func
 7876              	mget_ms:
 7877              	.LVL597:
 7878              	.LFB117:
ARM GAS  C:\Users\FASCIN~1\AppData\Local\Temp\ccNBUjvk.s 			page 221


2934:Modules/mpu6050/inv_mpu.c **** //空函数,未用到.
2935:Modules/mpu6050/inv_mpu.c **** void mget_ms(unsigned long *time)
2936:Modules/mpu6050/inv_mpu.c **** {
 7879              		.loc 1 2936 1 is_stmt 1 view -0
 7880              		.cfi_startproc
 7881              		@ args = 0, pretend = 0, frame = 0
 7882              		@ frame_needed = 0, uses_anonymous_args = 0
 7883              		@ link register save eliminated.
2937:Modules/mpu6050/inv_mpu.c **** 
2938:Modules/mpu6050/inv_mpu.c **** }
 7884              		.loc 1 2938 1 view .LVU2348
 7885 0000 7047     		bx	lr
 7886              		.cfi_endproc
 7887              	.LFE117:
 7889              		.section	.text.mpu_dmp_init,"ax",%progbits
 7890              		.align	1
 7891              		.global	mpu_dmp_init
 7892              		.syntax unified
 7893              		.thumb
 7894              		.thumb_func
 7896              	mpu_dmp_init:
 7897              	.LFB118:
2939:Modules/mpu6050/inv_mpu.c **** //mpu6050,dmp初始化
2940:Modules/mpu6050/inv_mpu.c **** //返回值:0,正常
2941:Modules/mpu6050/inv_mpu.c **** //    其他,失败
2942:Modules/mpu6050/inv_mpu.c **** uint8_t mpu_dmp_init(void)
2943:Modules/mpu6050/inv_mpu.c **** {
 7898              		.loc 1 2943 1 view -0
 7899              		.cfi_startproc
 7900              		@ args = 0, pretend = 0, frame = 0
 7901              		@ frame_needed = 0, uses_anonymous_args = 0
 7902 0000 08B5     		push	{r3, lr}
 7903              	.LCFI149:
 7904              		.cfi_def_cfa_offset 8
 7905              		.cfi_offset 3, -8
 7906              		.cfi_offset 14, -4
2944:Modules/mpu6050/inv_mpu.c ****     uint8_t res=0;
 7907              		.loc 1 2944 5 view .LVU2350
 7908              	.LVL598:
2945:Modules/mpu6050/inv_mpu.c ****     MPU_IIC_Init(); 	//初始化IIC总线
 7909              		.loc 1 2945 5 view .LVU2351
 7910 0002 FFF7FEFF 		bl	IIC_GPIO_Init
 7911              	.LVL599:
2946:Modules/mpu6050/inv_mpu.c ****     if(mpu_init()==0)	//初始化MPU6050
 7912              		.loc 1 2946 5 view .LVU2352
 7913              		.loc 1 2946 8 is_stmt 0 view .LVU2353
 7914 0006 FFF7FEFF 		bl	mpu_init
 7915              	.LVL600:
 7916              		.loc 1 2946 7 discriminator 1 view .LVU2354
 7917 000a C0BB     		cbnz	r0, .L630
2947:Modules/mpu6050/inv_mpu.c ****     {
2948:Modules/mpu6050/inv_mpu.c ****         res=mpu_set_sensors(INV_XYZ_GYRO|INV_XYZ_ACCEL);//设置所需要的传感器
 7918              		.loc 1 2948 9 is_stmt 1 view .LVU2355
 7919              		.loc 1 2948 13 is_stmt 0 view .LVU2356
 7920 000c 7820     		movs	r0, #120
 7921 000e FFF7FEFF 		bl	mpu_set_sensors
 7922              	.LVL601:
ARM GAS  C:\Users\FASCIN~1\AppData\Local\Temp\ccNBUjvk.s 			page 222


2949:Modules/mpu6050/inv_mpu.c ****         if(res)return 1;
 7923              		.loc 1 2949 9 is_stmt 1 view .LVU2357
 7924              		.loc 1 2949 11 is_stmt 0 view .LVU2358
 7925 0012 10F0FF0F 		tst	r0, #255
 7926 0016 01D0     		beq	.L641
 7927              		.loc 1 2949 23 discriminator 1 view .LVU2359
 7928 0018 0120     		movs	r0, #1
 7929              	.LVL602:
 7930              		.loc 1 2949 23 discriminator 1 view .LVU2360
 7931 001a 31E0     		b	.L629
 7932              	.LVL603:
 7933              	.L641:
2950:Modules/mpu6050/inv_mpu.c ****         res=mpu_configure_fifo(INV_XYZ_GYRO|INV_XYZ_ACCEL);//设置FIFO
 7934              		.loc 1 2950 9 is_stmt 1 view .LVU2361
 7935              		.loc 1 2950 13 is_stmt 0 view .LVU2362
 7936 001c 7820     		movs	r0, #120
 7937              	.LVL604:
 7938              		.loc 1 2950 13 view .LVU2363
 7939 001e FFF7FEFF 		bl	mpu_configure_fifo
 7940              	.LVL605:
2951:Modules/mpu6050/inv_mpu.c ****         if(res)return 2;
 7941              		.loc 1 2951 9 is_stmt 1 view .LVU2364
 7942              		.loc 1 2951 11 is_stmt 0 view .LVU2365
 7943 0022 10F0FF0F 		tst	r0, #255
 7944 0026 2CD1     		bne	.L632
2952:Modules/mpu6050/inv_mpu.c ****         res=mpu_set_sample_rate(DEFAULT_MPU_HZ);	//设置采样率
 7945              		.loc 1 2952 9 is_stmt 1 view .LVU2366
 7946              		.loc 1 2952 13 is_stmt 0 view .LVU2367
 7947 0028 6420     		movs	r0, #100
 7948              	.LVL606:
 7949              		.loc 1 2952 13 view .LVU2368
 7950 002a FFF7FEFF 		bl	mpu_set_sample_rate
 7951              	.LVL607:
2953:Modules/mpu6050/inv_mpu.c ****         if(res)return 3;
 7952              		.loc 1 2953 9 is_stmt 1 view .LVU2369
 7953              		.loc 1 2953 11 is_stmt 0 view .LVU2370
 7954 002e 10F0FF0F 		tst	r0, #255
 7955 0032 28D1     		bne	.L633
2954:Modules/mpu6050/inv_mpu.c ****         res=dmp_load_motion_driver_firmware();		//加载dmp固件
 7956              		.loc 1 2954 9 is_stmt 1 view .LVU2371
 7957              		.loc 1 2954 13 is_stmt 0 view .LVU2372
 7958 0034 FFF7FEFF 		bl	dmp_load_motion_driver_firmware
 7959              	.LVL608:
2955:Modules/mpu6050/inv_mpu.c ****         if(res)return 4;
 7960              		.loc 1 2955 9 is_stmt 1 view .LVU2373
 7961              		.loc 1 2955 11 is_stmt 0 view .LVU2374
 7962 0038 10F0FF0F 		tst	r0, #255
 7963 003c 25D1     		bne	.L634
2956:Modules/mpu6050/inv_mpu.c ****         res=dmp_set_orientation(inv_orientation_matrix_to_scalar(gyro_orientation));//设置陀螺�
 7964              		.loc 1 2956 9 is_stmt 1 view .LVU2375
 7965              		.loc 1 2956 13 is_stmt 0 view .LVU2376
 7966 003e 1848     		ldr	r0, .L642
 7967              	.LVL609:
 7968              		.loc 1 2956 13 view .LVU2377
 7969 0040 FFF7FEFF 		bl	inv_orientation_matrix_to_scalar
 7970              	.LVL610:
 7971              		.loc 1 2956 13 discriminator 1 view .LVU2378
ARM GAS  C:\Users\FASCIN~1\AppData\Local\Temp\ccNBUjvk.s 			page 223


 7972 0044 FFF7FEFF 		bl	dmp_set_orientation
 7973              	.LVL611:
2957:Modules/mpu6050/inv_mpu.c ****         if(res)return 5;
 7974              		.loc 1 2957 9 is_stmt 1 view .LVU2379
 7975              		.loc 1 2957 11 is_stmt 0 view .LVU2380
 7976 0048 10F0FF0F 		tst	r0, #255
 7977 004c 1FD1     		bne	.L635
2958:Modules/mpu6050/inv_mpu.c ****         res=dmp_enable_feature(DMP_FEATURE_6X_LP_QUAT|DMP_FEATURE_TAP|	//设置dmp功能
 7978              		.loc 1 2958 9 is_stmt 1 view .LVU2381
 7979              		.loc 1 2958 13 is_stmt 0 view .LVU2382
 7980 004e 40F27310 		movw	r0, #371
 7981              	.LVL612:
 7982              		.loc 1 2958 13 view .LVU2383
 7983 0052 FFF7FEFF 		bl	dmp_enable_feature
 7984              	.LVL613:
2959:Modules/mpu6050/inv_mpu.c ****                                DMP_FEATURE_ANDROID_ORIENT|DMP_FEATURE_SEND_RAW_ACCEL|DMP_FEATURE_SE
2960:Modules/mpu6050/inv_mpu.c ****                                DMP_FEATURE_GYRO_CAL);
2961:Modules/mpu6050/inv_mpu.c ****         if(res)return 6;
 7985              		.loc 1 2961 9 is_stmt 1 view .LVU2384
 7986              		.loc 1 2961 11 is_stmt 0 view .LVU2385
 7987 0056 10F0FF0F 		tst	r0, #255
 7988 005a 1AD1     		bne	.L636
2962:Modules/mpu6050/inv_mpu.c ****         res=dmp_set_fifo_rate(DEFAULT_MPU_HZ);	//设置DMP输出速率(最大不超过200Hz)
 7989              		.loc 1 2962 9 is_stmt 1 view .LVU2386
 7990              		.loc 1 2962 13 is_stmt 0 view .LVU2387
 7991 005c 6420     		movs	r0, #100
 7992              	.LVL614:
 7993              		.loc 1 2962 13 view .LVU2388
 7994 005e FFF7FEFF 		bl	dmp_set_fifo_rate
 7995              	.LVL615:
2963:Modules/mpu6050/inv_mpu.c ****         if(res)return 7;
 7996              		.loc 1 2963 9 is_stmt 1 view .LVU2389
 7997              		.loc 1 2963 11 is_stmt 0 view .LVU2390
 7998 0062 10F0FF0F 		tst	r0, #255
 7999 0066 16D1     		bne	.L637
2964:Modules/mpu6050/inv_mpu.c ****         res=run_self_test();		//自检
 8000              		.loc 1 2964 9 is_stmt 1 view .LVU2391
 8001              		.loc 1 2964 13 is_stmt 0 view .LVU2392
 8002 0068 FFF7FEFF 		bl	run_self_test
 8003              	.LVL616:
2965:Modules/mpu6050/inv_mpu.c ****         if(res)return 8;
 8004              		.loc 1 2965 9 is_stmt 1 view .LVU2393
 8005              		.loc 1 2965 11 is_stmt 0 view .LVU2394
 8006 006c A8B9     		cbnz	r0, .L638
2966:Modules/mpu6050/inv_mpu.c ****         res=mpu_set_dmp_state(1);	//使能DMP
 8007              		.loc 1 2966 9 is_stmt 1 view .LVU2395
 8008              		.loc 1 2966 13 is_stmt 0 view .LVU2396
 8009 006e 0120     		movs	r0, #1
 8010              	.LVL617:
 8011              		.loc 1 2966 13 view .LVU2397
 8012 0070 FFF7FEFF 		bl	mpu_set_dmp_state
 8013              	.LVL618:
2967:Modules/mpu6050/inv_mpu.c ****         if(res)return 9;
 8014              		.loc 1 2967 9 is_stmt 1 view .LVU2398
 8015              		.loc 1 2967 11 is_stmt 0 view .LVU2399
 8016 0074 10F0FF00 		ands	r0, r0, #255
 8017              	.LVL619:
ARM GAS  C:\Users\FASCIN~1\AppData\Local\Temp\ccNBUjvk.s 			page 224


 8018              		.loc 1 2967 11 view .LVU2400
 8019 0078 02D0     		beq	.L629
 8020              		.loc 1 2967 23 discriminator 1 view .LVU2401
 8021 007a 0920     		movs	r0, #9
 8022 007c 00E0     		b	.L629
 8023              	.LVL620:
 8024              	.L630:
2968:Modules/mpu6050/inv_mpu.c ****     } else return 10;
 8025              		.loc 1 2968 19 view .LVU2402
 8026 007e 0A20     		movs	r0, #10
 8027              	.LVL621:
 8028              	.L629:
2969:Modules/mpu6050/inv_mpu.c ****     return 0;
2970:Modules/mpu6050/inv_mpu.c **** }
 8029              		.loc 1 2970 1 view .LVU2403
 8030 0080 08BD     		pop	{r3, pc}
 8031              	.LVL622:
 8032              	.L632:
2951:Modules/mpu6050/inv_mpu.c ****         res=mpu_set_sample_rate(DEFAULT_MPU_HZ);	//设置采样率
 8033              		.loc 1 2951 23 discriminator 1 view .LVU2404
 8034 0082 0220     		movs	r0, #2
 8035              	.LVL623:
2951:Modules/mpu6050/inv_mpu.c ****         res=mpu_set_sample_rate(DEFAULT_MPU_HZ);	//设置采样率
 8036              		.loc 1 2951 23 discriminator 1 view .LVU2405
 8037 0084 FCE7     		b	.L629
 8038              	.LVL624:
 8039              	.L633:
2953:Modules/mpu6050/inv_mpu.c ****         res=dmp_load_motion_driver_firmware();		//加载dmp固件
 8040              		.loc 1 2953 23 discriminator 1 view .LVU2406
 8041 0086 0320     		movs	r0, #3
 8042              	.LVL625:
2953:Modules/mpu6050/inv_mpu.c ****         res=dmp_load_motion_driver_firmware();		//加载dmp固件
 8043              		.loc 1 2953 23 discriminator 1 view .LVU2407
 8044 0088 FAE7     		b	.L629
 8045              	.LVL626:
 8046              	.L634:
2955:Modules/mpu6050/inv_mpu.c ****         res=dmp_set_orientation(inv_orientation_matrix_to_scalar(gyro_orientation));//设置陀螺�
 8047              		.loc 1 2955 23 discriminator 1 view .LVU2408
 8048 008a 0420     		movs	r0, #4
 8049              	.LVL627:
2955:Modules/mpu6050/inv_mpu.c ****         res=dmp_set_orientation(inv_orientation_matrix_to_scalar(gyro_orientation));//设置陀螺�
 8050              		.loc 1 2955 23 discriminator 1 view .LVU2409
 8051 008c F8E7     		b	.L629
 8052              	.LVL628:
 8053              	.L635:
2957:Modules/mpu6050/inv_mpu.c ****         res=dmp_enable_feature(DMP_FEATURE_6X_LP_QUAT|DMP_FEATURE_TAP|	//设置dmp功能
 8054              		.loc 1 2957 23 discriminator 1 view .LVU2410
 8055 008e 0520     		movs	r0, #5
 8056              	.LVL629:
2957:Modules/mpu6050/inv_mpu.c ****         res=dmp_enable_feature(DMP_FEATURE_6X_LP_QUAT|DMP_FEATURE_TAP|	//设置dmp功能
 8057              		.loc 1 2957 23 discriminator 1 view .LVU2411
 8058 0090 F6E7     		b	.L629
 8059              	.LVL630:
 8060              	.L636:
2961:Modules/mpu6050/inv_mpu.c ****         res=dmp_set_fifo_rate(DEFAULT_MPU_HZ);	//设置DMP输出速率(最大不超过200Hz)
 8061              		.loc 1 2961 23 discriminator 1 view .LVU2412
 8062 0092 0620     		movs	r0, #6
ARM GAS  C:\Users\FASCIN~1\AppData\Local\Temp\ccNBUjvk.s 			page 225


 8063              	.LVL631:
2961:Modules/mpu6050/inv_mpu.c ****         res=dmp_set_fifo_rate(DEFAULT_MPU_HZ);	//设置DMP输出速率(最大不超过200Hz)
 8064              		.loc 1 2961 23 discriminator 1 view .LVU2413
 8065 0094 F4E7     		b	.L629
 8066              	.LVL632:
 8067              	.L637:
2963:Modules/mpu6050/inv_mpu.c ****         res=run_self_test();		//自检
 8068              		.loc 1 2963 23 discriminator 1 view .LVU2414
 8069 0096 0720     		movs	r0, #7
 8070              	.LVL633:
2963:Modules/mpu6050/inv_mpu.c ****         res=run_self_test();		//自检
 8071              		.loc 1 2963 23 discriminator 1 view .LVU2415
 8072 0098 F2E7     		b	.L629
 8073              	.LVL634:
 8074              	.L638:
2965:Modules/mpu6050/inv_mpu.c ****         res=mpu_set_dmp_state(1);	//使能DMP
 8075              		.loc 1 2965 23 discriminator 1 view .LVU2416
 8076 009a 0820     		movs	r0, #8
 8077              	.LVL635:
2965:Modules/mpu6050/inv_mpu.c ****         res=mpu_set_dmp_state(1);	//使能DMP
 8078              		.loc 1 2965 23 discriminator 1 view .LVU2417
 8079 009c F0E7     		b	.L629
 8080              	.L643:
 8081 009e 00BF     		.align	2
 8082              	.L642:
 8083 00a0 00000000 		.word	gyro_orientation
 8084              		.cfi_endproc
 8085              	.LFE118:
 8087              		.global	__aeabi_f2d
 8088              		.global	__aeabi_dmul
 8089              		.global	__aeabi_d2f
 8090              		.section	.text.mpu_dmp_get_data,"ax",%progbits
 8091              		.align	1
 8092              		.global	mpu_dmp_get_data
 8093              		.syntax unified
 8094              		.thumb
 8095              		.thumb_func
 8097              	mpu_dmp_get_data:
 8098              	.LVL636:
 8099              	.LFB119:
2971:Modules/mpu6050/inv_mpu.c **** //得到dmp处理后的数据(注意,本函数需要比较多堆栈,局部变量有点多)
2972:Modules/mpu6050/inv_mpu.c **** //pitch:俯仰角 精度:0.1°   范围:-90.0° <---> +90.0°
2973:Modules/mpu6050/inv_mpu.c **** //roll:横滚角  精度:0.1°   范围:-180.0°<---> +180.0°
2974:Modules/mpu6050/inv_mpu.c **** //yaw:航向角   精度:0.1°   范围:-180.0°<---> +180.0°
2975:Modules/mpu6050/inv_mpu.c **** //返回值:0,正常
2976:Modules/mpu6050/inv_mpu.c **** //    其他,失败
2977:Modules/mpu6050/inv_mpu.c **** uint8_t mpu_dmp_get_data(float *pitch,float *roll,float *yaw)
2978:Modules/mpu6050/inv_mpu.c **** {
 8100              		.loc 1 2978 1 is_stmt 1 view -0
 8101              		.cfi_startproc
 8102              		@ args = 0, pretend = 0, frame = 48
 8103              		@ frame_needed = 0, uses_anonymous_args = 0
 8104              		.loc 1 2978 1 is_stmt 0 view .LVU2419
 8105 0000 2DE9F04F 		push	{r4, r5, r6, r7, r8, r9, r10, fp, lr}
 8106              	.LCFI150:
 8107              		.cfi_def_cfa_offset 36
 8108              		.cfi_offset 4, -36
ARM GAS  C:\Users\FASCIN~1\AppData\Local\Temp\ccNBUjvk.s 			page 226


 8109              		.cfi_offset 5, -32
 8110              		.cfi_offset 6, -28
 8111              		.cfi_offset 7, -24
 8112              		.cfi_offset 8, -20
 8113              		.cfi_offset 9, -16
 8114              		.cfi_offset 10, -12
 8115              		.cfi_offset 11, -8
 8116              		.cfi_offset 14, -4
 8117 0004 8FB0     		sub	sp, sp, #60
 8118              	.LCFI151:
 8119              		.cfi_def_cfa_offset 96
 8120 0006 0646     		mov	r6, r0
 8121 0008 0291     		str	r1, [sp, #8]
 8122 000a 9346     		mov	fp, r2
2979:Modules/mpu6050/inv_mpu.c ****     float q0=1.0f,q1=0.0f,q2=0.0f,q3=0.0f;
 8123              		.loc 1 2979 5 is_stmt 1 view .LVU2420
 8124              	.LVL637:
2980:Modules/mpu6050/inv_mpu.c ****     unsigned long sensor_timestamp;
 8125              		.loc 1 2980 5 view .LVU2421
2981:Modules/mpu6050/inv_mpu.c ****     short gyro[3], accel[3], sensors;
 8126              		.loc 1 2981 5 view .LVU2422
2982:Modules/mpu6050/inv_mpu.c ****     unsigned char more;
 8127              		.loc 1 2982 5 view .LVU2423
2983:Modules/mpu6050/inv_mpu.c ****     long quat[4];
 8128              		.loc 1 2983 5 view .LVU2424
2984:Modules/mpu6050/inv_mpu.c ****     if(dmp_read_fifo(gyro, accel, quat, &sensor_timestamp, &sensors,&more))return 1;
 8129              		.loc 1 2984 5 view .LVU2425
 8130              		.loc 1 2984 8 is_stmt 0 view .LVU2426
 8131 000c 0DF12103 		add	r3, sp, #33
 8132 0010 0193     		str	r3, [sp, #4]
 8133 0012 0DF12203 		add	r3, sp, #34
 8134 0016 0093     		str	r3, [sp]
 8135 0018 0DAB     		add	r3, sp, #52
 8136 001a 04AA     		add	r2, sp, #16
 8137              	.LVL638:
 8138              		.loc 1 2984 8 view .LVU2427
 8139 001c 09A9     		add	r1, sp, #36
 8140              	.LVL639:
 8141              		.loc 1 2984 8 view .LVU2428
 8142 001e 0BA8     		add	r0, sp, #44
 8143              	.LVL640:
 8144              		.loc 1 2984 8 view .LVU2429
 8145 0020 FFF7FEFF 		bl	dmp_read_fifo
 8146              	.LVL641:
 8147              		.loc 1 2984 7 discriminator 1 view .LVU2430
 8148 0024 0028     		cmp	r0, #0
 8149 0026 40F0C780 		bne	.L646
2985:Modules/mpu6050/inv_mpu.c ****     /* Gyro and accel data are written to the FIFO by the DMP in chip frame and hardware units.
2986:Modules/mpu6050/inv_mpu.c ****      * This behavior is convenient because it keeps the gyro and accel outputs of dmp_read_fifo and
2987:Modules/mpu6050/inv_mpu.c ****     **/
2988:Modules/mpu6050/inv_mpu.c ****     /*if (sensors & INV_XYZ_GYRO )
2989:Modules/mpu6050/inv_mpu.c ****     send_packet(PACKET_TYPE_GYRO, gyro);
2990:Modules/mpu6050/inv_mpu.c ****     if (sensors & INV_XYZ_ACCEL)
2991:Modules/mpu6050/inv_mpu.c ****     send_packet(PACKET_TYPE_ACCEL, accel); */
2992:Modules/mpu6050/inv_mpu.c ****     /* Unlike gyro and accel, quaternions are written to the FIFO in the body frame, q30.
2993:Modules/mpu6050/inv_mpu.c ****      * The orientation is set by the scalar passed to dmp_set_orientation during initialization.
2994:Modules/mpu6050/inv_mpu.c ****     **/
ARM GAS  C:\Users\FASCIN~1\AppData\Local\Temp\ccNBUjvk.s 			page 227


2995:Modules/mpu6050/inv_mpu.c ****     if(sensors&INV_WXYZ_QUAT)
 8150              		.loc 1 2995 5 is_stmt 1 view .LVU2431
 8151              		.loc 1 2995 15 is_stmt 0 view .LVU2432
 8152 002a BDF92230 		ldrsh	r3, [sp, #34]
 8153              		.loc 1 2995 7 view .LVU2433
 8154 002e 13F4807F 		tst	r3, #256
 8155 0032 00F0C380 		beq	.L647
2996:Modules/mpu6050/inv_mpu.c ****     {
2997:Modules/mpu6050/inv_mpu.c ****         q0 = quat[0] / q30;	//q30格式转换为浮点数
 8156              		.loc 1 2997 9 is_stmt 1 view .LVU2434
 8157              		.loc 1 2997 22 is_stmt 0 view .LVU2435
 8158 0036 0498     		ldr	r0, [sp, #16]
 8159 0038 FFF7FEFF 		bl	__aeabi_i2f
 8160              	.LVL642:
 8161              		.loc 1 2997 12 view .LVU2436
 8162 003c 4FF04251 		mov	r1, #813694976
 8163 0040 FFF7FEFF 		bl	__aeabi_fmul
 8164              	.LVL643:
 8165 0044 8246     		mov	r10, r0
 8166              	.LVL644:
2998:Modules/mpu6050/inv_mpu.c ****         q1 = quat[1] / q30;
 8167              		.loc 1 2998 9 is_stmt 1 view .LVU2437
 8168              		.loc 1 2998 22 is_stmt 0 view .LVU2438
 8169 0046 0598     		ldr	r0, [sp, #20]
 8170              	.LVL645:
 8171              		.loc 1 2998 22 view .LVU2439
 8172 0048 FFF7FEFF 		bl	__aeabi_i2f
 8173              	.LVL646:
 8174              		.loc 1 2998 12 view .LVU2440
 8175 004c 4FF04251 		mov	r1, #813694976
 8176 0050 FFF7FEFF 		bl	__aeabi_fmul
 8177              	.LVL647:
 8178 0054 0546     		mov	r5, r0
 8179              	.LVL648:
2999:Modules/mpu6050/inv_mpu.c ****         q2 = quat[2] / q30;
 8180              		.loc 1 2999 9 is_stmt 1 view .LVU2441
 8181              		.loc 1 2999 22 is_stmt 0 view .LVU2442
 8182 0056 0698     		ldr	r0, [sp, #24]
 8183              	.LVL649:
 8184              		.loc 1 2999 22 view .LVU2443
 8185 0058 FFF7FEFF 		bl	__aeabi_i2f
 8186              	.LVL650:
 8187              		.loc 1 2999 12 view .LVU2444
 8188 005c 4FF04251 		mov	r1, #813694976
 8189 0060 FFF7FEFF 		bl	__aeabi_fmul
 8190              	.LVL651:
 8191 0064 0446     		mov	r4, r0
 8192              	.LVL652:
3000:Modules/mpu6050/inv_mpu.c ****         q3 = quat[3] / q30;
 8193              		.loc 1 3000 9 is_stmt 1 view .LVU2445
 8194              		.loc 1 3000 22 is_stmt 0 view .LVU2446
 8195 0066 0798     		ldr	r0, [sp, #28]
 8196              	.LVL653:
 8197              		.loc 1 3000 22 view .LVU2447
 8198 0068 FFF7FEFF 		bl	__aeabi_i2f
 8199              	.LVL654:
 8200              		.loc 1 3000 12 view .LVU2448
ARM GAS  C:\Users\FASCIN~1\AppData\Local\Temp\ccNBUjvk.s 			page 228


 8201 006c 4FF04251 		mov	r1, #813694976
 8202 0070 FFF7FEFF 		bl	__aeabi_fmul
 8203              	.LVL655:
 8204 0074 0746     		mov	r7, r0
 8205              	.LVL656:
3001:Modules/mpu6050/inv_mpu.c ****         //计算得到俯仰角/横滚角/航向角
3002:Modules/mpu6050/inv_mpu.c ****         *pitch = asin(-2 * q1 * q3 + 2 * q0* q2)* 57.3;	// pitch
 8206              		.loc 1 3002 9 is_stmt 1 view .LVU2449
 8207              		.loc 1 3002 26 is_stmt 0 view .LVU2450
 8208 0076 4FF04041 		mov	r1, #-1073741824
 8209 007a 2846     		mov	r0, r5
 8210              	.LVL657:
 8211              		.loc 1 3002 26 view .LVU2451
 8212 007c FFF7FEFF 		bl	__aeabi_fmul
 8213              	.LVL658:
 8214 0080 8146     		mov	r9, r0
 8215              		.loc 1 3002 31 view .LVU2452
 8216 0082 3946     		mov	r1, r7
 8217 0084 FFF7FEFF 		bl	__aeabi_fmul
 8218              	.LVL659:
 8219 0088 8046     		mov	r8, r0
 8220              		.loc 1 3002 40 view .LVU2453
 8221 008a 5146     		mov	r1, r10
 8222 008c 5046     		mov	r0, r10
 8223 008e FFF7FEFF 		bl	__aeabi_fadd
 8224              	.LVL660:
 8225 0092 0390     		str	r0, [sp, #12]	@ float
 8226              		.loc 1 3002 44 view .LVU2454
 8227 0094 2146     		mov	r1, r4
 8228 0096 FFF7FEFF 		bl	__aeabi_fmul
 8229              	.LVL661:
 8230 009a 0146     		mov	r1, r0
 8231              		.loc 1 3002 36 view .LVU2455
 8232 009c 4046     		mov	r0, r8
 8233 009e FFF7FEFF 		bl	__aeabi_fadd
 8234              	.LVL662:
 8235              		.loc 1 3002 18 view .LVU2456
 8236 00a2 FFF7FEFF 		bl	__aeabi_f2d
 8237              	.LVL663:
 8238 00a6 FFF7FEFF 		bl	asin
 8239              	.LVL664:
 8240              		.loc 1 3002 49 discriminator 1 view .LVU2457
 8241 00aa 45A3     		adr	r3, .L649
 8242 00ac D3E90023 		ldrd	r2, [r3]
 8243 00b0 FFF7FEFF 		bl	__aeabi_dmul
 8244              	.LVL665:
 8245 00b4 FFF7FEFF 		bl	__aeabi_d2f
 8246              	.LVL666:
 8247              		.loc 1 3002 16 discriminator 1 view .LVU2458
 8248 00b8 3060     		str	r0, [r6]	@ float
3003:Modules/mpu6050/inv_mpu.c ****         *roll  = atan2(2 * q2 * q3 + 2 * q0 * q1, -2 * q1 * q1 - 2 * q2* q2 + 1)* 57.3;	// roll
 8249              		.loc 1 3003 9 is_stmt 1 view .LVU2459
 8250              		.loc 1 3003 26 is_stmt 0 view .LVU2460
 8251 00ba 2146     		mov	r1, r4
 8252 00bc 2046     		mov	r0, r4
 8253 00be FFF7FEFF 		bl	__aeabi_fadd
 8254              	.LVL667:
ARM GAS  C:\Users\FASCIN~1\AppData\Local\Temp\ccNBUjvk.s 			page 229


 8255 00c2 8046     		mov	r8, r0
 8256              		.loc 1 3003 31 view .LVU2461
 8257 00c4 3946     		mov	r1, r7
 8258 00c6 FFF7FEFF 		bl	__aeabi_fmul
 8259              	.LVL668:
 8260 00ca 0646     		mov	r6, r0
 8261              	.LVL669:
 8262              		.loc 1 3003 45 view .LVU2462
 8263 00cc 2946     		mov	r1, r5
 8264 00ce 0398     		ldr	r0, [sp, #12]	@ float
 8265 00d0 FFF7FEFF 		bl	__aeabi_fmul
 8266              	.LVL670:
 8267 00d4 0146     		mov	r1, r0
 8268              		.loc 1 3003 36 view .LVU2463
 8269 00d6 3046     		mov	r0, r6
 8270 00d8 FFF7FEFF 		bl	__aeabi_fadd
 8271              	.LVL671:
 8272 00dc 0646     		mov	r6, r0
 8273              		.loc 1 3003 59 view .LVU2464
 8274 00de 2946     		mov	r1, r5
 8275 00e0 4846     		mov	r0, r9
 8276 00e2 FFF7FEFF 		bl	__aeabi_fmul
 8277              	.LVL672:
 8278 00e6 8146     		mov	r9, r0
 8279              		.loc 1 3003 72 view .LVU2465
 8280 00e8 2146     		mov	r1, r4
 8281 00ea 4046     		mov	r0, r8
 8282 00ec FFF7FEFF 		bl	__aeabi_fmul
 8283              	.LVL673:
 8284 00f0 0146     		mov	r1, r0
 8285              		.loc 1 3003 64 view .LVU2466
 8286 00f2 4846     		mov	r0, r9
 8287 00f4 FFF7FEFF 		bl	__aeabi_fsub
 8288              	.LVL674:
 8289              		.loc 1 3003 77 view .LVU2467
 8290 00f8 4FF07E51 		mov	r1, #1065353216
 8291 00fc FFF7FEFF 		bl	__aeabi_fadd
 8292              	.LVL675:
 8293              		.loc 1 3003 18 view .LVU2468
 8294 0100 FFF7FEFF 		bl	__aeabi_f2d
 8295              	.LVL676:
 8296 0104 8046     		mov	r8, r0
 8297 0106 8946     		mov	r9, r1
 8298 0108 3046     		mov	r0, r6
 8299 010a FFF7FEFF 		bl	__aeabi_f2d
 8300              	.LVL677:
 8301 010e 4246     		mov	r2, r8
 8302 0110 4B46     		mov	r3, r9
 8303 0112 FFF7FEFF 		bl	atan2
 8304              	.LVL678:
 8305              		.loc 1 3003 81 discriminator 1 view .LVU2469
 8306 0116 2AA3     		adr	r3, .L649
 8307 0118 D3E90023 		ldrd	r2, [r3]
 8308 011c FFF7FEFF 		bl	__aeabi_dmul
 8309              	.LVL679:
 8310 0120 FFF7FEFF 		bl	__aeabi_d2f
 8311              	.LVL680:
ARM GAS  C:\Users\FASCIN~1\AppData\Local\Temp\ccNBUjvk.s 			page 230


 8312              		.loc 1 3003 16 discriminator 1 view .LVU2470
 8313 0124 029B     		ldr	r3, [sp, #8]
 8314 0126 1860     		str	r0, [r3]	@ float
3004:Modules/mpu6050/inv_mpu.c ****         *yaw   = atan2(2*(q1*q2 + q0*q3),q0*q0+q1*q1-q2*q2-q3*q3) * 57.3;	//yaw
 8315              		.loc 1 3004 9 is_stmt 1 view .LVU2471
 8316              		.loc 1 3004 29 is_stmt 0 view .LVU2472
 8317 0128 2146     		mov	r1, r4
 8318 012a 2846     		mov	r0, r5
 8319 012c FFF7FEFF 		bl	__aeabi_fmul
 8320              	.LVL681:
 8321 0130 0646     		mov	r6, r0
 8322              		.loc 1 3004 37 view .LVU2473
 8323 0132 3946     		mov	r1, r7
 8324 0134 5046     		mov	r0, r10
 8325 0136 FFF7FEFF 		bl	__aeabi_fmul
 8326              	.LVL682:
 8327 013a 0146     		mov	r1, r0
 8328              		.loc 1 3004 33 view .LVU2474
 8329 013c 3046     		mov	r0, r6
 8330 013e FFF7FEFF 		bl	__aeabi_fadd
 8331              	.LVL683:
 8332 0142 0146     		mov	r1, r0
 8333              		.loc 1 3004 25 view .LVU2475
 8334 0144 FFF7FEFF 		bl	__aeabi_fadd
 8335              	.LVL684:
 8336 0148 0646     		mov	r6, r0
 8337              		.loc 1 3004 44 view .LVU2476
 8338 014a 5146     		mov	r1, r10
 8339 014c 5046     		mov	r0, r10
 8340 014e FFF7FEFF 		bl	__aeabi_fmul
 8341              	.LVL685:
 8342 0152 8046     		mov	r8, r0
 8343              		.loc 1 3004 50 view .LVU2477
 8344 0154 2946     		mov	r1, r5
 8345 0156 2846     		mov	r0, r5
 8346 0158 FFF7FEFF 		bl	__aeabi_fmul
 8347              	.LVL686:
 8348 015c 0146     		mov	r1, r0
 8349              		.loc 1 3004 47 view .LVU2478
 8350 015e 4046     		mov	r0, r8
 8351 0160 FFF7FEFF 		bl	__aeabi_fadd
 8352              	.LVL687:
 8353 0164 0546     		mov	r5, r0
 8354              	.LVL688:
 8355              		.loc 1 3004 56 view .LVU2479
 8356 0166 2146     		mov	r1, r4
 8357 0168 2046     		mov	r0, r4
 8358 016a FFF7FEFF 		bl	__aeabi_fmul
 8359              	.LVL689:
 8360 016e 0146     		mov	r1, r0
 8361              		.loc 1 3004 53 view .LVU2480
 8362 0170 2846     		mov	r0, r5
 8363 0172 FFF7FEFF 		bl	__aeabi_fsub
 8364              	.LVL690:
 8365 0176 0446     		mov	r4, r0
 8366              	.LVL691:
 8367              		.loc 1 3004 62 view .LVU2481
ARM GAS  C:\Users\FASCIN~1\AppData\Local\Temp\ccNBUjvk.s 			page 231


 8368 0178 3946     		mov	r1, r7
 8369 017a 3846     		mov	r0, r7
 8370 017c FFF7FEFF 		bl	__aeabi_fmul
 8371              	.LVL692:
 8372 0180 0146     		mov	r1, r0
 8373              		.loc 1 3004 59 view .LVU2482
 8374 0182 2046     		mov	r0, r4
 8375 0184 FFF7FEFF 		bl	__aeabi_fsub
 8376              	.LVL693:
 8377              		.loc 1 3004 18 view .LVU2483
 8378 0188 FFF7FEFF 		bl	__aeabi_f2d
 8379              	.LVL694:
 8380 018c 0446     		mov	r4, r0
 8381 018e 0D46     		mov	r5, r1
 8382 0190 3046     		mov	r0, r6
 8383 0192 FFF7FEFF 		bl	__aeabi_f2d
 8384              	.LVL695:
 8385 0196 2246     		mov	r2, r4
 8386 0198 2B46     		mov	r3, r5
 8387 019a FFF7FEFF 		bl	atan2
 8388              	.LVL696:
 8389              		.loc 1 3004 67 discriminator 1 view .LVU2484
 8390 019e 08A3     		adr	r3, .L649
 8391 01a0 D3E90023 		ldrd	r2, [r3]
 8392 01a4 FFF7FEFF 		bl	__aeabi_dmul
 8393              	.LVL697:
 8394 01a8 FFF7FEFF 		bl	__aeabi_d2f
 8395              	.LVL698:
 8396              		.loc 1 3004 16 discriminator 1 view .LVU2485
 8397 01ac CBF80000 		str	r0, [fp]	@ float
3005:Modules/mpu6050/inv_mpu.c ****     } else return 2;
3006:Modules/mpu6050/inv_mpu.c ****     return 0;
 8398              		.loc 1 3006 5 is_stmt 1 view .LVU2486
 8399              		.loc 1 3006 12 is_stmt 0 view .LVU2487
 8400 01b0 0020     		movs	r0, #0
 8401              	.LVL699:
 8402              	.L645:
3007:Modules/mpu6050/inv_mpu.c **** }
 8403              		.loc 1 3007 1 view .LVU2488
 8404 01b2 0FB0     		add	sp, sp, #60
 8405              	.LCFI152:
 8406              		.cfi_remember_state
 8407              		.cfi_def_cfa_offset 36
 8408              		@ sp needed
 8409 01b4 BDE8F08F 		pop	{r4, r5, r6, r7, r8, r9, r10, fp, pc}
 8410              	.LVL700:
 8411              	.L646:
 8412              	.LCFI153:
 8413              		.cfi_restore_state
2984:Modules/mpu6050/inv_mpu.c ****     /* Gyro and accel data are written to the FIFO by the DMP in chip frame and hardware units.
 8414              		.loc 1 2984 83 discriminator 1 view .LVU2489
 8415 01b8 0120     		movs	r0, #1
 8416 01ba FAE7     		b	.L645
 8417              	.L647:
3005:Modules/mpu6050/inv_mpu.c ****     } else return 2;
 8418              		.loc 1 3005 19 view .LVU2490
 8419 01bc 0220     		movs	r0, #2
ARM GAS  C:\Users\FASCIN~1\AppData\Local\Temp\ccNBUjvk.s 			page 232


 8420 01be F8E7     		b	.L645
 8421              	.L650:
 8422              		.align	3
 8423              	.L649:
 8424 01c0 66666666 		.word	1717986918
 8425 01c4 66A64C40 		.word	1078765158
 8426              		.cfi_endproc
 8427              	.LFE119:
 8429              		.section	.data.gyro_orientation,"aw"
 8430              		.align	2
 8433              	gyro_orientation:
 8434 0000 01000000 		.ascii	"\001\000\000\000\001\000\000\000\001"
 8434      01000000 
 8434      01
 8435              		.section	.data.st,"aw"
 8436              		.align	2
 8439              	st:
 8440 0000 00000000 		.word	reg
 8441 0004 00000000 		.word	hw
 8442 0008 00       		.byte	0
 8443 0009 00000000 		.space	31
 8443      00000000 
 8443      00000000 
 8443      00000000 
 8443      00000000 
 8444 0028 00000000 		.word	test
 8445              		.global	test
 8446              		.section	.rodata.test,"a"
 8447              		.align	2
 8450              	test:
 8451 0000 83000000 		.word	131
 8452 0004 00080000 		.word	2048
 8453 0008 00       		.byte	0
 8454 0009 01       		.byte	1
 8455 000a 00       		.byte	0
 8456 000b 18       		.byte	24
 8457 000c 3200     		.short	50
 8458 000e 05       		.byte	5
 8459 000f 00       		.space	1
 8460 0010 00002041 		.word	1092616192
 8461 0014 0000D242 		.word	1121058816
 8462 0018 295C0F3E 		.word	1041194025
 8463 001c 9A99993E 		.word	1050253722
 8464 0020 3333733F 		.word	1064514355
 8465 0024 295C0F3E 		.word	1041194025
 8466              		.global	hw
 8467              		.section	.rodata.hw,"a"
 8468              		.align	2
 8471              	hw:
 8472 0000 68       		.byte	104
 8473 0001 00       		.space	1
 8474 0002 0004     		.short	1024
 8475 0004 76       		.byte	118
 8476 0005 00       		.space	1
 8477 0006 5401     		.short	340
 8478 0008 F7FD     		.short	-521
 8479 000a 0001     		.short	256
ARM GAS  C:\Users\FASCIN~1\AppData\Local\Temp\ccNBUjvk.s 			page 233


 8480              		.global	reg
 8481              		.section	.rodata.reg,"a"
 8482              		.align	2
 8485              	reg:
 8486 0000 75       		.byte	117
 8487 0001 19       		.byte	25
 8488 0002 1A       		.byte	26
 8489 0003 0C       		.byte	12
 8490 0004 6A       		.byte	106
 8491 0005 23       		.byte	35
 8492 0006 1B       		.byte	27
 8493 0007 1C       		.byte	28
 8494 0008 1F       		.byte	31
 8495 0009 20       		.byte	32
 8496 000a 72       		.byte	114
 8497 000b 74       		.byte	116
 8498 000c 43       		.byte	67
 8499 000d 3B       		.byte	59
 8500 000e 41       		.byte	65
 8501 000f 38       		.byte	56
 8502 0010 39       		.byte	57
 8503 0011 3A       		.byte	58
 8504 0012 6B       		.byte	107
 8505 0013 6C       		.byte	108
 8506 0014 37       		.byte	55
 8507 0015 6F       		.byte	111
 8508 0016 06       		.byte	6
 8509 0017 24       		.byte	36
 8510 0018 6D       		.byte	109
 8511 0019 6E       		.byte	110
 8512 001a 70       		.byte	112
 8513              		.text
 8514              	.Letext0:
 8515              		.file 2 "D:/Application/Work/MSYS2/ucrt64/arm-none-eabi/include/machine/_default_types.h"
 8516              		.file 3 "D:/Application/Work/MSYS2/ucrt64/lib/gcc/arm-none-eabi/13.3.0/include/stddef.h"
 8517              		.file 4 "D:/Application/Work/MSYS2/ucrt64/arm-none-eabi/include/sys/_stdint.h"
 8518              		.file 5 "D:/Application/Work/MSYS2/ucrt64/arm-none-eabi/include/math.h"
 8519              		.file 6 "Modules/mpu6050/inv_mpu_dmp_motion_driver.h"
 8520              		.file 7 "D:/Application/Work/MSYS2/ucrt64/arm-none-eabi/include/string.h"
 8521              		.file 8 "Modules/mpu6050/mpu6050.h"
 8522              		.file 9 "D:/Application/Work/MSYS2/ucrt64/arm-none-eabi/include/stdio.h"
 8523              		.file 10 "Modules/mpu6050/IIC.h"
 8524              		.file 11 "Drivers/STM32F1xx_HAL_Driver/Inc/stm32f1xx_hal.h"
 8525              		.file 12 "<built-in>"
ARM GAS  C:\Users\FASCIN~1\AppData\Local\Temp\ccNBUjvk.s 			page 234


DEFINED SYMBOLS
                            *ABS*:00000000 inv_mpu.c
C:\Users\FASCIN~1\AppData\Local\Temp\ccNBUjvk.s:20     .text.get_accel_prod_shift:00000000 $t
C:\Users\FASCIN~1\AppData\Local\Temp\ccNBUjvk.s:25     .text.get_accel_prod_shift:00000000 get_accel_prod_shift
C:\Users\FASCIN~1\AppData\Local\Temp\ccNBUjvk.s:182    .text.get_accel_prod_shift:000000b8 $d
C:\Users\FASCIN~1\AppData\Local\Temp\ccNBUjvk.s:8439   .data.st:00000000 st
C:\Users\FASCIN~1\AppData\Local\Temp\ccNBUjvk.s:195    .text.accel_self_test:00000000 $t
C:\Users\FASCIN~1\AppData\Local\Temp\ccNBUjvk.s:200    .text.accel_self_test:00000000 accel_self_test
C:\Users\FASCIN~1\AppData\Local\Temp\ccNBUjvk.s:348    .text.accel_self_test:0000009c $d
C:\Users\FASCIN~1\AppData\Local\Temp\ccNBUjvk.s:355    .text.gyro_self_test:00000000 $t
C:\Users\FASCIN~1\AppData\Local\Temp\ccNBUjvk.s:360    .text.gyro_self_test:00000000 gyro_self_test
C:\Users\FASCIN~1\AppData\Local\Temp\ccNBUjvk.s:562    .text.gyro_self_test:000000e8 $d
C:\Users\FASCIN~1\AppData\Local\Temp\ccNBUjvk.s:572    .text.set_int_enable:00000000 $t
C:\Users\FASCIN~1\AppData\Local\Temp\ccNBUjvk.s:577    .text.set_int_enable:00000000 set_int_enable
C:\Users\FASCIN~1\AppData\Local\Temp\ccNBUjvk.s:719    .text.set_int_enable:00000094 $d
C:\Users\FASCIN~1\AppData\Local\Temp\ccNBUjvk.s:725    .text.get_st_biases:00000000 $t
C:\Users\FASCIN~1\AppData\Local\Temp\ccNBUjvk.s:730    .text.get_st_biases:00000000 get_st_biases
C:\Users\FASCIN~1\AppData\Local\Temp\ccNBUjvk.s:1151   .text.get_st_biases:0000022c $d
C:\Users\FASCIN~1\AppData\Local\Temp\ccNBUjvk.s:1158   .text.get_st_biases:00000234 $t
C:\Users\FASCIN~1\AppData\Local\Temp\ccNBUjvk.s:1517   .text.get_st_biases:00000424 $d
C:\Users\FASCIN~1\AppData\Local\Temp\ccNBUjvk.s:1522   .rodata.mpu_reg_dump.str1.4:00000000 $d
C:\Users\FASCIN~1\AppData\Local\Temp\ccNBUjvk.s:1526   .text.mpu_reg_dump:00000000 $t
C:\Users\FASCIN~1\AppData\Local\Temp\ccNBUjvk.s:1532   .text.mpu_reg_dump:00000000 mpu_reg_dump
C:\Users\FASCIN~1\AppData\Local\Temp\ccNBUjvk.s:1624   .text.mpu_reg_dump:00000050 $d
C:\Users\FASCIN~1\AppData\Local\Temp\ccNBUjvk.s:1630   .text.mpu_read_reg:00000000 $t
C:\Users\FASCIN~1\AppData\Local\Temp\ccNBUjvk.s:1636   .text.mpu_read_reg:00000000 mpu_read_reg
C:\Users\FASCIN~1\AppData\Local\Temp\ccNBUjvk.s:1719   .text.mpu_read_reg:0000003c $d
C:\Users\FASCIN~1\AppData\Local\Temp\ccNBUjvk.s:1724   .text.mpu_get_gyro_reg:00000000 $t
C:\Users\FASCIN~1\AppData\Local\Temp\ccNBUjvk.s:1730   .text.mpu_get_gyro_reg:00000000 mpu_get_gyro_reg
C:\Users\FASCIN~1\AppData\Local\Temp\ccNBUjvk.s:1831   .text.mpu_get_gyro_reg:00000060 $d
C:\Users\FASCIN~1\AppData\Local\Temp\ccNBUjvk.s:1836   .text.mpu_get_accel_reg:00000000 $t
C:\Users\FASCIN~1\AppData\Local\Temp\ccNBUjvk.s:1842   .text.mpu_get_accel_reg:00000000 mpu_get_accel_reg
C:\Users\FASCIN~1\AppData\Local\Temp\ccNBUjvk.s:1943   .text.mpu_get_accel_reg:00000060 $d
C:\Users\FASCIN~1\AppData\Local\Temp\ccNBUjvk.s:1950   .text.mpu_get_temperature:00000000 $t
C:\Users\FASCIN~1\AppData\Local\Temp\ccNBUjvk.s:1956   .text.mpu_get_temperature:00000000 mpu_get_temperature
C:\Users\FASCIN~1\AppData\Local\Temp\ccNBUjvk.s:2094   .text.mpu_get_temperature:00000080 $d
C:\Users\FASCIN~1\AppData\Local\Temp\ccNBUjvk.s:2100   .text.mpu_set_accel_bias:00000000 $t
C:\Users\FASCIN~1\AppData\Local\Temp\ccNBUjvk.s:2106   .text.mpu_set_accel_bias:00000000 mpu_set_accel_bias
C:\Users\FASCIN~1\AppData\Local\Temp\ccNBUjvk.s:2375   .text.mpu_set_accel_bias:00000148 $d
C:\Users\FASCIN~1\AppData\Local\Temp\ccNBUjvk.s:2380   .text.mpu_reset_fifo:00000000 $t
C:\Users\FASCIN~1\AppData\Local\Temp\ccNBUjvk.s:2386   .text.mpu_reset_fifo:00000000 mpu_reset_fifo
C:\Users\FASCIN~1\AppData\Local\Temp\ccNBUjvk.s:2755   .text.mpu_reset_fifo:000001f4 $d
C:\Users\FASCIN~1\AppData\Local\Temp\ccNBUjvk.s:2760   .text.mpu_get_gyro_fsr:00000000 $t
C:\Users\FASCIN~1\AppData\Local\Temp\ccNBUjvk.s:2766   .text.mpu_get_gyro_fsr:00000000 mpu_get_gyro_fsr
C:\Users\FASCIN~1\AppData\Local\Temp\ccNBUjvk.s:2783   .text.mpu_get_gyro_fsr:0000000c $d
C:\Users\FASCIN~1\AppData\Local\Temp\ccNBUjvk.s:2787   .text.mpu_get_gyro_fsr:00000010 $t
C:\Users\FASCIN~1\AppData\Local\Temp\ccNBUjvk.s:2833   .text.mpu_get_gyro_fsr:00000038 $d
C:\Users\FASCIN~1\AppData\Local\Temp\ccNBUjvk.s:2838   .text.mpu_set_gyro_fsr:00000000 $t
C:\Users\FASCIN~1\AppData\Local\Temp\ccNBUjvk.s:2844   .text.mpu_set_gyro_fsr:00000000 mpu_set_gyro_fsr
C:\Users\FASCIN~1\AppData\Local\Temp\ccNBUjvk.s:2988   .text.mpu_set_gyro_fsr:00000094 $d
C:\Users\FASCIN~1\AppData\Local\Temp\ccNBUjvk.s:2993   .text.mpu_get_accel_fsr:00000000 $t
C:\Users\FASCIN~1\AppData\Local\Temp\ccNBUjvk.s:2999   .text.mpu_get_accel_fsr:00000000 mpu_get_accel_fsr
C:\Users\FASCIN~1\AppData\Local\Temp\ccNBUjvk.s:3016   .text.mpu_get_accel_fsr:0000000c $d
C:\Users\FASCIN~1\AppData\Local\Temp\ccNBUjvk.s:3020   .text.mpu_get_accel_fsr:00000010 $t
C:\Users\FASCIN~1\AppData\Local\Temp\ccNBUjvk.s:3083   .text.mpu_get_accel_fsr:00000040 $d
C:\Users\FASCIN~1\AppData\Local\Temp\ccNBUjvk.s:3088   .text.mpu_set_accel_fsr:00000000 $t
C:\Users\FASCIN~1\AppData\Local\Temp\ccNBUjvk.s:3094   .text.mpu_set_accel_fsr:00000000 mpu_set_accel_fsr
ARM GAS  C:\Users\FASCIN~1\AppData\Local\Temp\ccNBUjvk.s 			page 235


C:\Users\FASCIN~1\AppData\Local\Temp\ccNBUjvk.s:3125   .text.mpu_set_accel_fsr:00000016 $d
C:\Users\FASCIN~1\AppData\Local\Temp\ccNBUjvk.s:3240   .text.mpu_set_accel_fsr:00000090 $d
C:\Users\FASCIN~1\AppData\Local\Temp\ccNBUjvk.s:3245   .text.mpu_get_lpf:00000000 $t
C:\Users\FASCIN~1\AppData\Local\Temp\ccNBUjvk.s:3251   .text.mpu_get_lpf:00000000 mpu_get_lpf
C:\Users\FASCIN~1\AppData\Local\Temp\ccNBUjvk.s:3269   .text.mpu_get_lpf:0000000e $d
C:\Users\FASCIN~1\AppData\Local\Temp\ccNBUjvk.s:3275   .text.mpu_get_lpf:00000014 $t
C:\Users\FASCIN~1\AppData\Local\Temp\ccNBUjvk.s:3335   .text.mpu_get_lpf:00000040 $d
C:\Users\FASCIN~1\AppData\Local\Temp\ccNBUjvk.s:3340   .text.mpu_set_lpf:00000000 $t
C:\Users\FASCIN~1\AppData\Local\Temp\ccNBUjvk.s:3346   .text.mpu_set_lpf:00000000 mpu_set_lpf
C:\Users\FASCIN~1\AppData\Local\Temp\ccNBUjvk.s:3492   .text.mpu_set_lpf:00000090 $d
C:\Users\FASCIN~1\AppData\Local\Temp\ccNBUjvk.s:3497   .text.mpu_get_sample_rate:00000000 $t
C:\Users\FASCIN~1\AppData\Local\Temp\ccNBUjvk.s:3503   .text.mpu_get_sample_rate:00000000 mpu_get_sample_rate
C:\Users\FASCIN~1\AppData\Local\Temp\ccNBUjvk.s:3539   .text.mpu_get_sample_rate:00000018 $d
C:\Users\FASCIN~1\AppData\Local\Temp\ccNBUjvk.s:3544   .text.mpu_get_compass_sample_rate:00000000 $t
C:\Users\FASCIN~1\AppData\Local\Temp\ccNBUjvk.s:3550   .text.mpu_get_compass_sample_rate:00000000 mpu_get_compass_sample_rate
C:\Users\FASCIN~1\AppData\Local\Temp\ccNBUjvk.s:3572   .text.mpu_set_compass_sample_rate:00000000 $t
C:\Users\FASCIN~1\AppData\Local\Temp\ccNBUjvk.s:3578   .text.mpu_set_compass_sample_rate:00000000 mpu_set_compass_sample_rate
C:\Users\FASCIN~1\AppData\Local\Temp\ccNBUjvk.s:3596   .text.mpu_get_gyro_sens:00000000 $t
C:\Users\FASCIN~1\AppData\Local\Temp\ccNBUjvk.s:3602   .text.mpu_get_gyro_sens:00000000 mpu_get_gyro_sens
C:\Users\FASCIN~1\AppData\Local\Temp\ccNBUjvk.s:3619   .text.mpu_get_gyro_sens:0000000c $d
C:\Users\FASCIN~1\AppData\Local\Temp\ccNBUjvk.s:3623   .text.mpu_get_gyro_sens:00000010 $t
C:\Users\FASCIN~1\AppData\Local\Temp\ccNBUjvk.s:3681   .text.mpu_get_gyro_sens:00000038 $d
C:\Users\FASCIN~1\AppData\Local\Temp\ccNBUjvk.s:3690   .text.mpu_get_accel_sens:00000000 $t
C:\Users\FASCIN~1\AppData\Local\Temp\ccNBUjvk.s:3696   .text.mpu_get_accel_sens:00000000 mpu_get_accel_sens
C:\Users\FASCIN~1\AppData\Local\Temp\ccNBUjvk.s:3713   .text.mpu_get_accel_sens:0000000c $d
C:\Users\FASCIN~1\AppData\Local\Temp\ccNBUjvk.s:3717   .text.mpu_get_accel_sens:00000010 $t
C:\Users\FASCIN~1\AppData\Local\Temp\ccNBUjvk.s:3780   .text.mpu_get_accel_sens:00000048 $d
C:\Users\FASCIN~1\AppData\Local\Temp\ccNBUjvk.s:3785   .text.mpu_get_fifo_config:00000000 $t
C:\Users\FASCIN~1\AppData\Local\Temp\ccNBUjvk.s:3791   .text.mpu_get_fifo_config:00000000 mpu_get_fifo_config
C:\Users\FASCIN~1\AppData\Local\Temp\ccNBUjvk.s:3814   .text.mpu_get_fifo_config:0000000c $d
C:\Users\FASCIN~1\AppData\Local\Temp\ccNBUjvk.s:3819   .text.mpu_configure_fifo:00000000 $t
C:\Users\FASCIN~1\AppData\Local\Temp\ccNBUjvk.s:3825   .text.mpu_configure_fifo:00000000 mpu_configure_fifo
C:\Users\FASCIN~1\AppData\Local\Temp\ccNBUjvk.s:3938   .text.mpu_configure_fifo:00000060 $d
C:\Users\FASCIN~1\AppData\Local\Temp\ccNBUjvk.s:3943   .text.mpu_get_power_state:00000000 $t
C:\Users\FASCIN~1\AppData\Local\Temp\ccNBUjvk.s:3949   .text.mpu_get_power_state:00000000 mpu_get_power_state
C:\Users\FASCIN~1\AppData\Local\Temp\ccNBUjvk.s:3984   .text.mpu_get_power_state:00000014 $d
C:\Users\FASCIN~1\AppData\Local\Temp\ccNBUjvk.s:3989   .text.mpu_get_int_status:00000000 $t
C:\Users\FASCIN~1\AppData\Local\Temp\ccNBUjvk.s:3995   .text.mpu_get_int_status:00000000 mpu_get_int_status
C:\Users\FASCIN~1\AppData\Local\Temp\ccNBUjvk.s:4075   .text.mpu_get_int_status:00000040 $d
C:\Users\FASCIN~1\AppData\Local\Temp\ccNBUjvk.s:4080   .text.mpu_read_fifo:00000000 $t
C:\Users\FASCIN~1\AppData\Local\Temp\ccNBUjvk.s:4086   .text.mpu_read_fifo:00000000 mpu_read_fifo
C:\Users\FASCIN~1\AppData\Local\Temp\ccNBUjvk.s:4514   .text.mpu_read_fifo:000001fc $d
C:\Users\FASCIN~1\AppData\Local\Temp\ccNBUjvk.s:4519   .text.mpu_read_fifo_stream:00000000 $t
C:\Users\FASCIN~1\AppData\Local\Temp\ccNBUjvk.s:4525   .text.mpu_read_fifo_stream:00000000 mpu_read_fifo_stream
C:\Users\FASCIN~1\AppData\Local\Temp\ccNBUjvk.s:4722   .text.mpu_read_fifo_stream:000000bc $d
C:\Users\FASCIN~1\AppData\Local\Temp\ccNBUjvk.s:4727   .text.mpu_set_bypass:00000000 $t
C:\Users\FASCIN~1\AppData\Local\Temp\ccNBUjvk.s:4733   .text.mpu_set_bypass:00000000 mpu_set_bypass
C:\Users\FASCIN~1\AppData\Local\Temp\ccNBUjvk.s:5010   .text.mpu_set_bypass:00000164 $d
C:\Users\FASCIN~1\AppData\Local\Temp\ccNBUjvk.s:5015   .text.mpu_set_int_level:00000000 $t
C:\Users\FASCIN~1\AppData\Local\Temp\ccNBUjvk.s:5021   .text.mpu_set_int_level:00000000 mpu_set_int_level
C:\Users\FASCIN~1\AppData\Local\Temp\ccNBUjvk.s:5042   .text.mpu_set_int_level:0000000c $d
C:\Users\FASCIN~1\AppData\Local\Temp\ccNBUjvk.s:5047   .text.mpu_set_int_latched:00000000 $t
C:\Users\FASCIN~1\AppData\Local\Temp\ccNBUjvk.s:5053   .text.mpu_set_int_latched:00000000 mpu_set_int_latched
C:\Users\FASCIN~1\AppData\Local\Temp\ccNBUjvk.s:5169   .text.mpu_set_int_latched:00000070 $d
C:\Users\FASCIN~1\AppData\Local\Temp\ccNBUjvk.s:5174   .text.mpu_lp_accel_mode:00000000 $t
C:\Users\FASCIN~1\AppData\Local\Temp\ccNBUjvk.s:5180   .text.mpu_lp_accel_mode:00000000 mpu_lp_accel_mode
C:\Users\FASCIN~1\AppData\Local\Temp\ccNBUjvk.s:5386   .text.mpu_lp_accel_mode:000000d8 $d
ARM GAS  C:\Users\FASCIN~1\AppData\Local\Temp\ccNBUjvk.s 			page 236


C:\Users\FASCIN~1\AppData\Local\Temp\ccNBUjvk.s:5391   .text.mpu_set_sample_rate:00000000 $t
C:\Users\FASCIN~1\AppData\Local\Temp\ccNBUjvk.s:5397   .text.mpu_set_sample_rate:00000000 mpu_set_sample_rate
C:\Users\FASCIN~1\AppData\Local\Temp\ccNBUjvk.s:5555   .text.mpu_set_sample_rate:0000009c $d
C:\Users\FASCIN~1\AppData\Local\Temp\ccNBUjvk.s:5560   .text.mpu_set_sensors:00000000 $t
C:\Users\FASCIN~1\AppData\Local\Temp\ccNBUjvk.s:5566   .text.mpu_set_sensors:00000000 mpu_set_sensors
C:\Users\FASCIN~1\AppData\Local\Temp\ccNBUjvk.s:5755   .text.mpu_set_sensors:000000e0 $d
C:\Users\FASCIN~1\AppData\Local\Temp\ccNBUjvk.s:5760   .rodata.mpu_init.str1.4:00000000 $d
C:\Users\FASCIN~1\AppData\Local\Temp\ccNBUjvk.s:5771   .text.mpu_init:00000000 $t
C:\Users\FASCIN~1\AppData\Local\Temp\ccNBUjvk.s:5777   .text.mpu_init:00000000 mpu_init
C:\Users\FASCIN~1\AppData\Local\Temp\ccNBUjvk.s:6131   .text.mpu_init:000001a8 $d
C:\Users\FASCIN~1\AppData\Local\Temp\ccNBUjvk.s:6139   .text.mpu_write_mem:00000000 $t
C:\Users\FASCIN~1\AppData\Local\Temp\ccNBUjvk.s:6145   .text.mpu_write_mem:00000000 mpu_write_mem
C:\Users\FASCIN~1\AppData\Local\Temp\ccNBUjvk.s:6277   .text.mpu_write_mem:00000070 $d
C:\Users\FASCIN~1\AppData\Local\Temp\ccNBUjvk.s:6282   .text.mpu_read_mem:00000000 $t
C:\Users\FASCIN~1\AppData\Local\Temp\ccNBUjvk.s:6288   .text.mpu_read_mem:00000000 mpu_read_mem
C:\Users\FASCIN~1\AppData\Local\Temp\ccNBUjvk.s:6420   .text.mpu_read_mem:00000070 $d
C:\Users\FASCIN~1\AppData\Local\Temp\ccNBUjvk.s:6425   .text.mpu_load_firmware:00000000 $t
C:\Users\FASCIN~1\AppData\Local\Temp\ccNBUjvk.s:6431   .text.mpu_load_firmware:00000000 mpu_load_firmware
C:\Users\FASCIN~1\AppData\Local\Temp\ccNBUjvk.s:6606   .text.mpu_load_firmware:000000b0 $d
C:\Users\FASCIN~1\AppData\Local\Temp\ccNBUjvk.s:6611   .text.mpu_set_dmp_state:00000000 $t
C:\Users\FASCIN~1\AppData\Local\Temp\ccNBUjvk.s:6617   .text.mpu_set_dmp_state:00000000 mpu_set_dmp_state
C:\Users\FASCIN~1\AppData\Local\Temp\ccNBUjvk.s:6764   .text.mpu_set_dmp_state:00000090 $d
C:\Users\FASCIN~1\AppData\Local\Temp\ccNBUjvk.s:6769   .text.mpu_run_self_test:00000000 $t
C:\Users\FASCIN~1\AppData\Local\Temp\ccNBUjvk.s:6775   .text.mpu_run_self_test:00000000 mpu_run_self_test
C:\Users\FASCIN~1\AppData\Local\Temp\ccNBUjvk.s:7033   .text.mpu_run_self_test:00000100 $d
C:\Users\FASCIN~1\AppData\Local\Temp\ccNBUjvk.s:7038   .text.mpu_get_dmp_state:00000000 $t
C:\Users\FASCIN~1\AppData\Local\Temp\ccNBUjvk.s:7044   .text.mpu_get_dmp_state:00000000 mpu_get_dmp_state
C:\Users\FASCIN~1\AppData\Local\Temp\ccNBUjvk.s:7067   .text.mpu_get_dmp_state:0000000c $d
C:\Users\FASCIN~1\AppData\Local\Temp\ccNBUjvk.s:7072   .text.setup_compass:00000000 $t
C:\Users\FASCIN~1\AppData\Local\Temp\ccNBUjvk.s:7078   .text.setup_compass:00000000 setup_compass
C:\Users\FASCIN~1\AppData\Local\Temp\ccNBUjvk.s:7093   .text.mpu_get_compass_reg:00000000 $t
C:\Users\FASCIN~1\AppData\Local\Temp\ccNBUjvk.s:7099   .text.mpu_get_compass_reg:00000000 mpu_get_compass_reg
C:\Users\FASCIN~1\AppData\Local\Temp\ccNBUjvk.s:7117   .text.mpu_get_compass_fsr:00000000 $t
C:\Users\FASCIN~1\AppData\Local\Temp\ccNBUjvk.s:7123   .text.mpu_get_compass_fsr:00000000 mpu_get_compass_fsr
C:\Users\FASCIN~1\AppData\Local\Temp\ccNBUjvk.s:7141   .text.mpu_lp_motion_interrupt:00000000 $t
C:\Users\FASCIN~1\AppData\Local\Temp\ccNBUjvk.s:7147   .text.mpu_lp_motion_interrupt:00000000 mpu_lp_motion_interrupt
C:\Users\FASCIN~1\AppData\Local\Temp\ccNBUjvk.s:7575   .text.mpu_lp_motion_interrupt:000001e0 $d
C:\Users\FASCIN~1\AppData\Local\Temp\ccNBUjvk.s:7582   .text.run_self_test:00000000 $t
C:\Users\FASCIN~1\AppData\Local\Temp\ccNBUjvk.s:7588   .text.run_self_test:00000000 run_self_test
C:\Users\FASCIN~1\AppData\Local\Temp\ccNBUjvk.s:7717   .text.inv_row_2_scale:00000000 $t
C:\Users\FASCIN~1\AppData\Local\Temp\ccNBUjvk.s:7723   .text.inv_row_2_scale:00000000 inv_row_2_scale
C:\Users\FASCIN~1\AppData\Local\Temp\ccNBUjvk.s:7811   .text.inv_orientation_matrix_to_scalar:00000000 $t
C:\Users\FASCIN~1\AppData\Local\Temp\ccNBUjvk.s:7817   .text.inv_orientation_matrix_to_scalar:00000000 inv_orientation_matrix_to_scalar
C:\Users\FASCIN~1\AppData\Local\Temp\ccNBUjvk.s:7870   .text.mget_ms:00000000 $t
C:\Users\FASCIN~1\AppData\Local\Temp\ccNBUjvk.s:7876   .text.mget_ms:00000000 mget_ms
C:\Users\FASCIN~1\AppData\Local\Temp\ccNBUjvk.s:7890   .text.mpu_dmp_init:00000000 $t
C:\Users\FASCIN~1\AppData\Local\Temp\ccNBUjvk.s:7896   .text.mpu_dmp_init:00000000 mpu_dmp_init
C:\Users\FASCIN~1\AppData\Local\Temp\ccNBUjvk.s:8083   .text.mpu_dmp_init:000000a0 $d
C:\Users\FASCIN~1\AppData\Local\Temp\ccNBUjvk.s:8433   .data.gyro_orientation:00000000 gyro_orientation
C:\Users\FASCIN~1\AppData\Local\Temp\ccNBUjvk.s:8091   .text.mpu_dmp_get_data:00000000 $t
C:\Users\FASCIN~1\AppData\Local\Temp\ccNBUjvk.s:8097   .text.mpu_dmp_get_data:00000000 mpu_dmp_get_data
C:\Users\FASCIN~1\AppData\Local\Temp\ccNBUjvk.s:8424   .text.mpu_dmp_get_data:000001c0 $d
C:\Users\FASCIN~1\AppData\Local\Temp\ccNBUjvk.s:8430   .data.gyro_orientation:00000000 $d
C:\Users\FASCIN~1\AppData\Local\Temp\ccNBUjvk.s:8436   .data.st:00000000 $d
C:\Users\FASCIN~1\AppData\Local\Temp\ccNBUjvk.s:8485   .rodata.reg:00000000 reg
C:\Users\FASCIN~1\AppData\Local\Temp\ccNBUjvk.s:8471   .rodata.hw:00000000 hw
C:\Users\FASCIN~1\AppData\Local\Temp\ccNBUjvk.s:8450   .rodata.test:00000000 test
ARM GAS  C:\Users\FASCIN~1\AppData\Local\Temp\ccNBUjvk.s 			page 237


C:\Users\FASCIN~1\AppData\Local\Temp\ccNBUjvk.s:8447   .rodata.test:00000000 $d
C:\Users\FASCIN~1\AppData\Local\Temp\ccNBUjvk.s:8468   .rodata.hw:00000000 $d
C:\Users\FASCIN~1\AppData\Local\Temp\ccNBUjvk.s:8482   .rodata.reg:00000000 $d
C:\Users\FASCIN~1\AppData\Local\Temp\ccNBUjvk.s:3140   .text.mpu_set_accel_fsr:00000025 $d
C:\Users\FASCIN~1\AppData\Local\Temp\ccNBUjvk.s:3140   .text.mpu_set_accel_fsr:00000026 $t

UNDEFINED SYMBOLS
__aeabi_fmul
MPU_Read_Len
__aeabi_i2f
__aeabi_fcmpeq
__aeabi_fdiv
__aeabi_fsub
__aeabi_fcmpgt
__aeabi_fcmplt
MPU_Write_Len
__aeabi_ldivmod
HAL_Delay
printf
__aeabi_fadd
__aeabi_f2iz
puts
memcmp
dmp_set_gyro_bias
dmp_set_accel_bias
IIC_GPIO_Init
dmp_load_motion_driver_firmware
dmp_set_orientation
dmp_enable_feature
dmp_set_fifo_rate
__aeabi_f2d
__aeabi_dmul
__aeabi_d2f
dmp_read_fifo
asin
atan2
